img_fName,img_w,img_h,bbx_xtl,bbx_ytl,bbx_xbr,bbx_ybr,class_label
train_00005.jpeg,1152,2560,197,798,1058,1551,albopictus
train_00007.jpeg,2128,4608,248,728,2049,1992,albopictus
train_00008.jpeg,4000,2250,1768,899,2414,1591,albopictus
train_00012.jpeg,3024,4032,131,1420,2146,2814,culex
train_00017.jpeg,768,1024,284,461,453,698,culex
train_00018.jpeg,1024,1820,576,754,801,1143,culiseta
train_00020.jpeg,4032,2268,2227,786,2600,1458,albopictus
train_00025.jpeg,996,995,427,333,628,520,albopictus
train_00026.jpeg,828,1792,342,760,565,1068,culex
train_00028.jpeg,1024,1365,432,576,594,734,culex
train_00031.jpeg,3024,4032,1196,1162,1803,2060,culex
train_00032.jpeg,3024,4032,410,767,2233,2464,japonicus-koreicus
train_00033.jpeg,3024,4032,869,1017,2019,2588,japonicus-koreicus
train_00036.jpeg,2448,3264,546,1233,1487,2302,albopictus
train_00039.jpeg,2992,4000,204,1917,2164,3891,albopictus
train_00040.jpeg,804,780,273,264,556,472,albopictus
train_00047.jpeg,271,362,39,9,235,329,albopictus
train_00054.jpeg,1024,1365,255,404,470,638,culex
train_00057.jpeg,768,1024,148,40,768,940,culiseta
train_00058.jpeg,2268,4032,702,1640,1698,2345,culex
train_00059.jpeg,768,1024,288,476,400,590,culex
train_00070.jpeg,1600,1200,649,259,1115,819,culiseta
train_00073.jpeg,2448,3264,759,918,1799,1967,albopictus
train_00075.jpeg,1365,1024,246,299,1051,894,culiseta
train_00077.jpeg,2268,4032,539,1611,1264,2358,culex
train_00079.jpeg,2241,1734,613,625,1342,1274,albopictus
train_00081.jpeg,2448,3264,659,1005,1459,1800,albopictus
train_00094.jpeg,768,1024,300,520,395,642,culex
train_00100.jpeg,5312,3984,2974,1856,3421,2242,albopictus
train_00104.jpeg,768,1024,302,540,422,646,albopictus
train_00112.jpeg,3024,4032,188,879,2315,3004,japonicus-koreicus
train_00115.jpeg,1908,4032,392,1534,1120,2463,culex
train_00121.jpeg,3024,4032,638,930,1873,2397,albopictus
train_00126.jpeg,1024,1368,46,396,895,960,culex
train_00128.jpeg,1365,1024,362,308,540,446,culex
train_00135.jpeg,3024,4032,1188,1426,1943,2290,albopictus
train_00141.jpeg,576,1024,200,494,441,709,culex
train_00143.jpeg,3840,5120,970,593,3165,3353,culiseta
train_00153.jpeg,768,1024,82,54,724,501,culex
train_00155.jpeg,3024,4032,1145,1638,1651,2260,culex
train_00159.jpeg,1627,1545,137,378,1493,1292,culex
train_00164.jpeg,893,848,346,244,592,661,culex
train_00166.jpeg,2250,4000,559,1473,1403,2358,culiseta
train_00171.jpeg,1365,1024,302,133,865,789,culex
train_00173.jpeg,2666,1501,934,404,1748,1073,albopictus
train_00174.jpeg,3000,4000,1215,1979,1855,2419,culex
train_00175.jpeg,2604,4624,626,1408,1540,2447,albopictus
train_00177.jpeg,768,1024,256,316,476,543,culex
train_00181.jpeg,1024,1367,256,643,552,926,culiseta
train_00182.jpeg,1298,1179,377,282,996,725,culex
train_00183.jpeg,1024,1365,33,306,987,922,culex
train_00187.jpeg,3000,4000,181,1072,2602,3311,albopictus
train_00189.jpeg,3024,4032,848,1402,1617,2111,culiseta
train_00196.jpeg,4000,3000,2711,1309,3092,1716,albopictus
train_00201.jpeg,1024,1365,337,1002,628,1212,japonicus-koreicus
train_00207.jpeg,1932,2576,746,928,1215,1414,albopictus
train_00224.jpeg,768,1024,317,540,443,651,albopictus
train_00229.jpeg,3024,4032,1137,1948,1609,2470,albopictus
train_00232.jpeg,1285,1288,143,303,957,957,albopictus
train_00242.jpeg,4032,3024,394,205,2381,2069,culex
train_00247.jpeg,640,1136,310,382,494,661,albopictus
train_00248.jpeg,491,510,145,74,442,447,albopictus
train_00250.jpeg,768,1024,260,420,397,572,culex
train_00255.jpeg,1365,1024,365,314,926,824,culex
train_00258.jpeg,2240,3968,754,1488,1155,1941,albopictus
train_00259.jpeg,3024,4032,784,1913,1511,2521,culex
train_00261.jpeg,1024,1818,348,702,758,1044,japonicus-koreicus
train_00264.jpeg,1024,1820,524,532,701,739,albopictus
train_00265.jpeg,1365,1024,602,145,997,510,culex
train_00276.jpeg,3120,4160,878,2894,1361,3521,culex
train_00279.jpeg,3024,4032,1063,1593,1532,2347,albopictus
train_00281.jpeg,3024,4032,929,1229,1812,2592,culex
train_00284.jpeg,3024,4032,922,1314,1460,1767,culex
train_00287.jpeg,3000,4000,1094,1938,1879,2722,culex
train_00300.jpeg,3024,4032,632,669,2126,2905,culiseta
train_00307.jpeg,768,1024,333,424,487,537,culex
train_00308.jpeg,768,1024,362,407,467,510,culex
train_00310.jpeg,768,1024,183,635,317,775,albopictus
train_00312.jpeg,768,1024,393,369,496,515,culex
train_00313.jpeg,768,1024,231,352,581,577,culiseta
train_00321.jpeg,1024,1365,436,741,566,868,culex
train_00324.jpeg,3024,3024,660,1283,1519,2242,culex
train_00330.jpeg,5616,2808,1889,447,2957,1885,albopictus
train_00337.jpeg,1024,2219,49,271,874,1257,culex
train_00342.jpeg,2131,2013,862,776,1575,1307,culex
train_00344.jpeg,768,1024,333,505,493,628,culex
train_00349.jpeg,4000,1846,1873,658,2360,1117,albopictus
train_00351.jpeg,4000,3000,641,863,3366,2550,culex
train_00354.jpeg,3024,3024,1314,1218,1666,1540,culex
train_00356.jpeg,3024,4032,973,935,2005,2919,japonicus-koreicus
train_00359.jpeg,1818,1819,681,668,1012,970,albopictus
train_00361.jpeg,2217,1024,728,178,1629,691,albopictus
train_00372.jpeg,3120,4160,1566,1874,2110,2674,albopictus
train_00375.jpeg,4032,3024,1937,1338,2249,1679,albopictus
train_00378.jpeg,3000,4000,1024,1887,1606,2548,culex
train_00382.jpeg,1800,4000,639,1843,927,2164,japonicus-koreicus
train_00384.jpeg,1024,1820,61,840,789,1736,culex
train_00390.jpeg,1024,1365,399,529,560,654,culex
train_00396.jpeg,1968,2293,324,481,651,866,albopictus
train_00398.jpeg,1408,2130,551,800,937,1225,albopictus
train_00399.jpeg,1200,1600,442,602,695,876,culex
train_00400.jpeg,1944,2592,587,318,1624,1529,culex
train_00403.jpeg,3024,4032,1074,1706,1985,2667,culex
train_00404.jpeg,768,1024,59,64,592,618,culex
train_00408.jpeg,3000,4000,1159,2158,1506,2542,culex
train_00410.jpeg,4128,3096,1020,920,3457,2020,culex
train_00412.jpeg,1024,1820,535,960,748,1179,culex
train_00413.jpeg,1836,3264,510,1557,928,2051,albopictus
train_00417.jpeg,980,1046,280,208,851,823,albopictus
train_00419.jpeg,1357,1198,444,447,808,841,culex
train_00420.jpeg,2163,1024,1013,316,1465,670,culex
train_00423.jpeg,1200,1600,359,623,776,944,albopictus
train_00426.jpeg,3096,4128,862,1143,2280,2758,culex
train_00427.jpeg,3024,4032,891,1468,2476,3040,albopictus
train_00431.jpeg,1024,1365,220,294,340,460,albopictus
train_00432.jpeg,1080,1885,38,709,1064,1855,albopictus
train_00433.jpeg,1298,1661,559,730,832,1129,albopictus
train_00434.jpeg,1038,974,408,338,700,655,albopictus
train_00435.jpeg,629,924,74,224,589,906,albopictus
train_00436.jpeg,1024,1365,385,497,591,653,culex
train_00438.jpeg,768,1024,140,496,613,995,culex
train_00446.jpeg,1125,1328,63,280,853,1126,albopictus
train_00447.jpeg,3052,2531,1353,1448,1919,2075,albopictus
train_00449.jpeg,1600,1200,614,524,987,874,japonicus-koreicus
train_00457.jpeg,768,1024,381,205,471,295,albopictus
train_00458.jpeg,768,1024,195,172,673,864,culex
train_00473.jpeg,1200,1600,358,433,676,641,albopictus
train_00479.jpeg,1920,2560,901,1182,1132,1474,albopictus
train_00482.jpeg,450,455,124,97,357,401,albopictus
train_00483.jpeg,2752,5664,1189,2584,1817,3255,albopictus
train_00488.jpeg,1020,1317,437,503,686,834,albopictus
train_00490.jpeg,1024,1024,230,209,726,613,culex
train_00492.jpeg,3024,4032,1141,1581,2042,3034,albopictus
train_00493.jpeg,2592,1458,1201,473,1629,900,albopictus
train_00501.jpeg,1944,2592,717,1045,1356,2134,culex
train_00504.jpeg,1439,1998,521,948,1120,1702,culex
train_00505.jpeg,1024,1365,408,588,599,750,culex
train_00507.jpeg,3024,4032,803,1748,2076,3040,albopictus
train_00510.jpeg,1844,4000,875,1797,1099,2130,culex
train_00515.jpeg,3264,2448,2027,983,2297,1298,albopictus
train_00518.jpeg,1134,2016,502,746,782,986,culiseta
train_00526.jpeg,1960,4032,599,1727,1034,2216,japonicus-koreicus
train_00529.jpeg,1024,2106,531,815,681,986,albopictus
train_00533.jpeg,2976,3968,1429,804,1813,1205,albopictus
train_00535.jpeg,3000,4000,1296,1830,1706,2305,culex
train_00539.jpeg,3024,4032,688,1402,1046,1817,albopictus
train_00547.jpeg,2074,2425,483,376,1628,1733,culex
train_00566.jpeg,3000,4000,1319,1611,2189,2356,culex
train_00570.jpeg,977,962,207,96,563,588,albopictus
train_00575.jpeg,3024,3024,676,623,2257,2142,albopictus
train_00576.jpeg,3024,4032,1238,2494,1726,3121,albopictus
train_00579.jpeg,765,1024,264,446,413,589,culex
train_00583.jpeg,1360,1405,150,221,1057,1235,aegypti
train_00588.jpeg,1344,2240,400,982,666,1262,albopictus
train_00589.jpeg,768,1024,291,491,440,622,albopictus
train_00593.jpeg,3024,4032,993,1359,1504,2112,culex
train_00594.jpeg,3096,4128,1384,1863,1674,2188,albopictus
train_00596.jpeg,1488,1984,641,934,814,1103,albopictus
train_00599.jpeg,2016,3584,958,827,1387,1197,albopictus
train_00600.jpeg,2448,3264,226,941,1925,2900,albopictus
train_00602.jpeg,1024,1365,374,563,566,736,culiseta
train_00603.jpeg,3016,4032,1169,2344,1799,2934,culex
train_00604.jpeg,3024,4032,887,640,1727,1912,japonicus-koreicus
train_00606.jpeg,1024,1363,402,447,543,616,culex
train_00607.jpeg,828,1792,14,1075,778,1579,albopictus
train_00608.jpeg,3000,4000,371,995,1067,1628,culex
train_00626.jpeg,1042,1072,151,132,731,823,culex
train_00631.jpeg,480,371,187,138,380,324,japonicus-koreicus
train_00634.jpeg,4160,3120,392,792,1996,1853,albopictus
train_00640.jpeg,2250,4000,932,1459,1656,2057,anopheles
train_00642.jpeg,900,1600,269,425,586,733,albopictus
train_00646.jpeg,1200,1599,329,769,688,1031,albopictus
train_00648.jpeg,768,1024,272,419,461,686,culex
train_00649.jpeg,768,1024,223,249,518,528,culex
train_00652.jpeg,1024,1365,331,449,671,875,culex
train_00655.jpeg,3024,4032,1608,1812,2108,2516,albopictus
train_00657.jpeg,3000,4000,1032,1630,1446,2212,albopictus
train_00658.jpeg,3024,4032,808,1486,1942,3018,culex
train_00659.jpeg,1317,1318,319,335,551,577,albopictus
train_00661.jpeg,1024,1365,317,346,550,595,anopheles
train_00664.jpeg,4000,3000,2066,1346,2457,1660,culex
train_00668.jpeg,1936,2592,682,1062,1197,1628,albopictus
train_00669.jpeg,768,1024,76,404,491,789,albopictus
train_00675.jpeg,2448,3264,483,734,1740,2110,albopictus
train_00679.jpeg,2448,3264,735,1004,1601,1806,albopictus
train_00681.jpeg,1932,2576,746,925,1457,1694,culex
train_00683.jpeg,1200,1600,408,808,590,952,culex
train_00685.jpeg,1024,1365,382,462,648,786,culex
train_00690.jpeg,768,1024,101,159,696,856,anopheles
train_00696.jpeg,828,1792,83,682,565,1123,culex
train_00697.jpeg,1299,1006,466,379,811,694,albopictus
train_00707.jpeg,768,1024,266,452,419,612,culex
train_00709.jpeg,768,1024,299,567,399,738,culex
train_00710.jpeg,2272,4608,122,1757,1936,2692,albopictus
train_00718.jpeg,1932,2576,506,906,1253,1390,albopictus
train_00719.jpeg,3120,4160,1232,1937,1532,2428,albopictus
train_00721.jpeg,966,1288,427,528,604,882,culex
train_00722.jpeg,1820,1024,452,361,890,791,albopictus
train_00724.jpeg,1932,2576,729,1456,1015,1767,albopictus
train_00727.jpeg,4032,1908,1380,638,1843,1342,culex
train_00737.jpeg,1024,1365,310,420,747,748,culex
train_00741.jpeg,1987,1728,643,453,1264,1271,albopictus
train_00744.jpeg,1336,1024,367,276,952,873,culiseta
train_00747.jpeg,768,1024,189,326,575,731,culex
train_00748.jpeg,1024,1365,10,103,859,1199,albopictus
train_00751.jpeg,3184,5664,1129,2529,1601,3105,culex
train_00752.jpeg,4000,3000,1286,1541,2192,2154,culex
train_00755.jpeg,3024,4032,1105,1610,1488,2220,culex
train_00757.jpeg,768,1024,392,472,462,563,culex
train_00760.jpeg,4032,3016,1427,606,2194,1444,albopictus
train_00762.jpeg,1600,1200,689,475,958,714,culiseta
train_00765.jpeg,4608,2592,1325,138,2676,2570,albopictus
train_00766.jpeg,2385,2604,17,491,1762,2399,albopictus
train_00767.jpeg,1024,1365,487,744,599,890,culex
train_00769.jpeg,1096,1095,368,410,787,803,albopictus
train_00774.jpeg,2448,3264,1021,1465,1311,1729,albopictus
train_00776.jpeg,768,1024,286,567,422,732,albopictus
train_00779.jpeg,3024,4032,312,247,2322,2446,culiseta
train_00781.jpeg,1024,1365,86,322,621,879,culex
train_00782.jpeg,540,960,66,182,366,662,albopictus
train_00786.jpeg,3024,4032,1063,1214,1909,2096,japonicus-koreicus
train_00787.jpeg,3468,4624,1389,2065,1949,2656,culex
train_00795.jpeg,2304,4608,930,1737,1617,2489,culex
train_00799.jpeg,3072,4080,544,1402,1875,2820,culex
train_00807.jpeg,3000,4000,1106,1510,1727,2276,culex
train_00811.jpeg,3024,4032,905,1087,1794,2324,culex
train_00813.jpeg,2976,3968,1703,1668,2138,2034,albopictus
train_00816.jpeg,3020,4026,443,1061,1758,2760,culex
train_00817.jpeg,2992,4000,1304,1720,1600,1964,albopictus
train_00820.jpeg,3024,4032,797,1515,1894,2383,culex
train_00823.jpeg,3120,4160,1029,1399,1437,2007,culex
train_00826.jpeg,1024,1365,279,552,633,849,culex
train_00831.jpeg,1024,2106,205,915,605,1169,culex
train_00832.jpeg,768,1024,160,446,340,588,culex
train_00834.jpeg,768,1024,310,514,519,729,albopictus
train_00840.jpeg,1063,1174,250,552,689,861,culex
train_00841.jpeg,3024,4032,821,1280,1609,1896,culex
train_00843.jpeg,768,1024,157,435,498,681,culex
train_00844.jpeg,2560,1920,638,518,1466,1183,albopictus
train_00851.jpeg,1024,2219,354,599,763,1011,culex
train_00856.jpeg,517,484,169,173,279,310,albopictus
train_00858.jpeg,765,1024,267,403,418,669,culex
train_00861.jpeg,1024,1365,311,707,589,961,culex
train_00866.jpeg,1024,1023,423,524,688,738,culex
train_00867.jpeg,3456,4608,1136,923,2806,2873,japonicus-koreicus
train_00870.jpeg,5984,3376,2212,1616,2839,2429,albopictus
train_00872.jpeg,1024,1820,148,321,921,977,culex
train_00876.jpeg,1024,1365,348,655,688,1054,culex
train_00884.jpeg,1908,4032,79,1447,980,2306,culex
train_00889.jpeg,2240,4608,774,1841,1655,2807,albopictus
train_00890.jpeg,2527,2464,221,586,2222,2323,japonicus-koreicus
train_00895.jpeg,3024,4032,519,172,3024,3704,culex
train_00898.jpeg,2219,1024,1033,396,1305,584,albopictus
train_00911.jpeg,2268,4032,125,932,1988,2457,culex
train_00914.jpeg,3024,4032,861,1971,1500,2407,culex
train_00924.jpeg,2240,2424,1158,1757,1523,2055,albopictus
train_00928.jpeg,3000,4000,394,1555,2434,3224,albopictus
train_00935.jpeg,1024,1365,403,671,583,867,culex
train_00939.jpeg,3024,3024,192,398,2380,2247,culiseta
train_00940.jpeg,1024,2844,247,942,644,1369,culex
train_00960.jpeg,661,576,88,126,439,382,albopictus
train_00961.jpeg,1820,1024,842,188,1051,448,culex
train_00965.jpeg,768,1024,331,330,600,600,culex
train_00980.jpeg,3024,4032,1044,1019,2270,2695,culex
train_00982.jpeg,768,1024,222,162,759,781,culex
train_00984.jpeg,1365,1024,443,302,825,714,culex
train_00986.jpeg,600,703,118,63,449,532,culex
train_00987.jpeg,3168,4224,1079,2207,1699,2842,albopictus
train_00989.jpeg,850,791,280,324,591,654,albopictus
train_00990.jpeg,3024,4032,1293,1832,1661,2261,culex
train_00991.jpeg,3024,4032,1008,1481,1907,3084,japonicus-koreicus
train_00996.jpeg,768,1024,375,346,652,630,culex
train_01008.jpeg,3024,4032,1279,1649,1643,2280,culex
train_01022.jpeg,1365,1024,423,89,937,732,culex
train_01029.jpeg,3000,4000,604,1197,1992,2919,culex
train_01045.jpeg,1024,1365,310,620,536,787,culex
train_01046.jpeg,1024,1365,144,244,732,990,anopheles
train_01048.jpeg,2048,922,1061,328,1353,805,culex
train_01056.jpeg,4000,3000,670,69,3027,2058,albopictus
train_01059.jpeg,3120,4208,1087,2065,1435,2371,albopictus
train_01073.jpeg,768,1024,267,404,421,570,culex
train_01078.jpeg,3024,4032,657,1676,2134,2684,culex
train_01079.jpeg,4032,3024,1754,1095,2745,2146,culex
train_01085.jpeg,3024,4032,774,866,2995,2543,culex
train_01088.jpeg,3000,4000,1146,1768,1848,2440,culex
train_01093.jpeg,775,693,202,201,625,524,culex
train_01101.jpeg,905,949,305,202,651,565,albopictus
train_01106.jpeg,3000,4000,1088,1181,1941,2992,japonicus-koreicus
train_01109.jpeg,2448,3264,969,1405,1396,1857,albopictus
train_01110.jpeg,2988,3984,1085,1805,1896,3538,albopictus
train_01111.jpeg,2448,2448,1021,1144,1490,1556,albopictus
train_01112.jpeg,3000,4000,708,1321,2161,2799,albopictus
train_01116.jpeg,1800,4000,478,1571,1381,2398,albopictus
train_01118.jpeg,3024,4032,755,1456,2349,3710,albopictus
train_01119.jpeg,4032,3024,1833,1527,2150,1896,albopictus
train_01123.jpeg,3024,4032,1428,1808,2047,2262,albopictus
train_01126.jpeg,1024,2163,298,893,633,1085,culex
train_01128.jpeg,2448,3264,505,961,1567,2196,albopictus
train_01130.jpeg,768,1024,298,407,500,696,culex
train_01132.jpeg,1024,1365,396,485,551,655,culex
train_01137.jpeg,768,1024,166,425,427,563,culex
train_01139.jpeg,768,1024,185,313,679,758,albopictus
train_01146.jpeg,492,1024,131,188,310,380,albopictus
train_01147.jpeg,4000,3000,1705,928,2017,1244,albopictus
train_01148.jpeg,1265,1165,395,385,691,727,culex
train_01153.jpeg,3024,4032,501,1700,2173,2976,culex
train_01156.jpeg,768,1024,390,502,554,629,culex
train_01159.jpeg,4290,4777,2040,2210,2751,2942,culex
train_01165.jpeg,1440,1080,819,511,1090,707,albopictus
train_01170.jpeg,2448,3264,623,1098,1232,2299,culex
train_01172.jpeg,2448,3264,943,1288,1894,2059,albopictus
train_01175.jpeg,1944,2592,631,596,1627,1609,culex
train_01180.jpeg,3024,4032,778,1479,1769,2825,culex
train_01183.jpeg,768,1024,329,356,521,729,culex
train_01184.jpeg,768,1024,237,354,552,627,culex
train_01186.jpeg,768,1024,203,311,508,662,culex
train_01187.jpeg,3024,4032,1139,1186,2496,2371,albopictus
train_01189.jpeg,1024,1365,100,362,681,977,culiseta
train_01198.jpeg,3920,2204,1402,1081,1784,1441,albopictus
train_01204.jpeg,768,1024,256,459,407,688,culex
train_01205.jpeg,1442,971,589,470,941,722,albopictus
train_01211.jpeg,1741,1689,500,326,1392,1503,albopictus
train_01212.jpeg,1038,691,359,122,694,500,culex
train_01214.jpeg,529,573,157,144,390,394,albopictus
train_01215.jpeg,768,1024,249,491,392,669,culex
train_01217.jpeg,3024,4032,1697,2167,2011,2686,culex
train_01220.jpeg,3024,4032,1680,2040,2171,2780,albopictus
train_01221.jpeg,3024,4032,859,1360,1718,2283,albopictus
train_01223.jpeg,2417,1813,910,642,1451,1037,culex
train_01232.jpeg,4032,3024,1391,630,2120,1221,culex
train_01234.jpeg,544,620,108,91,472,449,albopictus
train_01235.jpeg,768,1024,195,463,551,857,albopictus
train_01237.jpeg,1365,1024,502,225,756,489,culex
train_01239.jpeg,1024,1365,409,608,602,796,culex
train_01242.jpeg,3024,4032,886,1562,1955,2753,albopictus
train_01244.jpeg,2448,3264,1029,1396,1475,1855,albopictus
train_01251.jpeg,768,1024,273,305,609,681,culex
train_01255.jpeg,448,388,71,80,340,291,albopictus
train_01266.jpeg,960,540,115,25,646,335,albopictus
train_01270.jpeg,4032,3024,1727,1036,2317,1601,culex
train_01271.jpeg,768,1024,348,451,442,546,culex
train_01272.jpeg,2560,1152,1047,287,1349,577,albopictus
train_01273.jpeg,4000,3000,1783,1217,2203,1738,culex
train_01274.jpeg,1024,1365,293,474,728,813,culex
train_01279.jpeg,1383,1600,499,445,952,805,albopictus
train_01281.jpeg,765,1024,193,246,683,725,japonicus-koreicus
train_01282.jpeg,1160,2576,307,1214,689,1829,japonicus-koreicus
train_01284.jpeg,3264,2448,1323,1167,1638,1435,albopictus
train_01285.jpeg,1265,1203,300,331,1020,905,albopictus
train_01299.jpeg,768,1024,273,490,410,637,culex
train_01303.jpeg,3024,4032,125,457,2662,3572,albopictus
train_01311.jpeg,4032,1960,2078,641,2368,1050,albopictus
train_01320.jpeg,4160,2336,1888,766,2462,1211,albopictus
train_01323.jpeg,3000,4000,1222,2069,1668,2545,albopictus
train_01327.jpeg,3096,4128,1021,938,1995,2190,albopictus
train_01331.jpeg,2366,4208,857,1992,1512,2693,culex
train_01335.jpeg,3024,4032,1377,2193,1728,2623,culex
train_01344.jpeg,768,1024,180,538,360,683,culex
train_01345.jpeg,3488,4640,1527,2288,2109,2832,albopictus
train_01351.jpeg,1600,900,567,285,1009,698,albopictus
train_01352.jpeg,3468,4624,1645,1754,2244,2405,culex
train_01355.jpeg,2992,2992,990,1387,1494,1783,culex
train_01356.jpeg,3000,4000,611,1488,1520,2838,culiseta
train_01358.jpeg,3472,3472,112,12,3180,3227,albopictus
train_01362.jpeg,3000,4000,634,422,2569,3442,culex
train_01363.jpeg,2448,3264,461,1194,1617,2500,albopictus
train_01371.jpeg,2736,3648,954,1161,2038,2632,albopictus
train_01372.jpeg,1836,3264,684,1468,1110,1748,albopictus
train_01373.jpeg,768,1024,314,494,430,622,culiseta
train_01374.jpeg,768,1024,194,680,332,826,culex
train_01378.jpeg,1600,904,681,185,1012,490,culex
train_01381.jpeg,1600,1200,440,471,669,738,culex
train_01387.jpeg,768,1024,249,406,392,532,culex
train_01388.jpeg,1365,1024,422,303,975,903,albopictus
train_01390.jpeg,1599,900,815,266,1195,576,albopictus
train_01394.jpeg,3024,4032,491,935,2599,2545,albopictus
train_01397.jpeg,3024,4032,1371,2146,1835,2483,albopictus
train_01400.jpeg,3456,4608,1628,2339,1963,2777,albopictus
train_01402.jpeg,3120,4160,1147,1949,1637,2419,albopictus
train_01408.jpeg,768,1024,262,472,508,699,albopictus
train_01411.jpeg,814,972,155,308,579,797,albopictus
train_01429.jpeg,2560,1440,873,495,1152,915,albopictus
train_01431.jpeg,1347,1609,458,530,892,946,culex
train_01433.jpeg,1365,1024,348,330,726,799,albopictus
train_01444.jpeg,1932,2576,765,1363,1223,1728,albopictus
train_01450.jpeg,1024,1365,358,544,473,650,albopictus
train_01451.jpeg,2268,4032,115,690,2014,2250,albopictus
train_01457.jpeg,4032,2268,1181,659,2228,1729,albopictus
train_01467.jpeg,1365,1024,831,252,1185,750,albopictus
train_01468.jpeg,768,1024,45,241,558,721,japonicus-koreicus
train_01478.jpeg,2448,3264,1222,1575,1685,2138,culex
train_01484.jpeg,3024,4032,1114,845,2114,2138,albopictus
train_01485.jpeg,2736,3648,1222,1141,2378,2397,culiseta
train_01496.jpeg,2268,4032,0,163,2268,2899,albopictus
train_01499.jpeg,2084,4624,584,1781,1217,2437,japonicus-koreicus
train_01503.jpeg,4160,2080,1834,693,2335,1124,culex
train_01505.jpeg,3648,2736,717,872,2326,1908,culex
train_01510.jpeg,2986,2169,441,476,2428,1611,japonicus-koreicus
train_01515.jpeg,3456,4608,1265,2151,2064,3153,culex
train_01517.jpeg,1944,2592,598,537,1497,1803,culex
train_01520.jpeg,768,1024,314,535,475,726,albopictus
train_01523.jpeg,2721,2721,150,391,2448,2559,culiseta
train_01532.jpeg,395,363,26,32,373,295,culex
train_01533.jpeg,4608,2304,1475,881,2030,1532,culex
train_01535.jpeg,1110,1110,247,413,754,827,albopictus
train_01540.jpeg,768,1024,368,544,515,703,culex
train_01541.jpeg,469,1024,105,414,357,668,culiseta
train_01554.jpeg,3000,4000,1009,1519,2720,2923,culiseta
train_01556.jpeg,3024,4032,907,1830,1097,2095,culex
train_01568.jpeg,2576,1932,1410,754,1950,1249,culex
train_01575.jpeg,3120,4160,964,847,1988,2611,culex
train_01576.jpeg,3000,4000,1544,2139,2141,2864,culex
train_01577.jpeg,1932,2576,762,888,1229,1460,culex
train_01579.jpeg,1080,2400,77,691,956,1198,japonicus-koreicus
train_01590.jpeg,2448,3264,913,1401,1631,1868,albopictus
train_01602.jpeg,4032,2268,1554,467,2440,1413,culiseta
train_01603.jpeg,3120,4160,1074,2087,1945,3189,albopictus
train_01604.jpeg,3096,4128,713,547,1962,1804,albopictus
train_01618.jpeg,3000,4000,1191,2095,1546,2415,albopictus
train_01622.jpeg,3000,4000,153,1221,2606,3253,aegypti
train_01627.jpeg,3120,4160,1222,2186,1639,2513,albopictus
train_01632.jpeg,1200,1600,399,608,680,837,albopictus
train_01633.jpeg,1024,1365,381,582,666,833,culex
train_01638.jpeg,1365,1024,420,194,1071,547,culex
train_01639.jpeg,1024,1365,452,601,635,803,culex
train_01641.jpeg,3024,4032,1318,1972,1718,2363,albopictus
train_01643.jpeg,1200,1600,205,420,1094,1458,albopictus
train_01644.jpeg,1024,1365,276,352,549,708,culex
train_01648.jpeg,1536,2048,211,1016,1072,1663,culex
train_01657.jpeg,3000,4000,1066,1122,2640,3037,culex
train_01659.jpeg,4032,1960,1434,485,2225,1322,culex
train_01667.jpeg,768,1024,224,272,435,534,albopictus
train_01677.jpeg,5312,2988,2128,500,3577,1908,albopictus
train_01685.jpeg,768,1024,385,694,495,810,culex
train_01687.jpeg,2976,3968,724,1627,1303,2247,albopictus
train_01700.jpeg,1024,1365,306,504,439,614,culex
train_01706.jpeg,1080,1592,150,294,934,1322,albopictus
train_01707.jpeg,2992,2992,1143,700,2209,1577,culex
train_01724.jpeg,1024,2219,433,1117,692,1332,culex
train_01732.jpeg,3264,1836,1508,768,2007,1270,albopictus
train_01740.jpeg,1365,1024,548,368,734,576,culiseta
train_01753.jpeg,1200,1600,312,678,921,1158,albopictus
train_01758.jpeg,2340,4160,1021,2327,1386,2773,albopictus
train_01762.jpeg,1689,3014,426,1276,1183,2089,albopictus
train_01764.jpeg,768,1024,300,412,397,546,culex
train_01767.jpeg,3024,4032,731,1186,2135,2498,albopictus
train_01768.jpeg,1572,1409,284,391,1311,1099,albopictus
train_01780.jpeg,2268,4032,535,1662,1344,2708,culex
train_01782.jpeg,1381,1611,618,763,817,944,albopictus
train_01787.jpeg,1058,1172,305,447,729,724,albopictus
train_01789.jpeg,1024,1365,426,688,627,908,culex
train_01790.jpeg,768,1024,216,343,490,601,culex
train_01791.jpeg,768,1024,193,352,363,518,anopheles
train_01793.jpeg,2448,3264,768,1546,1161,1885,albopictus
train_01796.jpeg,1200,1600,491,632,692,911,albopictus
train_01803.jpeg,3000,4000,1144,1820,2110,2657,culex
train_01807.jpeg,1024,1820,103,610,916,1051,culiseta
train_01810.jpeg,1024,1365,376,560,504,766,culex
train_01820.jpeg,1024,2273,411,997,659,1212,culex
train_01824.jpeg,2160,2880,639,1186,1464,1759,albopictus
train_01825.jpeg,4160,3120,2240,1294,2743,1906,albopictus
train_01829.jpeg,2208,3928,803,1724,1080,1996,albopictus
train_01833.jpeg,802,1005,200,265,703,757,albopictus
train_01843.jpeg,3840,5120,1477,2017,2206,3368,culex
train_01849.jpeg,2976,3968,963,1359,1853,2183,albopictus
train_01854.jpeg,3264,2448,1854,1000,2150,1380,albopictus
train_01858.jpeg,2976,3968,658,1708,1515,2660,albopictus
train_01859.jpeg,768,1024,138,265,610,712,culex
train_01863.jpeg,1024,1820,162,46,878,758,culex
train_01867.jpeg,932,754,0,31,884,754,aegypti
train_01875.jpeg,3024,4032,1219,2068,1681,2451,culex
train_01877.jpeg,3024,4032,1627,1941,1948,2257,culex
train_01878.jpeg,2448,3264,1335,2070,1617,2424,albopictus
train_01884.jpeg,1600,1200,399,409,620,606,albopictus
train_01889.jpeg,750,1334,161,492,419,793,albopictus
train_01892.jpeg,1920,2560,787,1105,1173,1432,albopictus
train_01897.jpeg,1200,1200,448,559,767,801,albopictus
train_01900.jpeg,2160,3840,664,1908,1049,2311,albopictus
train_01902.jpeg,1080,1079,100,274,941,800,culiseta
train_01906.jpeg,768,1024,345,529,461,657,culex
train_01915.jpeg,3024,4032,836,402,2752,2440,culex
train_01918.jpeg,3024,3024,662,558,2157,2337,albopictus
train_01919.jpeg,3456,4608,531,2375,2315,3174,culex
train_01923.jpeg,3024,4032,963,1581,1520,2157,culex
train_01925.jpeg,1932,2576,457,1057,1193,1595,culex
train_01934.jpeg,1024,1365,582,775,803,945,culex
train_01935.jpeg,789,789,183,232,559,586,albopictus
train_01938.jpeg,706,886,223,223,570,571,culex
train_01944.jpeg,4000,3000,1321,961,2103,1751,culex
train_01945.jpeg,469,1024,156,444,270,596,culex
train_01953.jpeg,768,1024,171,285,554,688,culex
train_01962.jpeg,3024,4032,1486,1758,1913,2112,culex
train_01964.jpeg,768,1024,255,383,572,671,culex
train_01965.jpeg,2976,3968,363,2103,1033,2901,culex
train_01972.jpeg,2268,4032,957,1901,1382,2343,albopictus
train_01973.jpeg,3472,4640,8,0,3319,3910,culiseta
train_01974.jpeg,4032,3024,1226,1123,1834,1835,culex
train_01977.jpeg,3024,4032,299,212,2623,3902,culiseta
train_01981.jpeg,1960,4032,746,1430,1960,3088,albopictus
train_01983.jpeg,1024,1365,330,615,437,759,albopictus
train_01987.jpeg,1365,1024,425,304,672,481,culex
train_01988.jpeg,1226,925,419,21,1030,686,japonicus-koreicus
train_01992.jpeg,768,1024,306,622,524,807,albopictus
train_01995.jpeg,1106,846,202,124,971,716,japonicus-koreicus
train_01996.jpeg,3024,4032,833,1690,1497,2385,albopictus
train_01998.jpeg,1134,2016,445,892,588,1050,albopictus
train_02000.jpeg,452,459,53,88,338,366,albopictus
train_02003.jpeg,3024,4032,1331,1769,1743,2358,culex
train_02005.jpeg,3920,2204,400,44,2621,1647,albopictus
train_02006.jpeg,904,1600,207,416,705,857,albopictus
train_02007.jpeg,900,2000,100,273,748,1130,culex
train_02009.jpeg,5616,2808,2057,1338,3001,2554,albopictus
train_02014.jpeg,2976,3968,1536,2189,2047,3111,albopictus
train_02017.jpeg,1836,3264,704,1359,1139,1698,albopictus
train_02020.jpeg,2448,3264,871,1433,1516,2027,albopictus
train_02021.jpeg,1200,1600,581,625,695,759,albopictus
train_02023.jpeg,1512,2016,537,809,894,1133,culex
train_02025.jpeg,1080,2400,285,959,701,1352,culex
train_02028.jpeg,1024,1365,400,515,583,669,culex
train_02030.jpeg,768,1024,205,262,744,730,culex
train_02039.jpeg,976,990,237,341,727,640,albopictus
train_02049.jpeg,1933,2578,505,1403,1444,2297,culiseta
train_02053.jpeg,3024,4032,1332,2459,2275,3478,culex
train_02058.jpeg,1944,2592,592,1053,1357,1623,culex
train_02060.jpeg,2576,1932,581,557,1173,926,culex
train_02062.jpeg,4608,3456,234,419,3232,2369,culex
train_02070.jpeg,1024,2273,535,974,718,1262,culex
train_02075.jpeg,3024,4032,1017,1913,1781,2381,albopictus
train_02077.jpeg,2268,4032,789,1227,1366,1944,culiseta
train_02079.jpeg,1024,1365,337,664,594,975,japonicus-koreicus
train_02080.jpeg,1932,2576,673,1411,994,1736,albopictus
train_02090.jpeg,489,509,61,74,422,425,albopictus
train_02104.jpeg,1024,2273,423,930,705,1240,culex
train_02107.jpeg,720,1280,107,354,544,781,albopictus
train_02109.jpeg,2048,1536,650,304,1388,1124,albopictus
train_02112.jpeg,1600,900,732,162,919,366,albopictus
train_02117.jpeg,768,1024,136,334,617,753,albopictus
train_02120.jpeg,1800,4000,652,2012,943,2238,culex
train_02121.jpeg,3000,4000,1096,971,2531,2210,albopictus
train_02123.jpeg,768,1024,308,270,606,954,albopictus
train_02128.jpeg,768,1024,263,578,451,737,culex
train_02130.jpeg,3024,4032,971,1124,1880,2266,culiseta
train_02133.jpeg,3024,4032,668,1404,1950,2666,japonicus-koreicus
train_02135.jpeg,3024,4032,708,1294,1513,2324,culex
train_02140.jpeg,4032,3024,1652,1158,2853,2213,albopictus
train_02144.jpeg,1024,1820,440,768,664,943,albopictus
train_02147.jpeg,2538,2907,468,674,1820,2094,culex
train_02149.jpeg,1080,1837,10,639,1024,1566,albopictus
train_02154.jpeg,1024,2219,372,769,517,970,culex
train_02163.jpeg,1024,1820,349,746,702,1026,culex
train_02167.jpeg,481,585,110,285,361,472,albopictus
train_02168.jpeg,3024,4032,845,928,2294,2300,albopictus
train_02182.jpeg,537,670,106,70,484,477,albopictus
train_02192.jpeg,1936,2592,728,1290,1124,1563,albopictus
train_02195.jpeg,911,831,213,275,526,534,albopictus
train_02204.jpeg,1365,1024,359,301,807,852,japonicus-koreicus
train_02208.jpeg,3000,4000,414,1332,2064,3714,culex
train_02210.jpeg,1024,1365,409,600,545,721,culex
train_02211.jpeg,4000,3000,1064,975,2042,2011,culex
train_02213.jpeg,3024,4032,376,1132,2509,2953,albopictus
train_02215.jpeg,1024,2219,439,791,716,1062,culex
train_02224.jpeg,1024,1365,289,376,488,638,culiseta
train_02225.jpeg,1088,599,276,52,728,506,albopictus
train_02227.jpeg,1532,1046,47,37,1377,955,albopictus
train_02231.jpeg,4608,2592,1854,1025,2356,1665,culex
train_02241.jpeg,3024,4032,419,1213,2427,3135,albopictus
train_02242.jpeg,1024,1365,192,150,871,781,albopictus
train_02243.jpeg,2322,4128,202,1499,2098,3429,culex
train_02253.jpeg,3024,4032,483,1156,2496,3482,culex
train_02259.jpeg,577,798,7,0,559,798,aegypti
train_02262.jpeg,5312,2988,1974,874,2462,1406,albopictus
train_02263.jpeg,1024,1820,404,654,792,1171,culiseta
train_02278.jpeg,2896,5152,1192,2240,1611,2851,culex
train_02280.jpeg,3840,5120,1196,1801,2291,3319,japonicus-koreicus
train_02286.jpeg,1200,1600,424,664,771,965,albopictus
train_02287.jpeg,809,1068,54,176,639,826,albopictus
train_02289.jpeg,2322,4128,901,1765,1480,2558,albopictus
train_02290.jpeg,768,1024,357,363,488,495,culex
train_02292.jpeg,3000,3000,1049,607,2428,1756,culex
train_02298.jpeg,3024,4032,331,1045,2406,3677,albopictus
train_02301.jpeg,1908,4032,487,1684,1109,2109,culex
train_02302.jpeg,1960,4032,772,1459,1260,1958,albopictus
train_02308.jpeg,2496,2761,740,954,1647,1781,albopictus
train_02310.jpeg,3060,4080,147,1840,1908,3438,culex
train_02318.jpeg,3024,4032,1116,1743,2376,2856,albopictus
train_02319.jpeg,2240,1344,868,488,1188,805,albopictus
train_02324.jpeg,1365,1024,476,346,857,713,culiseta
train_02330.jpeg,768,1024,130,368,674,780,albopictus
train_02332.jpeg,1968,2624,482,1610,1258,2275,albopictus
train_02334.jpeg,768,1024,212,552,350,688,culex
train_02337.jpeg,4032,3024,1496,1310,2193,2078,culiseta
train_02338.jpeg,3024,4032,68,1172,960,2523,culex
train_02341.jpeg,1625,2033,519,357,1522,1581,albopictus
train_02345.jpeg,1024,2106,429,215,671,511,culex
train_02346.jpeg,3024,4032,1351,1942,1766,2319,albopictus
train_02351.jpeg,3000,4000,1498,1956,2242,2505,albopictus
train_02352.jpeg,1024,2275,266,462,855,990,culiseta
train_02358.jpeg,1569,1676,711,637,968,914,albopictus
train_02364.jpeg,1024,1365,276,305,880,923,culex
train_02370.jpeg,3456,4608,930,857,2320,2584,albopictus
train_02374.jpeg,3000,4000,860,1522,1744,2778,culiseta
train_02381.jpeg,1024,1365,406,874,673,1271,culex
train_02382.jpeg,2160,3840,781,840,2080,2744,culex
train_02390.jpeg,768,1024,158,463,531,689,albopictus
train_02395.jpeg,883,757,214,168,686,473,culex
train_02401.jpeg,1024,1365,425,654,573,778,culex
train_02404.jpeg,3000,4000,877,1428,1702,1955,albopictus
train_02405.jpeg,1024,1817,268,701,759,1254,culiseta
train_02407.jpeg,3024,4032,1487,1573,1744,1845,albopictus
train_02410.jpeg,3024,4032,194,304,2918,3997,culiseta
train_02413.jpeg,1024,2275,422,683,672,908,albopictus
train_02418.jpeg,3000,4000,1105,1783,1937,2728,culex
train_02423.jpeg,1338,842,429,237,1016,599,culex
train_02436.jpeg,2080,2992,730,1648,1585,2206,albopictus
train_02437.jpeg,2096,3724,925,1637,1199,1960,culex
train_02440.jpeg,498,600,95,133,316,411,albopictus
train_02448.jpeg,3024,4032,1260,1151,2767,2625,culex
train_02450.jpeg,768,1024,261,519,499,889,culex
train_02457.jpeg,2250,4000,694,748,1234,1471,culex
train_02462.jpeg,1024,2217,351,1079,618,1330,culex
train_02466.jpeg,4032,3024,1627,774,2545,1509,albopictus
train_02478.jpeg,1917,2142,761,911,1059,1236,albopictus
train_02481.jpeg,228,169,19,23,191,146,culex
train_02495.jpeg,2268,4032,256,767,1680,2584,albopictus
train_02496.jpeg,3024,4032,1137,1401,2119,2417,culex
train_02497.jpeg,3024,4032,384,1178,1954,2656,albopictus
train_02503.jpeg,768,1024,277,485,413,603,albopictus
train_02504.jpeg,3024,4032,1021,1395,1836,2140,albopictus
train_02509.jpeg,4640,4640,1274,824,3934,3520,culiseta
train_02511.jpeg,3096,4128,907,834,2552,2838,albopictus
train_02514.jpeg,3024,4032,1765,1536,2100,2063,culiseta
train_02516.jpeg,3024,4032,1039,1426,1702,2322,albopictus
train_02517.jpeg,740,1600,306,777,559,987,albopictus
train_02523.jpeg,1365,1024,509,396,802,642,culex
train_02526.jpeg,3024,4032,904,1149,2115,2798,culex
train_02532.jpeg,3024,4032,1101,1932,1479,2452,albopictus
train_02533.jpeg,768,1024,243,604,474,773,culex
train_02540.jpeg,1024,1365,409,668,596,824,culex
train_02542.jpeg,768,1024,63,122,547,936,albopictus
train_02545.jpeg,3024,4032,1521,1659,1759,1895,culex
train_02546.jpeg,2578,1857,727,186,1951,1240,albopictus
train_02555.jpeg,1024,1820,370,976,667,1163,culex
train_02559.jpeg,4032,1908,1979,598,2543,948,culex
train_02566.jpeg,851,851,256,250,609,592,albopictus
train_02573.jpeg,4000,3000,1320,1160,3082,2583,albopictus
train_02579.jpeg,2336,4160,928,1991,1562,2591,albopictus
train_02580.jpeg,1024,1365,48,294,546,639,culex
train_02586.jpeg,4608,3456,999,1291,2934,3290,culex
train_02587.jpeg,3024,4032,152,1373,2464,3242,culex
train_02591.jpeg,1080,1537,316,612,852,1229,albopictus
train_02604.jpeg,3024,4032,750,1245,1879,2138,culex
train_02607.jpeg,3120,4160,1129,1669,1538,2013,albopictus
train_02609.jpeg,2072,2035,722,933,1170,1507,albopictus
train_02613.jpeg,768,1024,159,194,638,773,albopictus
train_02614.jpeg,2633,2118,626,415,928,742,albopictus
train_02616.jpeg,4032,3024,1014,407,2507,1432,albopictus
train_02618.jpeg,3000,4000,1016,1745,1667,2473,albopictus
train_02619.jpeg,3024,4032,813,1600,2213,2806,albopictus
train_02621.jpeg,1235,1041,316,395,917,739,culex
train_02623.jpeg,3024,4032,1033,1306,2103,2429,culiseta
train_02639.jpeg,3000,4000,1143,2764,1411,3136,culex
train_02641.jpeg,1365,1024,441,470,705,679,albopictus
train_02644.jpeg,785,857,144,207,496,626,japonicus-koreicus
train_02647.jpeg,2448,3264,1651,1538,2097,2022,culex
train_02653.jpeg,968,1040,153,250,716,891,albopictus
train_02656.jpeg,4032,1908,1705,1102,2238,1536,albopictus
train_02659.jpeg,2001,2021,588,984,1144,1495,albopictus
train_02661.jpeg,768,1024,224,302,491,616,culex
train_02662.jpeg,2592,1944,592,154,1794,1838,culex
train_02666.jpeg,3024,3024,394,670,1998,1834,japonicus-koreicus
train_02671.jpeg,768,1024,223,417,411,677,albopictus
train_02672.jpeg,768,1024,301,596,638,943,albopictus
train_02674.jpeg,720,1600,233,525,406,672,albopictus
train_02691.jpeg,768,1024,209,288,586,690,culex
train_02692.jpeg,1600,1200,825,459,1115,746,albopictus
train_02693.jpeg,4032,3024,1178,510,2281,1447,culiseta
train_02695.jpeg,3024,4032,1748,2078,2063,2397,albopictus
train_02702.jpeg,768,1024,231,262,515,611,culex
train_02704.jpeg,755,1024,368,443,632,724,albopictus
train_02705.jpeg,1024,1818,236,415,632,1126,culex
train_02710.jpeg,4032,3024,1098,734,3919,2823,albopictus
train_02715.jpeg,1987,2652,85,468,1842,2482,albopictus
train_02719.jpeg,768,1024,125,397,463,653,culex
train_02721.jpeg,3024,4032,573,1623,2096,2670,albopictus
train_02723.jpeg,621,621,253,159,404,333,albopictus
train_02725.jpeg,768,1024,266,355,563,810,culex
train_02729.jpeg,1125,2436,232,908,768,1597,albopictus
train_02732.jpeg,2248,4000,540,1622,1209,2689,albopictus
train_02733.jpeg,2336,1752,601,579,1897,1384,culex
train_02735.jpeg,1600,1200,535,501,724,708,culex
train_02737.jpeg,1024,1365,372,510,632,736,albopictus
train_02740.jpeg,4032,3024,1729,962,2588,2029,albopictus
train_02746.jpeg,3000,4000,1233,1835,1654,2347,culex
train_02753.jpeg,2080,4624,952,1604,1378,1953,albopictus
train_02754.jpeg,1046,1097,360,478,871,819,culiseta
train_02759.jpeg,1024,1365,319,466,430,592,albopictus
train_02761.jpeg,2368,5120,576,1934,1481,3286,culex
train_02763.jpeg,1840,1200,614,376,885,737,albopictus
train_02764.jpeg,711,1160,221,483,580,767,culex
train_02770.jpeg,2084,4624,648,1839,1076,2198,albopictus
train_02784.jpeg,3000,4000,243,960,2655,2953,culex
train_02790.jpeg,1633,2199,811,1002,1344,1435,culex
train_02795.jpeg,1325,937,450,315,811,725,culex
train_02802.jpeg,2448,3264,497,975,1533,2004,albopictus
train_02806.jpeg,4032,3024,1064,948,1907,1939,albopictus
train_02813.jpeg,1168,1619,426,676,750,1026,culiseta
train_02814.jpeg,1942,1853,129,107,1770,1784,albopictus
train_02816.jpeg,768,1024,271,433,447,575,culex
train_02820.jpeg,3024,4032,610,1630,2132,2332,culiseta
train_02825.jpeg,1024,1820,587,714,835,906,culex
train_02827.jpeg,1200,1600,753,1035,971,1349,albopictus
train_02828.jpeg,515,828,153,243,423,598,albopictus
train_02830.jpeg,2477,2117,521,552,2089,1765,albopictus
train_02833.jpeg,967,1434,227,544,699,1037,culex
train_02836.jpeg,1764,2413,680,883,1001,1251,albopictus
train_02840.jpeg,736,861,132,56,666,754,culex
train_02843.jpeg,768,1024,160,32,554,725,culex
train_02850.jpeg,534,663,68,152,411,415,culex
train_02864.jpeg,2576,1932,742,690,1283,1198,culex
train_02865.jpeg,2976,3968,1441,2187,1830,2463,albopictus
train_02869.jpeg,2439,3356,197,897,2022,2717,culex
train_02875.jpeg,3000,4000,1204,1514,2638,2486,culex
train_02879.jpeg,3024,4032,1202,1618,1407,1790,albopictus
train_02883.jpeg,3024,4032,1040,1045,2384,2909,albopictus
train_02892.jpeg,768,1024,325,485,426,618,culex
train_02895.jpeg,1024,1820,417,778,605,958,culex
train_02899.jpeg,3264,1836,1390,719,1747,1025,albopictus
train_02906.jpeg,3024,4032,1591,1354,2454,2136,culex
train_02907.jpeg,3024,4032,694,1524,2011,2615,culex
train_02912.jpeg,1908,4032,90,1174,1632,2063,albopictus
train_02917.jpeg,768,1024,211,500,531,612,japonicus-koreicus
train_02919.jpeg,3024,3024,1647,950,2020,1418,albopictus
train_02920.jpeg,768,1024,300,418,448,541,culex
train_02923.jpeg,4000,2250,2649,916,2874,1222,albopictus
train_02930.jpeg,3000,4000,1599,1805,2006,2407,culex
train_02932.jpeg,1024,1365,0,35,1024,1257,culex
train_02937.jpeg,581,630,205,294,332,503,albopictus
train_02939.jpeg,1920,2560,737,1149,1123,1377,albopictus
train_02940.jpeg,4608,3456,1064,1215,2269,2360,albopictus
train_02952.jpeg,922,1230,278,351,602,940,culex
train_02957.jpeg,2988,5312,994,1496,2988,4324,culex
train_02972.jpeg,4000,3000,1308,1266,1892,1727,culex
train_02975.jpeg,1024,1365,379,782,590,918,culex
train_02976.jpeg,2592,1456,854,152,1316,1144,culiseta
train_02978.jpeg,1960,4032,705,1701,1196,2281,culex
train_02979.jpeg,768,1024,278,510,473,686,culex
train_02980.jpeg,991,1322,44,463,849,983,culex
train_02987.jpeg,2368,5120,176,1282,1581,3063,culiseta
train_02990.jpeg,1125,2436,204,644,1086,1504,albopictus
train_02991.jpeg,3024,4032,575,1200,1910,2668,culex
train_02996.jpeg,1721,1433,120,130,1632,1372,aegypti
train_02997.jpeg,1980,3520,820,1852,1443,2317,culiseta
train_03003.jpeg,3000,4000,1140,879,2346,2133,albopictus
train_03010.jpeg,2736,3648,1314,950,2719,2578,albopictus
train_03011.jpeg,3000,4000,622,836,2585,2336,albopictus
train_03013.jpeg,1676,1865,321,207,808,796,albopictus
train_03013.jpeg,1676,1865,708,890,957,1164,albopictus
train_03016.jpeg,2048,1024,788,441,1305,868,albopictus
train_03017.jpeg,1024,1365,305,278,707,869,culex
train_03019.jpeg,4032,3024,2424,1269,3477,2376,albopictus
train_03025.jpeg,1960,4032,758,1582,1394,2177,anopheles
train_03037.jpeg,768,1024,396,473,510,647,culex
train_03041.jpeg,3000,4000,666,939,2598,3143,culex
train_03042.jpeg,3024,4032,852,2263,1691,2819,culex
train_03043.jpeg,3024,4032,522,958,2711,3491,culex
train_03044.jpeg,976,1734,102,512,907,1157,culiseta
train_03048.jpeg,1024,1368,251,760,388,913,culex
train_03052.jpeg,3024,4032,821,1938,1804,2767,culex
train_03065.jpeg,2988,5312,248,557,2553,3283,albopictus
train_03078.jpeg,1816,4032,685,1615,1060,2039,culex
train_03079.jpeg,3024,4032,39,138,2634,3998,culex
train_03087.jpeg,3024,4032,1099,506,1844,1507,culex
train_03089.jpeg,3024,4032,1107,1771,2137,2621,albopictus
train_03090.jpeg,3000,4000,765,1399,2359,2486,albopictus
train_03092.jpeg,2304,4096,706,1901,1169,2389,albopictus
train_03098.jpeg,3456,4608,1215,2214,1931,3006,japonicus-koreicus
train_03101.jpeg,4000,3000,1762,536,2817,1571,culex
train_03103.jpeg,768,1024,238,433,529,822,albopictus
train_03106.jpeg,1080,1920,366,802,597,1018,albopictus
train_03111.jpeg,768,1024,217,332,567,640,albopictus
train_03112.jpeg,640,1136,147,368,461,668,albopictus
train_03117.jpeg,768,1024,319,508,411,584,culex
train_03118.jpeg,768,1024,313,314,576,744,culex
train_03119.jpeg,768,1024,323,534,439,690,culex
train_03129.jpeg,1024,1365,247,527,590,739,culex
train_03131.jpeg,3024,4032,1092,1288,1341,1608,albopictus
train_03132.jpeg,2448,3264,941,1069,1239,1468,albopictus
train_03134.jpeg,1820,1024,783,413,985,608,culex
train_03138.jpeg,750,1334,269,633,495,855,albopictus
train_03143.jpeg,4032,3024,1401,743,2796,1971,culex
train_03145.jpeg,1956,2608,142,101,1778,2425,japonicus-koreicus
train_03151.jpeg,1486,1486,480,200,905,729,culex
train_03154.jpeg,715,715,315,305,469,465,albopictus
train_03161.jpeg,3024,4032,866,1426,2273,2747,albopictus
train_03162.jpeg,3024,4032,187,735,2648,3498,culex
train_03169.jpeg,2048,1765,820,798,1164,1147,albopictus
train_03177.jpeg,3456,4608,1774,2334,2319,2826,albopictus
train_03178.jpeg,3024,4032,934,525,1589,1565,albopictus
train_03179.jpeg,3000,4000,307,757,2391,2697,culex
train_03179.jpeg,3000,4000,1020,2461,2699,3954,culex
train_03180.jpeg,768,1024,341,218,436,304,culex
train_03185.jpeg,4128,3096,1811,1227,2228,1741,albopictus
train_03188.jpeg,3000,4000,1223,1176,2173,2412,culex
train_03190.jpeg,1024,1365,299,520,696,969,culex
train_03191.jpeg,1301,1814,533,620,798,999,culex
train_03202.jpeg,3024,4032,1517,2190,1945,2569,albopictus
train_03203.jpeg,3024,4032,1120,1263,1570,1934,culex
train_03206.jpeg,1200,1600,565,766,696,885,albopictus
train_03208.jpeg,1200,1600,321,850,444,1001,albopictus
train_03211.jpeg,944,783,335,185,632,558,albopictus
train_03216.jpeg,720,1280,77,206,625,672,albopictus
train_03217.jpeg,1788,3126,651,1624,1019,2127,albopictus
train_03225.jpeg,1024,1817,516,598,929,1058,culex
train_03226.jpeg,3024,4032,1017,1528,1720,2232,japonicus-koreicus
train_03229.jpeg,3000,4000,1105,233,2999,2341,albopictus
train_03234.jpeg,768,1024,266,410,487,651,culex
train_03241.jpeg,1024,1365,323,434,639,800,culex
train_03251.jpeg,3456,4608,1579,2151,2020,2864,japonicus-koreicus
train_03256.jpeg,3024,4032,1085,1696,1654,2793,culiseta
train_03257.jpeg,3096,4128,766,2111,2033,3677,albopictus
train_03264.jpeg,4000,3000,530,215,3560,2184,culiseta
train_03271.jpeg,1080,1920,419,745,712,1058,albopictus
train_03272.jpeg,768,1024,296,548,389,676,culex
train_03274.jpeg,3000,3000,817,1192,2016,2120,albopictus
train_03280.jpeg,2992,4000,621,1811,1817,2921,culex
train_03295.jpeg,2288,1712,729,474,1448,1094,albopictus
train_03298.jpeg,1024,1365,284,628,581,901,culex
train_03300.jpeg,1300,1065,602,360,977,567,albopictus
train_03303.jpeg,1024,1820,217,220,740,772,albopictus
train_03319.jpeg,2448,3264,795,1340,1407,2105,albopictus
train_03320.jpeg,768,1024,308,455,476,658,culex
train_03322.jpeg,3024,4032,1145,2001,1789,2729,culex
train_03326.jpeg,3456,4608,1259,1249,1790,1850,albopictus
train_03327.jpeg,1600,757,669,67,950,389,albopictus
train_03328.jpeg,677,859,132,103,521,719,culex
train_03329.jpeg,3024,4032,1457,1732,1790,2041,albopictus
train_03335.jpeg,2006,1879,541,552,1347,1007,culex
train_03342.jpeg,1440,2560,670,902,1052,1211,culex
train_03347.jpeg,1960,4032,708,1443,1492,2202,culex
train_03349.jpeg,1525,2145,640,778,1052,1312,albopictus
train_03353.jpeg,1498,1659,442,547,886,1230,culiseta
train_03357.jpeg,489,365,114,94,320,274,albopictus
train_03359.jpeg,5312,2988,1678,1598,2445,2341,albopictus
train_03363.jpeg,768,1024,156,407,473,642,culex
train_03364.jpeg,1470,1444,591,537,861,887,albopictus
train_03371.jpeg,1024,1365,80,264,1022,1079,culex
train_03372.jpeg,1024,1365,351,601,659,1002,culex
train_03386.jpeg,3024,4032,754,2102,1736,2788,albopictus
train_03393.jpeg,1024,1820,279,812,708,1206,culex
train_03395.jpeg,1024,2106,226,552,649,902,culex
train_03402.jpeg,2028,2390,545,894,1340,1970,culiseta
train_03403.jpeg,3024,4032,1211,1674,1687,2218,culex
train_03404.jpeg,890,890,323,167,617,502,albopictus
train_03406.jpeg,1908,4032,725,1719,1376,2553,culex
train_03409.jpeg,900,1600,296,946,436,1081,albopictus
train_03411.jpeg,711,779,117,71,591,614,albopictus
train_03412.jpeg,2448,3264,891,1584,1468,1964,albopictus
train_03413.jpeg,3024,4032,1293,1796,1713,2411,culex
train_03422.jpeg,768,1024,346,238,474,389,culex
train_03428.jpeg,1024,1820,428,850,560,1001,culex
train_03430.jpeg,3264,2448,1356,859,1771,1411,albopictus
train_03439.jpeg,1932,2576,798,1152,1077,1496,culex
train_03443.jpeg,3024,4032,1108,1687,2071,2381,culex
train_03446.jpeg,1520,2688,799,1091,1002,1373,albopictus
train_03448.jpeg,3120,4160,760,2025,1803,3045,albopictus
train_03453.jpeg,3024,4032,632,1210,1889,2228,albopictus
train_03457.jpeg,1024,1365,310,209,643,607,culex
train_03459.jpeg,1024,2273,283,831,538,1087,culex
train_03460.jpeg,3000,4000,757,1386,2093,2604,culex
train_03461.jpeg,1024,1365,188,396,763,1066,culex
train_03464.jpeg,2240,4608,569,1580,1515,2316,culiseta
train_03472.jpeg,768,1024,427,455,553,574,culex
train_03481.jpeg,4160,2340,1887,984,2454,1635,albopictus
train_03487.jpeg,3000,4000,1381,1729,1917,2225,culex
train_03493.jpeg,2448,3264,1075,1370,1357,1673,albopictus
train_03500.jpeg,1024,1820,370,860,626,1116,culex
train_03502.jpeg,1520,2688,520,1237,760,1459,albopictus
train_03503.jpeg,4000,3000,573,281,3319,2806,albopictus
train_03509.jpeg,768,1024,284,481,433,638,albopictus
train_03515.jpeg,3000,4000,634,2374,1244,3112,culex
train_03517.jpeg,768,1024,390,562,496,687,culex
train_03518.jpeg,768,1024,255,409,480,559,culex
train_03533.jpeg,3024,4032,646,1356,1259,1947,albopictus
train_03534.jpeg,2252,4000,1198,1234,1846,1989,albopictus
train_03541.jpeg,3024,4032,908,1506,2206,2362,culex
train_03544.jpeg,1200,1600,458,458,863,969,culex
train_03545.jpeg,3022,1522,1142,521,1757,1187,culex
train_03547.jpeg,1365,1024,482,423,674,696,japonicus-koreicus
train_03548.jpeg,2988,5312,901,2525,1441,3262,albopictus
train_03550.jpeg,3024,4032,1270,2048,1640,2544,culex
train_03551.jpeg,3000,4000,69,489,2554,3722,japonicus-koreicus
train_03552.jpeg,3024,4032,1397,1738,1824,2356,albopictus
train_03558.jpeg,3024,4032,1073,1466,1837,2153,albopictus
train_03559.jpeg,1365,1024,314,160,622,596,culex
train_03560.jpeg,4608,2592,1986,922,2663,1602,culex
train_03562.jpeg,2268,4032,504,1409,1779,2062,albopictus
train_03564.jpeg,2240,4608,809,1141,1349,1772,culex
train_03565.jpeg,1024,2219,367,730,661,1016,culex
train_03571.jpeg,3468,4624,1160,1418,2060,2249,albopictus
train_03572.jpeg,1080,2400,486,981,755,1306,albopictus
train_03573.jpeg,4032,3024,1533,642,3316,2743,culex
train_03576.jpeg,1798,2397,600,976,955,1367,culex
train_03577.jpeg,504,505,140,112,320,340,albopictus
train_03582.jpeg,3264,2448,446,598,2512,1946,albopictus
train_03585.jpeg,1920,2560,798,1093,1121,1406,albopictus
train_03595.jpeg,1548,1548,101,237,989,1253,culex
train_03596.jpeg,3456,4608,945,2462,2040,3545,albopictus
train_03597.jpeg,828,1792,316,710,602,953,culex
train_03599.jpeg,1062,1416,463,666,612,798,albopictus
train_03601.jpeg,1080,1920,296,542,725,1064,culiseta
train_03602.jpeg,3096,4128,1334,1799,1604,2104,culex
train_03603.jpeg,2250,4000,365,860,1944,2569,culex
train_03611.jpeg,1600,1200,657,625,887,785,albopictus
train_03612.jpeg,960,1280,258,793,381,900,culex
train_03623.jpeg,2976,3968,837,1743,1577,2662,albopictus
train_03630.jpeg,768,1024,279,470,438,724,culiseta
train_03633.jpeg,1024,1365,145,147,730,823,culex
train_03636.jpeg,4032,2268,1363,485,3603,1861,albopictus
train_03637.jpeg,720,1600,229,643,582,966,culex
train_03639.jpeg,1440,2560,0,492,1116,1797,albopictus
train_03641.jpeg,768,1024,233,328,492,692,culex
train_03652.jpeg,1345,893,698,326,944,666,albopictus
train_03653.jpeg,1365,1024,737,425,911,562,culex
train_03655.jpeg,1200,1600,297,730,855,1209,albopictus
train_03664.jpeg,830,858,96,95,674,816,culex
train_03669.jpeg,3024,4032,987,1423,2215,2354,culiseta
train_03684.jpeg,2176,4608,587,1607,2088,2995,albopictus
train_03688.jpeg,1584,2816,726,1405,1053,1720,albopictus
train_03691.jpeg,768,1024,310,467,483,614,albopictus
train_03697.jpeg,2048,1536,885,490,1139,873,albopictus
train_03698.jpeg,4032,1860,1408,745,1875,1333,culex
train_03701.jpeg,768,1024,95,411,567,798,albopictus
train_03706.jpeg,4000,2250,1866,800,2137,1136,albopictus
train_03710.jpeg,3840,2160,1720,847,2223,1359,albopictus
train_03711.jpeg,1936,2592,403,235,1636,2082,albopictus
train_03712.jpeg,1024,1365,85,513,740,781,culex
train_03713.jpeg,1024,1365,347,816,630,1039,albopictus
train_03715.jpeg,2176,4608,765,1555,1572,2719,anopheles
train_03719.jpeg,586,782,135,253,464,566,albopictus
train_03720.jpeg,1115,945,144,170,808,727,albopictus
train_03723.jpeg,3468,4624,1008,2789,1510,3499,albopictus
train_03727.jpeg,3024,4032,914,1494,1215,1791,albopictus
train_03735.jpeg,1024,1365,391,562,607,802,culiseta
train_03737.jpeg,720,1280,316,502,477,654,albopictus
train_03740.jpeg,768,1024,5,422,634,843,culiseta
train_03751.jpeg,768,1024,412,518,533,658,culex
train_03752.jpeg,1560,1515,704,501,976,834,culex
train_03759.jpeg,1960,4032,392,1231,1528,2795,albopictus
train_03763.jpeg,1800,4000,711,1416,1041,1829,albopictus
train_03766.jpeg,3456,4608,1903,2308,2279,2691,albopictus
train_03772.jpeg,1200,1600,613,660,853,835,albopictus
train_03775.jpeg,768,1024,154,328,488,701,culex
train_03779.jpeg,2246,3998,1095,1860,1318,2053,culex
train_03780.jpeg,1024,1365,327,487,515,779,albopictus
train_03788.jpeg,904,1600,246,637,568,971,albopictus
train_03790.jpeg,2240,4608,581,1501,1738,2636,albopictus
train_03792.jpeg,3000,4000,803,1000,2257,2738,culex
train_03795.jpeg,1024,1365,491,623,589,700,culex
train_03797.jpeg,1024,2219,266,1172,618,1466,culex
train_03799.jpeg,1920,1080,324,103,1112,884,aegypti
train_03801.jpeg,2988,5312,1075,2215,1399,2524,albopictus
train_03802.jpeg,3000,4000,1331,1649,1761,2140,albopictus
train_03819.jpeg,1336,1529,209,83,1050,1336,albopictus
train_03827.jpeg,768,1024,314,447,443,564,culex
train_03829.jpeg,4000,3000,1943,846,2579,1817,albopictus
train_03833.jpeg,2448,3264,802,1003,2309,2260,albopictus
train_03838.jpeg,1230,1107,263,52,774,980,albopictus
train_03841.jpeg,1115,907,407,256,886,603,albopictus
train_03847.jpeg,2340,4160,1094,1676,1652,2116,albopictus
train_03849.jpeg,3024,4032,615,1730,2683,3161,albopictus
train_03853.jpeg,1600,1200,659,401,957,649,albopictus
train_03857.jpeg,4032,3024,915,515,2799,2335,culex
train_03866.jpeg,768,1024,332,380,408,492,culex
train_03870.jpeg,1024,1365,286,391,763,802,culex
train_03872.jpeg,572,588,96,64,509,532,culex
train_03874.jpeg,3024,4032,1242,1696,1873,2591,culex
train_03875.jpeg,1200,1600,360,1010,658,1316,culex
train_03876.jpeg,1080,1920,353,822,611,1019,albopictus
train_03877.jpeg,1024,1820,553,820,681,964,culex
train_03878.jpeg,768,1024,142,288,464,764,culex
train_03881.jpeg,3024,4032,957,1721,1856,2790,japonicus-koreicus
train_03887.jpeg,3840,5120,1585,2100,2972,3332,culex
train_03890.jpeg,1080,2400,162,609,893,1556,culex
train_03894.jpeg,4032,3024,1264,939,2865,2243,albopictus
train_03895.jpeg,768,1024,351,482,465,587,culex
train_03899.jpeg,3024,4032,1283,1648,1854,2254,culex
train_03900.jpeg,857,886,252,380,640,803,albopictus
train_03903.jpeg,1247,1291,241,219,816,925,japonicus-koreicus
train_03906.jpeg,3456,4608,1279,2008,2001,2519,culex
train_03910.jpeg,3096,4128,1958,2396,2334,2863,albopictus
train_03911.jpeg,1960,4032,131,888,1504,3170,culex
train_03913.jpeg,3024,4032,1020,2824,1616,3235,albopictus
train_03921.jpeg,3024,4032,116,419,2500,3473,albopictus
train_03940.jpeg,4032,1908,1419,431,1767,896,albopictus
train_03941.jpeg,768,1024,203,469,430,713,albopictus
train_03949.jpeg,3456,4608,1735,1961,3008,3235,culex
train_03950.jpeg,1265,996,401,26,825,940,albopictus
train_03952.jpeg,1908,4032,49,2164,1147,3077,albopictus
train_03954.jpeg,1200,1600,318,615,770,1006,albopictus
train_03958.jpeg,768,1024,230,240,483,511,albopictus
train_03959.jpeg,1514,1102,569,469,1066,757,albopictus
train_03963.jpeg,768,1024,91,209,593,554,albopictus
train_03966.jpeg,1024,1365,392,804,617,1064,albopictus
train_03968.jpeg,1932,2576,389,1130,838,1565,culex
train_03969.jpeg,1836,3264,903,958,1274,1382,albopictus
train_03976.jpeg,4000,3000,800,922,2784,2644,albopictus
train_03978.jpeg,1932,2576,727,1150,1048,1527,albopictus
train_03994.jpeg,1024,1818,317,496,689,887,japonicus-koreicus
train_03998.jpeg,3264,2448,1390,899,1806,1290,albopictus
train_04002.jpeg,3456,4608,373,1457,1829,2362,albopictus
train_04004.jpeg,4032,3024,1736,1442,3204,2659,albopictus
train_04011.jpeg,3072,4080,1310,1692,2690,2704,culex
train_04013.jpeg,1036,980,309,264,782,712,culex
train_04019.jpeg,1024,1365,351,498,760,1010,culex
train_04020.jpeg,3024,4032,1240,1582,1721,2079,culex
train_04024.jpeg,1080,1920,376,730,756,1189,culiseta
train_04025.jpeg,1280,720,380,247,750,619,albopictus
train_04027.jpeg,1024,1365,434,567,556,705,albopictus
train_04034.jpeg,768,1024,330,624,453,764,culex
train_04036.jpeg,720,643,126,177,494,442,albopictus
train_04037.jpeg,768,1024,172,457,287,627,culex
train_04041.jpeg,3456,4608,1017,1503,2498,2757,culex
train_04044.jpeg,768,1024,169,239,474,613,albopictus
train_04047.jpeg,818,579,200,83,668,398,albopictus
train_04049.jpeg,3024,4032,1544,1906,1866,2254,culex
train_04052.jpeg,1024,1820,360,733,740,1065,culex
train_04053.jpeg,1419,2299,861,836,1291,1363,culex
train_04058.jpeg,1365,1024,364,395,953,748,culex
train_04059.jpeg,3024,4032,980,1636,1291,1948,culex
train_04061.jpeg,1365,1024,496,413,1054,901,japonicus-koreicus
train_04063.jpeg,4032,2268,690,274,2709,1762,albopictus
train_04067.jpeg,1968,2624,781,1800,1184,2123,albopictus
train_04075.jpeg,1944,2592,405,882,1893,2043,culex
train_04088.jpeg,768,1024,206,260,726,682,culex
train_04089.jpeg,3024,4032,671,1082,2178,2810,albopictus
train_04090.jpeg,1600,1200,512,320,803,920,culex
train_04093.jpeg,3024,4032,414,1152,2751,3799,albopictus
train_04102.jpeg,1365,1024,398,274,924,687,culex
train_04107.jpeg,1600,1600,584,482,930,1081,albopictus
train_04108.jpeg,1166,2592,253,1410,822,1971,culex
train_04110.jpeg,1365,1024,549,385,669,538,culex
train_04111.jpeg,4032,3024,845,668,3032,2382,albopictus
train_04118.jpeg,640,1136,58,83,538,567,albopictus
train_04126.jpeg,2448,3264,1009,1679,1284,2071,albopictus
train_04129.jpeg,1024,1365,434,441,812,867,culex
train_04131.jpeg,899,1599,88,638,619,951,albopictus
train_04134.jpeg,927,1236,179,94,883,1015,albopictus
train_04141.jpeg,1944,2592,404,263,1436,1617,albopictus
train_04143.jpeg,1024,1821,225,710,1024,1353,albopictus
train_04155.jpeg,1840,3984,700,1820,1221,2389,culex
train_04163.jpeg,830,1106,268,448,563,734,culex
train_04164.jpeg,2268,4032,754,1671,1207,1955,albopictus
train_04173.jpeg,2532,3376,256,266,2532,3080,albopictus
train_04175.jpeg,1365,1024,502,144,1149,797,culex
train_04176.jpeg,3024,4032,870,1460,1459,2054,culex
train_04177.jpeg,3456,4608,1339,2381,1773,2821,albopictus
train_04185.jpeg,3120,4160,1162,1753,2254,2689,albopictus
train_04199.jpeg,2592,5616,502,2266,1171,3025,albopictus
train_04200.jpeg,2129,1024,615,195,1005,668,culex
train_04203.jpeg,1024,1365,376,507,658,871,culex
train_04206.jpeg,1385,1385,335,309,1092,760,culiseta
train_04207.jpeg,2861,2127,779,338,1168,749,albopictus
train_04211.jpeg,1024,1365,339,525,563,731,culex
train_04212.jpeg,1694,1960,519,723,1080,1396,japonicus-koreicus
train_04213.jpeg,3024,4032,955,1080,2016,2503,albopictus
train_04214.jpeg,1024,2219,82,374,969,1455,culex
train_04219.jpeg,3000,4000,1262,1851,1780,2496,culex
train_04234.jpeg,768,1024,302,385,571,726,albopictus
train_04236.jpeg,768,1024,141,388,640,916,albopictus
train_04241.jpeg,758,758,144,181,386,533,albopictus
train_04242.jpeg,2976,3968,350,1174,2210,2976,culex
train_04248.jpeg,4032,3024,2189,1421,2465,1711,albopictus
train_04249.jpeg,3000,3000,793,1189,1640,1811,albopictus
train_04250.jpeg,1816,4032,599,1695,1084,2250,culex
train_04258.jpeg,3024,4032,1060,1868,1763,2738,albopictus
train_04259.jpeg,1365,1024,576,250,841,471,culex
train_04266.jpeg,1024,1365,473,500,656,722,culex
train_04268.jpeg,1024,1820,370,389,747,831,culex
train_04278.jpeg,768,1024,443,414,601,664,culex
train_04283.jpeg,1024,2106,224,508,753,964,culex
train_04287.jpeg,768,1024,134,366,340,542,culex
train_04288.jpeg,3096,4128,558,1258,2442,2856,albopictus
train_04291.jpeg,932,931,430,270,638,468,albopictus
train_04293.jpeg,961,968,38,102,776,879,culex
train_04297.jpeg,2448,3264,1082,1417,1344,1700,albopictus
train_04306.jpeg,1200,1600,278,383,688,720,culex
train_04312.jpeg,4080,3072,1929,1607,2538,2079,japonicus-koreicus
train_04314.jpeg,2610,4640,192,1991,2379,2874,culiseta
train_04316.jpeg,1944,2592,583,972,1486,1874,japonicus-koreicus
train_04321.jpeg,3024,4032,815,2535,1256,2852,culex
train_04324.jpeg,1816,4032,321,1001,1313,2088,japonicus-koreicus
train_04326.jpeg,1242,2208,404,1078,680,1296,albopictus
train_04329.jpeg,2448,3264,988,1215,1411,1650,culex
train_04333.jpeg,480,640,238,243,307,343,albopictus
train_04334.jpeg,1440,2560,550,1313,816,1574,albopictus
train_04345.jpeg,1024,2219,97,813,1002,1539,culex
train_04351.jpeg,4032,3024,488,166,3442,2330,culex
train_04354.jpeg,1024,1365,409,755,601,936,albopictus
train_04357.jpeg,644,800,21,61,619,719,albopictus
train_04359.jpeg,1932,2576,677,1233,953,1531,culex
train_04374.jpeg,2448,3264,860,1321,1332,1621,albopictus
train_04379.jpeg,1920,2560,753,1353,1035,1667,albopictus
train_04385.jpeg,3000,4000,214,2916,1691,3882,albopictus
train_04400.jpeg,768,1024,47,151,666,563,albopictus
train_04401.jpeg,1816,4032,271,1331,993,2123,culex
train_04405.jpeg,3024,4032,1078,1385,1767,2469,culex
train_04408.jpeg,768,1024,279,515,415,610,culex
train_04411.jpeg,3024,4032,1128,1743,1849,2643,japonicus-koreicus
train_04412.jpeg,555,556,127,64,427,442,culex
train_04413.jpeg,1080,2160,315,805,754,1366,culex
train_04417.jpeg,720,1440,149,426,620,808,culex
train_04428.jpeg,6000,4000,3610,2663,4097,3122,albopictus
train_04432.jpeg,768,1024,192,54,684,706,albopictus
train_04440.jpeg,3024,4032,1067,1572,1534,2183,culex
train_04446.jpeg,3024,4032,470,1110,2764,3279,culex
train_04447.jpeg,1600,1200,334,289,566,462,albopictus
train_04449.jpeg,768,1024,227,379,467,673,albopictus
train_04451.jpeg,3024,4032,1449,1782,1685,1931,albopictus
train_04453.jpeg,2592,1944,1013,551,1481,1184,culex
train_04457.jpeg,1024,1365,441,886,582,1064,culex
train_04458.jpeg,3000,4000,1105,1916,1855,2682,culex
train_04471.jpeg,1200,1600,207,396,629,785,albopictus
train_04475.jpeg,3024,4032,729,1389,2242,2383,culex
train_04481.jpeg,3024,4032,724,1304,1312,1944,culiseta
train_04483.jpeg,768,1024,212,242,644,649,culex
train_04486.jpeg,3096,4128,458,1123,1903,2824,albopictus
train_04493.jpeg,3456,3456,1207,1410,1642,2113,culex
train_04497.jpeg,1024,1365,391,467,659,764,culex
train_04500.jpeg,3968,2976,1682,594,3300,2801,albopictus
train_04508.jpeg,3024,4032,1572,2004,2071,2402,japonicus-koreicus
train_04512.jpeg,2592,1936,858,820,1107,1057,albopictus
train_04521.jpeg,1152,2560,275,1033,937,1647,albopictus
train_04532.jpeg,1599,899,805,438,950,599,albopictus
train_04533.jpeg,2272,4032,634,1493,1330,2200,culex
train_04536.jpeg,796,981,199,175,640,689,albopictus
train_04538.jpeg,768,1024,161,147,748,648,albopictus
train_04544.jpeg,1024,2163,388,657,627,1068,culex
train_04548.jpeg,2250,4000,511,494,2037,2456,albopictus
train_04556.jpeg,4000,3000,1317,1021,2198,2414,culex
train_04558.jpeg,4000,3000,1433,1609,2489,2350,culiseta
train_04560.jpeg,838,1189,283,351,584,706,culex
train_04564.jpeg,1183,1860,445,802,707,1088,culex
train_04570.jpeg,1024,1365,431,777,501,855,culex
train_04571.jpeg,1600,900,751,462,950,644,albopictus
train_04572.jpeg,1024,1820,475,451,718,712,aegypti
train_04574.jpeg,6720,4480,1497,202,4829,4358,albopictus
train_04576.jpeg,1024,1365,373,567,502,730,albopictus
train_04581.jpeg,720,1600,217,496,460,704,albopictus
train_04582.jpeg,768,1024,45,24,553,739,albopictus
train_04587.jpeg,3472,4640,1153,1853,2106,3118,culex
train_04589.jpeg,1024,1365,116,471,539,831,culex
train_04590.jpeg,768,1024,278,449,479,688,culex
train_04593.jpeg,1200,1600,402,633,825,1022,albopictus
train_04598.jpeg,2592,4608,1089,2106,1395,2505,albopictus
train_04600.jpeg,2560,1440,226,194,1458,1404,culex
train_04606.jpeg,2992,4000,1325,1243,2067,1976,culex
train_04611.jpeg,2448,3264,934,1540,1620,1922,albopictus
train_04613.jpeg,1024,1365,220,236,812,900,culex
train_04616.jpeg,1456,2592,617,1090,887,1392,albopictus
train_04618.jpeg,2079,2670,368,441,614,666,albopictus
train_04622.jpeg,1198,1533,387,523,787,994,culex
train_04630.jpeg,2268,4032,936,2066,1378,2542,albopictus
train_04632.jpeg,3024,4032,729,2083,2043,3460,albopictus
train_04637.jpeg,1024,1820,430,1103,635,1288,culex
train_04638.jpeg,3024,4032,1247,1813,1555,2102,albopictus
train_04641.jpeg,804,804,313,393,524,602,albopictus
train_04647.jpeg,768,1024,197,410,477,624,albopictus
train_04648.jpeg,1600,1200,646,410,960,733,albopictus
train_04651.jpeg,1365,1024,485,490,712,672,albopictus
train_04654.jpeg,1024,1820,509,792,709,1001,albopictus
train_04658.jpeg,4000,3000,854,433,3113,2067,culex
train_04667.jpeg,768,1024,222,256,568,673,culiseta
train_04672.jpeg,913,914,296,251,637,498,albopictus
train_04675.jpeg,1024,1365,366,601,815,934,culiseta
train_04677.jpeg,3024,4032,1005,1696,1720,2546,culex
train_04682.jpeg,3024,4032,650,1507,1944,2437,albopictus
train_04693.jpeg,720,1280,53,152,720,941,japonicus-koreicus
train_04694.jpeg,3000,4000,812,1382,1974,2501,culex
train_04699.jpeg,738,738,85,23,693,708,culex
train_04703.jpeg,4000,3000,1461,1001,2501,1925,albopictus
train_04707.jpeg,3840,5120,1525,2568,2242,3935,culiseta
train_04710.jpeg,4000,3000,1128,909,1631,1431,albopictus
train_04715.jpeg,3024,4032,1089,1903,1868,2546,albopictus
train_04717.jpeg,3024,4032,575,433,2759,2903,culex
train_04718.jpeg,3000,4000,1023,2061,1457,2489,albopictus
train_04726.jpeg,2129,1024,784,350,1289,712,culex
train_04734.jpeg,1962,1400,574,422,1147,1051,culex
train_04741.jpeg,1932,2576,557,398,1091,1122,albopictus
train_04746.jpeg,1365,1024,348,76,935,807,culiseta
train_04753.jpeg,1578,1756,193,322,1410,1553,albopictus
train_04757.jpeg,1024,2048,68,447,992,1137,culex
train_04758.jpeg,2448,3264,336,1086,1259,1944,albopictus
train_04761.jpeg,1024,1367,442,680,600,840,culex
train_04765.jpeg,315,252,133,78,228,204,albopictus
train_04769.jpeg,2976,3968,821,1637,1717,2808,albopictus
train_04774.jpeg,1262,1497,378,328,892,773,culex
train_04778.jpeg,4208,2368,2271,1034,2495,1284,albopictus
train_04781.jpeg,3024,4032,926,1301,1550,1993,culex
train_04787.jpeg,768,1024,111,410,387,668,culex
train_04788.jpeg,2268,4032,659,1626,1232,2425,culex
train_04794.jpeg,768,1024,333,584,533,742,culex
train_04802.jpeg,960,1600,67,414,748,1346,albopictus
train_04805.jpeg,3120,4160,1468,1763,1995,2410,culex
train_04812.jpeg,2736,3648,477,1071,2449,3249,culex
train_04813.jpeg,2976,3968,1336,1488,2126,2511,albopictus
train_04815.jpeg,768,1024,166,550,428,840,culex
train_04818.jpeg,4032,3024,1521,922,2579,1999,albopictus
train_04823.jpeg,3024,3024,1016,1508,1601,2193,culex
train_04825.jpeg,1872,4000,646,1565,849,1781,culex
train_04826.jpeg,1024,2272,350,952,655,1349,culex
train_04834.jpeg,3456,4608,1302,1294,2000,2117,culex
train_04840.jpeg,987,1568,69,36,864,1416,albopictus
train_04842.jpeg,1600,900,687,286,896,567,albopictus
train_04846.jpeg,3024,4032,1486,1769,1999,2557,anopheles
train_04851.jpeg,768,1024,307,390,432,522,albopictus
train_04853.jpeg,460,1024,184,432,282,531,culex
train_04860.jpeg,768,1024,374,503,520,636,albopictus
train_04863.jpeg,640,1136,82,333,571,864,albopictus
train_04870.jpeg,1358,900,488,383,778,615,albopictus
train_04877.jpeg,3096,4128,980,2195,1843,2940,albopictus
train_04883.jpeg,856,832,116,49,671,772,culiseta
train_04888.jpeg,1024,1365,335,451,539,685,culex
train_04892.jpeg,4624,3468,336,516,1400,1474,albopictus
train_04896.jpeg,3120,4160,1416,1855,1796,2190,albopictus
train_04914.jpeg,3024,4032,516,1286,2076,2855,albopictus
train_04918.jpeg,768,1024,221,409,547,698,culex
train_04919.jpeg,1024,2273,298,668,782,1440,albopictus
train_04920.jpeg,4032,3024,1236,1125,1859,1696,albopictus
train_04928.jpeg,768,1024,154,440,422,713,culex
train_04931.jpeg,3024,4032,868,1817,1956,2766,albopictus
train_04935.jpeg,4000,3000,1412,1058,1854,1427,albopictus
train_04938.jpeg,3000,4000,925,1728,2127,2780,culex
train_04941.jpeg,1024,2164,274,683,786,1282,culiseta
train_04943.jpeg,993,1061,272,288,597,688,albopictus
train_04945.jpeg,3120,4160,703,914,1817,2563,albopictus
train_04946.jpeg,720,1456,50,292,643,738,culex
train_04948.jpeg,4160,2336,1639,363,3937,2114,albopictus
train_04953.jpeg,750,1334,36,349,734,1039,japonicus-koreicus
train_04961.jpeg,768,1024,243,373,514,612,culex
train_04966.jpeg,3000,4000,1726,1926,2537,3106,albopictus
train_04969.jpeg,4608,2592,2035,431,2700,1475,albopictus
train_04974.jpeg,1925,2031,706,756,1047,1054,albopictus
train_04981.jpeg,3024,4032,1209,2374,1661,2750,culex
train_04983.jpeg,1623,1605,532,302,800,608,culex
train_04986.jpeg,1868,4000,303,1493,1841,3010,japonicus-koreicus
train_04991.jpeg,4248,5664,838,1773,2774,3930,culex
train_04995.jpeg,1024,1024,409,180,784,573,culex
train_04998.jpeg,1365,1024,205,406,1029,804,culex
train_05000.jpeg,3468,4624,1131,444,1833,1247,culex
train_05002.jpeg,608,1024,113,360,483,956,albopictus
train_05007.jpeg,3024,4032,1195,2013,1631,2365,albopictus
train_05008.jpeg,1024,1822,196,692,449,935,albopictus
train_05009.jpeg,4000,1824,2060,213,2866,910,culiseta
train_05011.jpeg,3000,4000,680,1634,1661,2770,culex
train_05014.jpeg,3840,5120,1005,1886,2279,3135,albopictus
train_05018.jpeg,1932,2576,286,1205,913,1720,albopictus
train_05023.jpeg,3024,4032,1348,1881,1722,2195,albopictus
train_05024.jpeg,548,464,89,63,438,398,albopictus
train_05028.jpeg,1152,2048,397,935,718,1199,albopictus
train_05043.jpeg,1218,723,478,365,850,698,culex
train_05047.jpeg,1024,2273,101,255,962,1065,anopheles
train_05049.jpeg,1238,1469,332,236,844,849,albopictus
train_05052.jpeg,3096,4128,1749,2221,2094,2626,albopictus
train_05053.jpeg,1024,1024,307,78,718,487,culex
train_05069.jpeg,736,746,194,79,657,698,culex
train_05076.jpeg,750,1334,249,564,515,782,albopictus
train_05078.jpeg,3456,4608,788,1748,1967,2919,culex
train_05079.jpeg,768,1024,169,428,466,642,culex
train_05081.jpeg,3000,4000,848,1694,2031,3092,culex
train_05083.jpeg,980,1545,221,690,536,962,albopictus
train_05086.jpeg,1024,1365,331,815,648,1222,culex
train_05087.jpeg,1728,2304,666,1128,977,1387,culex
train_05088.jpeg,3024,4032,964,1345,2015,2607,culiseta
train_05089.jpeg,4032,1908,418,762,1633,1492,culex
train_05091.jpeg,765,1024,290,437,473,538,culiseta
train_05093.jpeg,1024,1820,339,509,731,950,albopictus
train_05094.jpeg,768,1024,326,415,456,581,culex
train_05100.jpeg,3024,4032,1185,1545,1639,2173,culex
train_05104.jpeg,3024,4032,987,1667,2092,2699,albopictus
train_05106.jpeg,768,1024,247,145,470,483,culex
train_05109.jpeg,768,1024,283,476,393,622,culex
train_05117.jpeg,768,1024,272,413,437,596,culex
train_05126.jpeg,1024,1365,336,617,523,794,culex
train_05127.jpeg,1600,1200,439,515,714,698,albopictus
train_05134.jpeg,3096,4128,1288,2046,1669,2402,albopictus
train_05141.jpeg,768,1024,62,346,371,614,culex
train_05147.jpeg,839,840,171,113,702,751,culex
train_05148.jpeg,1659,1680,610,694,1018,1046,albopictus
train_05152.jpeg,3000,4000,213,653,2417,2594,culex
train_05154.jpeg,1679,1366,568,586,910,954,culex
train_05157.jpeg,2268,3466,1057,1192,1412,1592,albopictus
train_05164.jpeg,3024,4032,1147,2295,1977,2907,albopictus
train_05167.jpeg,768,1024,336,388,439,483,culex
train_05168.jpeg,1024,1024,237,176,654,665,culex
train_05170.jpeg,3024,4032,1662,1571,2041,1971,culex
train_05175.jpeg,666,683,159,143,398,574,albopictus
train_05177.jpeg,2023,2033,611,1060,1128,1468,culex
train_05180.jpeg,1024,1365,453,580,570,737,albopictus
train_05182.jpeg,936,937,225,278,475,543,albopictus
train_05184.jpeg,3000,4000,1819,2118,2548,2874,culex
train_05191.jpeg,3264,2448,1026,1295,2092,2015,albopictus
train_05199.jpeg,3024,4032,481,843,2457,2766,culiseta
train_05200.jpeg,1024,2219,132,946,333,1165,albopictus
train_05203.jpeg,1024,2163,321,739,525,941,culex
train_05205.jpeg,2304,4608,984,2272,1654,2769,albopictus
train_05210.jpeg,1024,1365,321,422,567,740,culex
train_05212.jpeg,3120,4160,1052,1388,2111,3136,albopictus
train_05214.jpeg,1936,2592,330,965,1038,1742,albopictus
train_05215.jpeg,1960,4032,920,1865,1223,2167,culex
train_05216.jpeg,768,1024,252,473,456,706,culiseta
train_05221.jpeg,1024,1820,243,361,797,939,anopheles
train_05225.jpeg,3456,3456,1052,1202,2394,2574,albopictus
train_05228.jpeg,2250,4000,750,977,1925,2731,culex
train_05232.jpeg,2268,4032,482,1067,959,2141,culex
train_05234.jpeg,3024,4032,854,1521,1904,2337,albopictus
train_05237.jpeg,1013,1001,142,198,814,863,culex
train_05239.jpeg,2217,1024,939,448,1176,658,culex
train_05240.jpeg,768,1024,334,474,409,559,culex
train_05242.jpeg,768,1024,279,675,386,831,culex
train_05243.jpeg,693,730,162,167,540,609,albopictus
train_05256.jpeg,2736,4864,1025,2157,1925,3179,albopictus
train_05258.jpeg,3000,4000,996,1332,1852,2178,culex
train_05259.jpeg,1183,1251,437,323,884,704,albopictus
train_05260.jpeg,3888,2592,1716,1090,2130,1542,albopictus
train_05261.jpeg,3000,4000,1288,1770,1732,2739,culex
train_05269.jpeg,4032,3024,1514,1644,2069,2207,albopictus
train_05273.jpeg,1097,877,273,246,750,722,culex
train_05291.jpeg,768,1024,227,388,549,571,culex
train_05296.jpeg,2268,4032,768,1772,1148,2254,culex
train_05299.jpeg,1000,813,192,175,794,599,culex
train_05305.jpeg,3024,4032,1200,1734,1817,2349,culex
train_05312.jpeg,1920,2560,690,1271,1110,1559,culex
train_05314.jpeg,5312,2988,1607,1045,2055,1411,albopictus
train_05315.jpeg,3000,4000,979,1891,2154,2700,albopictus
train_05316.jpeg,1960,4032,416,847,808,1300,culex
train_05321.jpeg,2084,4624,550,2132,1420,2993,japonicus-koreicus
train_05327.jpeg,821,821,186,221,459,465,albopictus
train_05330.jpeg,3456,4608,1324,1358,1870,2151,culex
train_05335.jpeg,1024,1365,402,498,771,899,culex
train_05341.jpeg,2988,5312,185,1642,2680,3427,aegypti
train_05344.jpeg,842,645,130,136,230,228,albopictus
train_05350.jpeg,1024,1365,217,313,642,906,culex
train_05354.jpeg,3264,2448,1126,736,2213,1652,albopictus
train_05361.jpeg,768,1024,224,627,386,721,culex
train_05367.jpeg,768,1024,331,490,410,568,albopictus
train_05368.jpeg,1024,1365,67,259,695,854,culex
train_05378.jpeg,1024,2330,372,581,948,1007,culex
train_05379.jpeg,1007,1513,329,575,627,1008,culex
train_05383.jpeg,2448,3264,1121,1305,2103,2230,albopictus
train_05387.jpeg,768,1024,278,482,420,611,culex
train_05389.jpeg,768,1024,234,369,368,501,culex
train_05397.jpeg,982,982,290,277,508,591,albopictus
train_05404.jpeg,3024,4032,1261,1886,1679,2322,albopictus
train_05408.jpeg,4160,3120,1663,1056,2251,1900,culex
train_05410.jpeg,4640,3472,3397,1532,4110,1898,culex
train_05415.jpeg,3000,4000,807,1926,1873,2936,culex
train_05417.jpeg,4000,3000,2196,1316,2416,1546,albopictus
train_05423.jpeg,2992,4000,826,1736,1877,2581,culex
train_05424.jpeg,752,752,201,274,555,649,culiseta
train_05425.jpeg,2592,4608,1106,2060,1576,2588,culex
train_05440.jpeg,1080,1920,390,569,569,724,albopictus
train_05443.jpeg,3024,4032,1372,1873,1799,2242,culex
train_05445.jpeg,2988,5312,229,1190,2564,2749,culex
train_05447.jpeg,768,1024,72,453,386,666,culex
train_05448.jpeg,4032,1960,2039,616,2513,1039,japonicus-koreicus
train_05460.jpeg,1960,4032,810,1100,1314,1498,albopictus
train_05462.jpeg,3840,5120,743,1352,1838,2741,culiseta
train_05464.jpeg,3024,4032,1185,1082,1689,1905,culex
train_05465.jpeg,1024,1365,491,924,747,1128,albopictus
train_05468.jpeg,2448,5120,659,1941,1500,2874,culex
train_05469.jpeg,3000,4000,771,1339,1777,2430,culex
train_05470.jpeg,3000,4000,1042,2294,1400,2666,albopictus
train_05479.jpeg,4624,2088,1964,436,3661,2010,albopictus
train_05486.jpeg,4640,2088,1086,738,1939,1471,culex
train_05488.jpeg,1512,2016,549,604,1077,1371,culiseta
train_05489.jpeg,3024,4032,936,1419,2237,2668,anopheles
train_05496.jpeg,1024,2106,296,958,641,1307,culex
train_05499.jpeg,3000,4000,853,2032,1236,2344,culex
train_05500.jpeg,1284,2778,36,459,1207,1833,aegypti
train_05504.jpeg,768,1024,193,422,341,629,culex
train_05507.jpeg,3024,4032,1016,2177,1502,2665,albopictus
train_05509.jpeg,4160,3120,2124,944,2860,1732,albopictus
train_05516.jpeg,2690,3586,844,1141,1688,2315,culiseta
train_05519.jpeg,4608,3456,1046,765,2645,1927,culex
train_05520.jpeg,1343,1038,446,381,841,704,albopictus
train_05522.jpeg,4608,2592,1523,690,2159,1239,culex
train_05528.jpeg,1024,1365,432,538,564,718,culex
train_05531.jpeg,4032,2268,1763,710,2177,1025,culex
train_05536.jpeg,3024,4032,599,1227,2318,2287,culex
train_05538.jpeg,765,1024,47,374,593,844,albopictus
train_05539.jpeg,1024,1365,281,480,795,1003,anopheles
train_05545.jpeg,1500,2000,494,685,1054,1465,culex
train_05546.jpeg,3024,4032,1173,1217,2185,2028,albopictus
train_05549.jpeg,1024,2275,52,579,882,1532,culiseta
train_05552.jpeg,1024,1365,544,910,691,1024,albopictus
train_05556.jpeg,736,1600,277,677,423,788,culex
train_05557.jpeg,1166,2592,89,805,931,1901,culex
train_05560.jpeg,1944,2592,771,1262,1163,1574,japonicus-koreicus
train_05567.jpeg,3024,4032,948,1993,1817,2807,culex
train_05568.jpeg,768,1024,157,406,481,656,culex
train_05572.jpeg,1024,1365,446,470,639,709,culex
train_05577.jpeg,768,576,337,204,462,346,albopictus
train_05586.jpeg,3024,4032,1006,2529,1834,3446,culex
train_05588.jpeg,1024,1365,423,533,589,687,culex
train_05603.jpeg,3024,4032,1051,1320,2250,2895,albopictus
train_05604.jpeg,768,1024,258,458,376,611,culex
train_05606.jpeg,4000,3000,1955,827,2861,2498,culex
train_05607.jpeg,3024,4032,1233,1595,1904,2193,albopictus
train_05620.jpeg,3024,4032,0,1447,2396,3347,albopictus
train_05621.jpeg,1512,2016,547,744,1119,1125,culex
train_05624.jpeg,1024,1820,420,616,928,918,culex
train_05626.jpeg,768,1024,235,490,407,675,culex
train_05627.jpeg,3120,4160,1089,1273,2872,3138,albopictus
train_05628.jpeg,1458,2592,585,1100,889,1365,albopictus
train_05633.jpeg,2592,1166,672,375,1428,948,culex
train_05641.jpeg,2560,1920,1718,360,1979,638,albopictus
train_05642.jpeg,2448,3264,407,1228,1481,2597,japonicus-koreicus
train_05644.jpeg,1936,2592,458,534,1372,1467,albopictus
train_05645.jpeg,1024,1365,84,206,899,1139,culex
train_05648.jpeg,3000,4000,1221,1256,2009,1813,culiseta
train_05652.jpeg,3000,4000,743,1414,2577,3197,japonicus-koreicus
train_05656.jpeg,4032,1960,1219,750,1654,1095,albopictus
train_05666.jpeg,1024,2163,328,843,526,1066,culex
train_05668.jpeg,770,1024,340,500,557,819,albopictus
train_05672.jpeg,3024,4032,1358,1629,1714,1924,albopictus
train_05678.jpeg,1923,2093,794,741,1112,1315,culex
train_05682.jpeg,1960,4032,662,1861,1095,2389,albopictus
train_05688.jpeg,768,1024,376,404,498,518,albopictus
train_05689.jpeg,577,1024,136,350,310,494,culex
train_05693.jpeg,3456,4608,1481,2223,2277,2820,albopictus
train_05698.jpeg,768,1024,342,435,446,540,culex
train_05708.jpeg,1024,1365,534,456,696,599,culex
train_05709.jpeg,1536,2048,697,1208,903,1508,culex
train_05711.jpeg,2129,1024,673,463,1350,806,albopictus
train_05712.jpeg,2448,3264,1262,1354,1556,1697,albopictus
train_05719.jpeg,4080,3060,1820,1140,2358,1667,albopictus
train_05720.jpeg,768,1024,339,525,442,619,albopictus
train_05722.jpeg,750,1334,293,555,455,726,albopictus
train_05725.jpeg,353,323,25,56,306,275,albopictus
train_05726.jpeg,768,1024,282,384,421,579,culex
train_05730.jpeg,3000,4000,1445,2011,1806,2411,albopictus
train_05733.jpeg,3024,4032,1266,1629,1777,2308,albopictus
train_05736.jpeg,898,898,196,131,623,654,culex
train_05742.jpeg,2448,3264,837,1345,1344,2582,japonicus-koreicus
train_05747.jpeg,768,1024,222,404,563,720,culex
train_05751.jpeg,768,1024,298,448,419,535,albopictus
train_05753.jpeg,768,1024,161,41,666,655,albopictus
train_05762.jpeg,2448,3264,210,658,2291,2026,culex
train_05764.jpeg,1242,2208,35,758,1161,1321,albopictus
train_05766.jpeg,460,1024,147,191,368,600,culiseta
train_05767.jpeg,768,1024,118,60,549,712,culiseta
train_05774.jpeg,2217,1024,1101,456,1446,761,culex
train_05776.jpeg,2448,3264,1166,1529,1410,1816,albopictus
train_05780.jpeg,633,633,184,246,342,387,albopictus
train_05783.jpeg,1024,1365,268,404,548,867,culiseta
train_05786.jpeg,1800,4000,277,770,1558,2339,culex
train_05788.jpeg,1836,3264,486,1022,1780,2011,albopictus
train_05792.jpeg,3096,4128,959,1737,1943,2684,albopictus
train_05797.jpeg,4032,3024,1169,1300,2643,2182,albopictus
train_05803.jpeg,1080,2340,247,687,930,1528,albopictus
train_05805.jpeg,960,540,415,17,737,492,albopictus
train_05811.jpeg,3000,4000,969,1508,1308,1905,albopictus
train_05819.jpeg,966,1288,427,528,604,882,culex
train_05824.jpeg,3024,4032,260,636,1965,2646,culex
train_05827.jpeg,3120,4160,1348,1831,2552,3137,culiseta
train_05834.jpeg,3000,4000,1343,1670,1736,2293,albopictus
train_05842.jpeg,4000,3000,1117,1464,1433,1811,albopictus
train_05847.jpeg,1763,1953,349,270,1558,1735,culex
train_05854.jpeg,918,917,244,201,419,440,albopictus
train_05858.jpeg,4032,3024,972,297,2742,1740,culex
train_05862.jpeg,768,1024,315,410,405,553,culex
train_05864.jpeg,3456,3456,143,519,2591,3032,culiseta
train_05877.jpeg,3072,4096,1185,1603,1894,2380,albopictus
train_05878.jpeg,768,1024,221,535,375,680,culex
train_05880.jpeg,4032,3024,1508,655,2973,2052,albopictus
train_05887.jpeg,768,1024,217,172,509,534,albopictus
train_05892.jpeg,768,1024,293,532,465,662,albopictus
train_05894.jpeg,3024,4032,663,1030,2063,2663,culex
train_05895.jpeg,3024,4032,450,1773,1889,2809,culex
train_05897.jpeg,2268,4032,218,1021,1331,2187,culiseta
train_05898.jpeg,768,1024,263,332,573,655,albopictus
train_05905.jpeg,900,1600,294,632,467,846,albopictus
train_05907.jpeg,1024,1365,399,593,602,824,culex
train_05916.jpeg,2322,4128,1171,1761,1398,1986,albopictus
train_05919.jpeg,711,874,137,119,647,698,albopictus
train_05931.jpeg,3024,4032,806,1554,2034,2764,japonicus-koreicus
train_05937.jpeg,2088,4640,846,2168,1162,2483,culex
train_05950.jpeg,1365,1024,669,386,1096,684,culex
train_05957.jpeg,4000,3000,322,423,2618,2619,culex
train_05962.jpeg,3096,4128,1277,2021,1721,2544,albopictus
train_05964.jpeg,3024,4032,1125,1703,1651,2236,culex
train_05965.jpeg,1024,1365,524,640,626,760,albopictus
train_05967.jpeg,2015,2687,442,538,1896,1930,albopictus
train_05972.jpeg,1160,2576,169,858,818,1746,culex
train_05978.jpeg,2992,4000,782,1689,1504,2312,culex
train_05988.jpeg,1080,1920,426,667,653,1062,culex
train_05991.jpeg,768,1024,361,453,448,599,culex
train_05995.jpeg,2000,2136,656,689,1127,1283,culiseta
train_05999.jpeg,1200,1600,384,442,588,724,culex
train_06002.jpeg,1848,4000,449,1979,932,2352,albopictus
train_06014.jpeg,1200,1600,487,704,657,852,albopictus
train_06019.jpeg,609,549,128,115,485,399,albopictus
train_06021.jpeg,3968,2976,950,983,2842,2450,albopictus
train_06034.jpeg,6936,9248,1640,2021,5014,7601,culiseta
train_06042.jpeg,3472,4640,1017,1637,1850,2627,japonicus-koreicus
train_06046.jpeg,906,991,263,308,603,657,albopictus
train_06054.jpeg,3000,4000,911,1129,2157,2628,culex
train_06060.jpeg,1908,4032,158,632,1684,2600,albopictus
train_06065.jpeg,1024,1365,422,383,599,579,culex
train_06069.jpeg,3840,5120,410,1751,2246,3779,japonicus-koreicus
train_06073.jpeg,1168,2592,624,1292,995,1765,albopictus
train_06074.jpeg,768,1024,196,385,518,672,culex
train_06076.jpeg,768,1024,325,466,428,594,culex
train_06077.jpeg,848,1021,245,247,617,586,albopictus
train_06083.jpeg,3024,4032,1212,1725,1870,2357,albopictus
train_06089.jpeg,2448,3264,618,2199,1069,2645,albopictus
train_06091.jpeg,2233,1924,652,507,1800,1663,culex
train_06095.jpeg,1967,1968,937,675,1270,1116,albopictus
train_06096.jpeg,2208,1242,915,296,1339,884,albopictus
train_06097.jpeg,2448,3264,1161,1170,1543,1636,albopictus
train_06099.jpeg,768,1024,273,104,680,391,culex
train_06101.jpeg,768,1024,360,521,503,669,albopictus
train_06104.jpeg,1213,1466,328,230,802,933,culiseta
train_06105.jpeg,2268,4032,314,646,2051,2355,culiseta
train_06112.jpeg,3024,4032,1111,2150,2082,2922,albopictus
train_06115.jpeg,720,1600,307,675,453,879,culex
train_06120.jpeg,4032,3024,1472,125,3291,2445,culex
train_06122.jpeg,3472,4624,523,1289,2505,3904,culex
train_06123.jpeg,2976,3968,1188,2017,1642,2299,albopictus
train_06127.jpeg,3024,4032,1150,1780,1585,2240,culex
train_06132.jpeg,768,1024,320,421,512,580,culex
train_06133.jpeg,1024,708,440,228,663,475,albopictus
train_06136.jpeg,1638,2978,1084,1374,1180,1485,albopictus
train_06139.jpeg,768,1024,231,510,369,620,culex
train_06141.jpeg,1820,1024,827,303,966,460,culex
train_06142.jpeg,3024,4032,542,753,2215,2581,albopictus
train_06144.jpeg,768,1024,396,495,490,635,culex
train_06145.jpeg,1024,2273,327,820,523,1129,culex
train_06146.jpeg,768,1024,311,525,409,628,japonicus-koreicus
train_06147.jpeg,3120,4160,422,1957,2096,3124,culex
train_06154.jpeg,1029,921,340,449,670,698,albopictus
train_06155.jpeg,642,856,125,236,501,746,albopictus
train_06156.jpeg,814,699,133,64,648,523,culex
train_06157.jpeg,2592,1168,803,46,2304,1057,albopictus
train_06161.jpeg,2976,3968,183,1556,2911,3790,japonicus-koreicus
train_06166.jpeg,900,1600,151,662,431,873,albopictus
train_06167.jpeg,3120,4160,1351,1541,1754,1994,albopictus
train_06178.jpeg,1592,1662,526,641,1072,1181,culex
train_06182.jpeg,768,1024,156,334,524,671,culex
train_06185.jpeg,3024,4032,1299,1806,1701,2174,culex
train_06186.jpeg,1024,2216,429,883,824,1334,albopictus
train_06190.jpeg,3024,4032,1271,1907,1872,2351,culex
train_06202.jpeg,1024,1365,382,313,575,585,culex
train_06215.jpeg,3024,4032,1326,2291,2421,3044,albopictus
train_06219.jpeg,2448,3264,812,1329,1249,1651,albopictus
train_06221.jpeg,3120,4160,1078,1608,2220,2350,culex
train_06222.jpeg,2448,3264,928,1253,1496,1682,culex
train_06223.jpeg,960,1792,432,825,574,1031,culex
train_06226.jpeg,1024,1365,361,551,628,751,culiseta
train_06227.jpeg,1213,962,320,263,768,699,albopictus
train_06228.jpeg,3024,4032,1104,1952,1555,2446,culex
train_06229.jpeg,1269,1267,338,465,673,811,albopictus
train_06230.jpeg,5616,2808,2190,447,3420,2087,albopictus
train_06233.jpeg,1280,720,631,350,822,509,albopictus
train_06239.jpeg,4032,3024,1310,563,2949,2845,albopictus
train_06245.jpeg,3000,4000,1297,531,2608,2105,albopictus
train_06248.jpeg,3024,4032,1032,1841,1479,2384,culex
train_06249.jpeg,1932,2576,844,868,1485,1346,culex
train_06252.jpeg,1053,1568,311,547,710,922,albopictus
train_06255.jpeg,3024,4032,1394,1713,1844,2193,albopictus
train_06257.jpeg,4032,3024,2071,1143,2252,1369,albopictus
train_06263.jpeg,737,1024,165,260,373,507,culex
train_06264.jpeg,3024,4032,1561,1778,2235,2339,culex
train_06270.jpeg,3024,4032,775,1652,2057,2494,albopictus
train_06275.jpeg,3024,4032,1586,1528,1980,1867,albopictus
train_06276.jpeg,3024,4032,74,1996,1856,3347,aegypti
train_06278.jpeg,3000,4000,723,1534,2299,3623,albopictus
train_06282.jpeg,2736,3648,903,1838,2103,3337,albopictus
train_06284.jpeg,768,1024,200,423,411,636,culex
train_06285.jpeg,4608,2592,1951,1199,2598,1704,culex
train_06304.jpeg,960,540,251,195,681,510,albopictus
train_06309.jpeg,768,1024,132,276,494,724,culex
train_06313.jpeg,3456,4608,1346,1707,2795,3441,albopictus
train_06316.jpeg,960,2080,370,921,603,1152,culex
train_06324.jpeg,3264,2448,1926,984,2168,1285,albopictus
train_06329.jpeg,2368,5120,220,2033,1711,2906,culiseta
train_06334.jpeg,3840,2160,1307,1216,1742,1439,albopictus
train_06337.jpeg,1024,1365,283,520,741,908,culex
train_06341.jpeg,2227,2123,622,421,1321,1346,albopictus
train_06352.jpeg,1024,1365,433,276,663,493,culex
train_06354.jpeg,2311,2195,145,187,1883,2018,culex
train_06363.jpeg,768,1024,191,403,456,610,culex
train_06364.jpeg,1024,1365,407,703,575,858,culex
train_06368.jpeg,3000,4000,1061,2680,1359,2994,albopictus
train_06370.jpeg,3024,4032,1428,2504,1754,2821,culex
train_06374.jpeg,768,1024,292,442,498,633,culex
train_06380.jpeg,1024,1365,458,690,617,870,culex
train_06381.jpeg,1200,1600,227,486,765,1026,japonicus-koreicus
train_06394.jpeg,3456,4608,829,1439,2375,3253,albopictus
train_06396.jpeg,1200,1600,347,546,812,1061,albopictus
train_06402.jpeg,1920,2560,872,1160,1124,1358,albopictus
train_06408.jpeg,1024,1820,309,615,571,910,culex
train_06414.jpeg,2448,3264,671,860,1431,2122,albopictus
train_06415.jpeg,3120,4160,623,1455,1975,3418,albopictus
train_06427.jpeg,1024,1365,343,345,718,937,culex
train_06428.jpeg,1035,1600,265,412,794,955,culex
train_06430.jpeg,3024,4032,820,1138,2400,3306,albopictus
train_06433.jpeg,1108,1109,315,335,577,752,albopictus
train_06438.jpeg,2976,3968,319,1358,1900,2978,japonicus-koreicus
train_06442.jpeg,1051,965,351,374,526,610,culex
train_06443.jpeg,770,1024,218,572,425,840,culex
train_06445.jpeg,3024,4032,1548,1290,1924,1649,albopictus
train_06447.jpeg,3120,4160,1577,2712,2058,3147,albopictus
train_06449.jpeg,1024,2273,441,1104,579,1229,culex
train_06450.jpeg,1024,1363,26,98,662,864,culex
train_06451.jpeg,768,1024,273,427,364,532,culex
train_06454.jpeg,912,724,155,190,690,589,albopictus
train_06457.jpeg,1024,1820,489,466,598,599,albopictus
train_06461.jpeg,1365,1024,617,319,873,615,albopictus
train_06464.jpeg,1944,2592,956,1172,1311,1509,albopictus
train_06466.jpeg,1888,1593,671,622,1206,1072,albopictus
train_06467.jpeg,1243,1768,223,345,855,1009,japonicus-koreicus
train_06474.jpeg,2448,3264,809,966,1320,1393,albopictus
train_06477.jpeg,2448,3264,987,1331,1365,1758,albopictus
train_06478.jpeg,3000,4000,809,2045,1796,3038,albopictus
train_06481.jpeg,1848,4000,632,1471,1238,2307,culex
train_06489.jpeg,1024,1365,514,337,751,560,culex
train_06490.jpeg,3024,4032,1046,1415,2143,2634,albopictus
train_06491.jpeg,3264,1836,1407,791,1925,1201,albopictus
train_06492.jpeg,768,1024,274,418,525,593,culex
train_06497.jpeg,3000,4000,249,598,2638,2811,albopictus
train_06499.jpeg,1024,1365,207,449,446,715,albopictus
train_06502.jpeg,3000,4000,1574,1517,1917,2025,culex
train_06504.jpeg,1024,2106,363,995,800,1334,culex
train_06505.jpeg,1203,1344,244,664,580,1157,albopictus
train_06508.jpeg,1024,1365,181,175,855,1133,culex
train_06510.jpeg,3024,4032,811,607,2612,2651,culex
train_06512.jpeg,720,1280,0,273,720,955,albopictus
train_06513.jpeg,4160,3120,1908,1238,2974,1900,albopictus
train_06517.jpeg,1080,2160,275,462,1012,1477,culex
train_06519.jpeg,3024,4032,1119,1599,1632,2154,culiseta
train_06520.jpeg,748,438,233,29,519,418,albopictus
train_06534.jpeg,4160,2336,1696,887,2241,1444,albopictus
train_06540.jpeg,1440,2560,542,1017,1083,1349,albopictus
train_06542.jpeg,1024,1365,421,425,635,701,culex
train_06543.jpeg,1080,2220,183,457,785,1777,culex
train_06545.jpeg,1200,1600,337,489,526,654,japonicus-koreicus
train_06546.jpeg,720,1600,218,655,444,862,albopictus
train_06548.jpeg,3120,4160,631,1151,1609,2468,albopictus
train_06556.jpeg,1172,1478,631,485,898,751,albopictus
train_06561.jpeg,4032,3024,987,326,4032,2827,culex
train_06563.jpeg,3024,4032,1255,1285,2103,2061,culex
train_06565.jpeg,768,1024,189,372,428,609,culex
train_06570.jpeg,1012,1013,365,455,706,810,culex
train_06572.jpeg,3456,4608,1091,2299,2951,3555,albopictus
train_06575.jpeg,768,1024,300,610,373,694,albopictus
train_06576.jpeg,2736,3648,1003,1745,1787,2786,albopictus
train_06580.jpeg,1024,2219,225,791,765,1069,culex
train_06585.jpeg,3024,4032,1255,2580,1787,3136,albopictus
train_06597.jpeg,3024,4032,357,1082,2393,2741,culex
train_06600.jpeg,537,716,75,257,389,551,albopictus
train_06604.jpeg,2199,1560,637,434,1289,1008,albopictus
train_06605.jpeg,1036,927,278,240,809,723,culex
train_06610.jpeg,9000,12000,3290,5459,5503,7220,albopictus
train_06612.jpeg,768,1024,292,364,439,469,culex
train_06614.jpeg,3000,4000,603,1455,1803,2526,albopictus
train_06615.jpeg,768,1024,170,395,410,725,culex
train_06617.jpeg,3024,4032,41,1394,2174,3142,japonicus-koreicus
train_06619.jpeg,3120,4160,527,972,1546,1606,albopictus
train_06620.jpeg,768,1024,255,293,416,574,anopheles
train_06621.jpeg,1045,1064,443,318,689,648,albopictus
train_06636.jpeg,3648,2736,1996,570,2884,1307,culex
train_06640.jpeg,817,1090,203,317,535,608,culex
train_06643.jpeg,1024,1365,60,311,907,1168,culiseta
train_06645.jpeg,1024,2275,431,910,685,1147,culex
train_06646.jpeg,1024,2272,274,717,509,924,culex
train_06647.jpeg,2976,3968,1339,1573,1940,2199,japonicus-koreicus
train_06649.jpeg,1024,1820,294,830,557,1012,culex
train_06654.jpeg,3024,4032,1084,820,2295,2350,culex
train_06664.jpeg,1024,1365,437,851,632,1073,culiseta
train_06680.jpeg,768,1024,316,407,429,590,culex
train_06684.jpeg,3840,5120,1030,2580,1984,3980,culex
train_06688.jpeg,1836,3264,296,1447,1288,2187,albopictus
train_06693.jpeg,4248,5664,1917,3164,2976,4105,culex
train_06694.jpeg,2448,2448,1103,564,1739,1246,culex
train_06698.jpeg,4032,3024,1572,1000,1903,1420,culex
train_06699.jpeg,1304,1860,475,876,694,1200,albopictus
train_06702.jpeg,1024,2272,168,507,688,815,culex
train_06703.jpeg,3096,4128,1537,1906,2951,2819,albopictus
train_06706.jpeg,752,762,205,31,545,547,albopictus
train_06714.jpeg,2340,4160,816,1855,1329,2645,albopictus
train_06715.jpeg,2560,1536,1049,673,1508,985,albopictus
train_06723.jpeg,768,1024,338,474,434,560,japonicus-koreicus
train_06726.jpeg,768,1024,340,553,535,775,culex
train_06733.jpeg,1365,1024,692,145,1365,668,albopictus
train_06736.jpeg,3072,4080,597,1988,1923,3227,culex
train_06739.jpeg,768,1024,90,234,477,646,culex
train_06740.jpeg,1185,1021,399,320,670,581,albopictus
train_06742.jpeg,1574,1180,92,150,1406,973,culex
train_06744.jpeg,3072,4080,519,1251,3049,3823,culex
train_06745.jpeg,3000,4000,217,892,2581,3641,albopictus
train_06749.jpeg,768,1024,257,400,404,548,culex
train_06750.jpeg,3000,4000,1345,1232,2401,2148,albopictus
train_06751.jpeg,899,1599,245,522,584,808,albopictus
train_06756.jpeg,3024,4032,1349,2050,1725,2352,albopictus
train_06761.jpeg,3120,4208,1127,1868,1934,2760,culex
train_06765.jpeg,3024,4032,1156,1291,2572,3004,culex
train_06769.jpeg,1844,1939,751,882,1140,1273,albopictus
train_06771.jpeg,1160,2576,275,977,690,1369,culex
train_06773.jpeg,2268,4032,302,913,1877,2556,albopictus
train_06776.jpeg,2976,3968,1529,2097,2159,2705,culex
train_06778.jpeg,3000,4000,585,1139,2324,2908,culex
train_06781.jpeg,677,1204,54,337,539,866,japonicus-koreicus
train_06785.jpeg,940,935,209,333,732,724,japonicus-koreicus
train_06786.jpeg,1024,1365,110,329,760,1254,culex
train_06789.jpeg,1024,2272,407,561,845,977,albopictus
train_06795.jpeg,1600,1200,625,332,1035,915,culex
train_06796.jpeg,4032,3024,1816,1119,2823,2484,culex
train_06798.jpeg,1200,1600,341,696,709,1003,culex
train_06799.jpeg,1932,2576,552,779,1463,1529,culex
train_06802.jpeg,2268,4032,925,2164,1376,2514,albopictus
train_06805.jpeg,1024,2163,275,850,647,1193,culiseta
train_06808.jpeg,1510,2004,474,774,1136,1215,culex
train_06809.jpeg,4608,3456,3033,362,4206,1775,culex
train_06809.jpeg,4608,3456,1736,1444,2785,2554,culex
train_06809.jpeg,4608,3456,633,2300,2029,3357,culex
train_06810.jpeg,1024,1817,354,854,789,1373,culiseta
train_06814.jpeg,768,1024,290,428,599,885,culex
train_06817.jpeg,2448,3264,616,720,1668,2080,albopictus
train_06819.jpeg,768,1024,237,221,679,596,culex
train_06820.jpeg,2129,1024,546,365,1048,785,culex
train_06844.jpeg,676,800,123,205,498,483,albopictus
train_06845.jpeg,3456,4608,983,1633,2666,3534,culex
train_06849.jpeg,3024,4032,989,970,2438,2552,albopictus
train_06852.jpeg,1402,1095,217,251,928,882,japonicus-koreicus
train_06854.jpeg,768,1024,171,156,654,537,culex
train_06857.jpeg,1244,1196,391,343,752,915,culex
train_06866.jpeg,3264,2448,1630,805,2110,1268,albopictus
train_06877.jpeg,3024,4032,1241,1268,1788,1865,culex
train_06878.jpeg,1840,3984,551,1182,1183,2120,culex
train_06886.jpeg,3024,4032,980,1364,2324,3656,culex
train_06887.jpeg,3000,4000,783,960,1789,2294,culex
train_06891.jpeg,3096,4128,998,1991,2190,2966,albopictus
train_06893.jpeg,3024,4032,1334,2371,2015,3324,japonicus-koreicus
train_06894.jpeg,4608,3072,998,556,3280,2596,culex
train_06906.jpeg,1024,1365,281,604,941,1072,albopictus
train_06915.jpeg,768,1024,321,474,430,626,culex
train_06924.jpeg,3024,4032,637,1234,2108,2362,culex
train_06934.jpeg,3024,4032,1562,538,1957,891,albopictus
train_06934.jpeg,3024,4032,1470,866,2010,1210,albopictus
train_06937.jpeg,1200,1600,246,1157,516,1490,albopictus
train_06938.jpeg,1836,3264,521,867,952,1248,albopictus
train_06946.jpeg,903,862,172,230,660,784,albopictus
train_06950.jpeg,768,1024,488,690,627,806,albopictus
train_06951.jpeg,2592,1944,950,166,2202,1400,culex
train_06958.jpeg,2976,3968,993,2087,1323,2336,albopictus
train_06958.jpeg,2976,3968,821,2620,1288,3024,albopictus
train_06958.jpeg,2976,3968,1610,2453,1919,2715,albopictus
train_06958.jpeg,2976,3968,1276,2627,1546,2830,albopictus
train_06958.jpeg,2976,3968,1422,2778,1726,2986,albopictus
train_06960.jpeg,1242,1325,350,178,1064,1076,albopictus
train_06962.jpeg,3024,4032,653,853,2798,2555,culex
train_06963.jpeg,2304,4096,966,1862,1295,2172,albopictus
train_06967.jpeg,2160,3840,871,1780,1358,2106,albopictus
train_06968.jpeg,3120,4160,1233,1591,2225,2489,albopictus
train_06970.jpeg,1024,1024,142,45,824,947,albopictus
train_06972.jpeg,3264,2448,1033,978,1675,1601,albopictus
train_06973.jpeg,1152,1068,320,285,738,776,albopictus
train_06988.jpeg,1024,1365,297,813,479,951,albopictus
train_06990.jpeg,3024,4032,1620,1984,1870,2246,albopictus
train_06997.jpeg,1872,4160,422,1572,895,1965,albopictus
train_07002.jpeg,1168,2592,303,831,925,1840,albopictus
train_07004.jpeg,904,1600,135,448,585,876,culex
train_07007.jpeg,768,1024,355,257,553,467,culiseta
train_07008.jpeg,768,1024,167,355,496,697,culex
train_07008.jpeg,768,1024,22,675,248,903,culex
train_07016.jpeg,3024,4032,1215,1760,1991,2597,albopictus
train_07021.jpeg,768,1024,190,707,316,839,culex
train_07021.jpeg,768,1024,228,241,330,385,culex
train_07021.jpeg,768,1024,572,126,635,216,culex
train_07021.jpeg,768,1024,655,348,749,434,culex
train_07027.jpeg,3024,4032,1071,1346,2082,2576,albopictus
train_07030.jpeg,3120,4160,1570,2414,1937,2737,albopictus
train_07032.jpeg,1365,1024,621,416,780,642,albopictus
train_07036.jpeg,1280,720,475,102,1058,650,albopictus
train_07042.jpeg,1024,1365,351,639,536,961,japonicus-koreicus
train_07046.jpeg,3000,4000,602,1698,2349,3286,albopictus
train_07058.jpeg,3024,4032,577,1251,2494,2796,albopictus
train_07062.jpeg,4000,3000,2768,1607,3173,1952,culex
train_07066.jpeg,3024,4032,957,1701,1505,2148,albopictus
train_07069.jpeg,4032,3024,1630,1071,2870,2324,albopictus
train_07070.jpeg,2988,5312,1202,2129,1589,2547,culex
train_07072.jpeg,899,1599,249,656,646,1130,albopictus
train_07084.jpeg,3840,2160,1765,961,2074,1165,albopictus
train_07091.jpeg,3024,4032,1137,2144,1451,2560,albopictus
train_07095.jpeg,3000,4000,913,2484,1649,3165,culiseta
train_07098.jpeg,3456,4608,1595,2013,2088,2855,culex
train_07104.jpeg,1458,2592,269,622,1179,1689,culiseta
train_07106.jpeg,1024,1365,432,640,612,787,culex
train_07108.jpeg,1024,1365,475,537,849,786,albopictus
train_07109.jpeg,3024,4032,818,1434,1901,3232,culex
train_07117.jpeg,768,1024,235,448,332,564,culex
train_07120.jpeg,768,1024,276,403,448,557,culiseta
train_07127.jpeg,768,1024,374,617,469,711,culex
train_07129.jpeg,768,1024,426,650,596,754,albopictus
train_07134.jpeg,2976,3968,1545,2181,2200,3081,japonicus-koreicus
train_07135.jpeg,1024,1365,383,546,570,737,culex
train_07148.jpeg,3024,4032,1098,2529,1370,2771,albopictus
train_07149.jpeg,1206,1206,426,393,786,704,culex
train_07150.jpeg,3024,4032,855,1578,2394,3327,culex
train_07160.jpeg,768,1024,325,474,514,623,culex
train_07168.jpeg,3000,4000,1208,1128,2621,2358,albopictus
train_07170.jpeg,2576,1160,945,250,1300,505,culex
train_07182.jpeg,1365,1024,559,332,813,483,culex
train_07185.jpeg,3024,4032,1304,1666,1822,2196,culex
train_07191.jpeg,768,1024,375,489,478,595,albopictus
train_07192.jpeg,1024,1365,450,514,622,652,culex
train_07194.jpeg,1168,2592,124,539,803,1165,albopictus
train_07198.jpeg,3000,4000,427,559,2075,2676,albopictus
train_07199.jpeg,1687,1125,425,242,1111,965,albopictus
train_07203.jpeg,1520,2688,692,1200,1017,1769,albopictus
train_07205.jpeg,768,1024,435,569,556,682,anopheles
train_07206.jpeg,1024,1365,137,626,587,1013,culex
train_07210.jpeg,580,896,147,173,428,594,culex
train_07224.jpeg,4160,3120,1786,1154,2438,1716,albopictus
train_07225.jpeg,1381,1024,539,224,891,652,culex
train_07226.jpeg,1496,1496,529,376,833,808,albopictus
train_07227.jpeg,1960,4032,789,1662,1202,2075,albopictus
train_07230.jpeg,1440,2560,134,484,1318,2320,culex
train_07231.jpeg,3024,4032,864,1503,1446,2218,albopictus
train_07235.jpeg,986,983,114,141,745,857,albopictus
train_07237.jpeg,1840,4000,738,1805,957,2024,albopictus
train_07244.jpeg,6936,9248,3640,4988,4199,5509,albopictus
train_07250.jpeg,3024,4032,1295,1842,2285,3065,albopictus
train_07251.jpeg,3024,4032,700,895,2937,2729,japonicus-koreicus
train_07254.jpeg,4608,2304,1700,820,2110,1213,albopictus
train_07256.jpeg,2592,1944,584,33,1747,1422,culex
train_07263.jpeg,3000,4000,1425,2550,2042,3340,culex
train_07271.jpeg,1908,4032,616,731,1244,1332,albopictus
train_07280.jpeg,1543,2002,566,697,854,1108,culex
train_07285.jpeg,2752,5664,611,2248,1840,3381,albopictus
train_07288.jpeg,3024,4032,789,548,2575,2339,culiseta
train_07290.jpeg,2280,2006,469,130,1848,1720,japonicus-koreicus
train_07292.jpeg,2592,4608,1280,1843,1468,2101,culex
train_07294.jpeg,3120,4160,675,2858,988,3159,albopictus
train_07297.jpeg,1816,4032,651,1816,1086,2234,culex
train_07298.jpeg,2160,2880,303,335,1699,2196,albopictus
train_07299.jpeg,1868,4000,525,1957,1266,2688,culiseta
train_07301.jpeg,1280,960,507,319,752,625,albopictus
train_07304.jpeg,3024,4032,1005,1488,1969,2772,culex
train_07305.jpeg,2448,3264,1616,1722,2080,2056,albopictus
train_07308.jpeg,3264,1836,1074,604,2150,1732,albopictus
train_07310.jpeg,1908,4032,685,1776,1348,2605,japonicus-koreicus
train_07311.jpeg,2240,4608,1038,1256,1535,1788,culex
train_07317.jpeg,1600,904,672,277,1161,614,culex
train_07318.jpeg,2448,3264,631,1443,1051,1893,albopictus
train_07321.jpeg,3000,4000,911,1831,1589,2245,culex
train_07326.jpeg,3024,4032,180,2994,1242,3899,albopictus
train_07332.jpeg,3000,4000,877,1657,1218,2068,culex
train_07333.jpeg,1365,1024,515,359,717,562,culex
train_07335.jpeg,2084,1450,239,185,1515,1440,albopictus
train_07339.jpeg,3024,4032,1443,1634,1691,1913,culex
train_07343.jpeg,3024,4032,1658,1258,1949,1529,albopictus
train_07348.jpeg,1055,1055,281,228,731,507,albopictus
train_07349.jpeg,633,638,177,238,423,429,japonicus-koreicus
train_07350.jpeg,2592,4608,571,1214,1631,2537,albopictus
train_07352.jpeg,768,1024,328,549,439,653,culex
train_07356.jpeg,3024,4032,1333,2014,1993,2623,culex
train_07361.jpeg,1024,1363,356,533,701,873,aegypti
train_07364.jpeg,1684,1305,101,360,1527,954,culex
train_07378.jpeg,808,1023,105,235,582,855,japonicus-koreicus
train_07382.jpeg,2448,3264,1181,1844,1369,2115,albopictus
train_07396.jpeg,1908,4032,127,1036,1908,2820,albopictus
train_07399.jpeg,2250,4000,839,1767,1389,2081,culex
train_07400.jpeg,768,1024,256,519,450,665,culex
train_07401.jpeg,2448,3264,922,1508,1189,1846,albopictus
train_07402.jpeg,1200,1599,544,741,678,898,albopictus
train_07403.jpeg,1365,1024,568,264,880,758,japonicus-koreicus
train_07406.jpeg,1200,1600,232,743,718,1239,albopictus
train_07407.jpeg,771,1024,278,358,434,569,culex
train_07411.jpeg,768,1024,294,463,426,587,culex
train_07416.jpeg,3024,4032,1104,2085,1528,2605,culex
train_07429.jpeg,4608,3456,1556,1146,2633,2146,albopictus
train_07432.jpeg,3024,4032,1173,1450,2448,2688,culex
train_07440.jpeg,4608,3456,1348,1372,2242,2246,albopictus
train_07441.jpeg,1440,2560,311,257,1440,1539,albopictus
train_07445.jpeg,4000,3000,1213,780,2631,1483,culex
train_07449.jpeg,1024,1820,282,525,904,1361,albopictus
train_07454.jpeg,3024,4032,1342,2070,1760,2403,albopictus
train_07456.jpeg,348,550,27,134,318,438,culiseta
train_07458.jpeg,768,1024,431,580,471,628,culex
train_07467.jpeg,1944,2592,606,683,1245,1475,albopictus
train_07475.jpeg,4248,5664,1500,1654,2072,2611,culex
train_07479.jpeg,2160,3840,606,1298,1144,1788,albopictus
train_07479.jpeg,2160,3840,1128,1526,1558,1948,albopictus
train_07479.jpeg,2160,3840,1126,1978,1479,2356,albopictus
train_07485.jpeg,925,866,264,154,573,421,albopictus
train_07487.jpeg,3000,4000,583,1276,2766,2912,culex
train_07492.jpeg,3024,4032,1589,1554,2547,2633,albopictus
train_07495.jpeg,3468,4624,1203,2138,1706,2815,culiseta
train_07498.jpeg,3024,4032,746,1009,2331,2255,culiseta
train_07499.jpeg,768,1024,222,515,491,816,albopictus
train_07511.jpeg,1024,1365,201,618,428,753,japonicus-koreicus
train_07518.jpeg,2268,2269,681,456,1345,1079,culiseta
train_07524.jpeg,656,852,98,80,562,790,culex
train_07527.jpeg,768,1024,227,445,538,679,culex
train_07529.jpeg,4608,3456,1627,1541,2460,2469,albopictus
train_07531.jpeg,3024,4032,180,2994,1242,3899,albopictus
train_07538.jpeg,2448,3264,290,744,1325,2247,albopictus
train_07538.jpeg,2448,3264,1645,617,2257,1452,albopictus
train_07538.jpeg,2448,3264,1224,2395,1601,2847,albopictus
train_07539.jpeg,458,610,79,147,339,484,albopictus
train_07540.jpeg,664,664,160,198,424,415,albopictus
train_07546.jpeg,1944,2592,887,823,1560,2123,culex
train_07558.jpeg,1024,1365,433,543,609,700,culex
train_07560.jpeg,469,1024,201,441,293,539,culex
train_07571.jpeg,768,1024,314,456,428,609,culex
train_07574.jpeg,1024,1365,196,361,821,1022,culex
train_07581.jpeg,1024,1365,360,661,605,931,albopictus
train_07583.jpeg,3024,4032,1761,2222,2122,2599,albopictus
train_07586.jpeg,1024,2106,431,954,701,1127,culiseta
train_07587.jpeg,2448,3264,853,1290,1520,1947,albopictus
train_07588.jpeg,768,1024,353,445,490,584,culex
train_07599.jpeg,1024,1365,359,647,563,907,culex
train_07601.jpeg,3024,4032,1248,1843,1791,2682,culex
train_07603.jpeg,1365,1024,715,425,904,606,albopictus
train_07607.jpeg,1536,2048,588,725,872,991,culex
train_07610.jpeg,2160,3840,569,2424,1234,3177,culiseta
train_07613.jpeg,3000,4000,202,1814,2211,3531,albopictus
train_07621.jpeg,3024,4032,1365,1909,1838,2505,culex
train_07622.jpeg,1772,2277,285,703,1622,1808,albopictus
train_07630.jpeg,3024,4032,542,987,2657,2754,culiseta
train_07635.jpeg,1246,1146,472,243,768,550,albopictus
train_07635.jpeg,1246,1146,388,493,756,834,albopictus
train_07636.jpeg,1800,4000,131,1009,1528,2913,culex
train_07638.jpeg,1763,1627,420,404,1682,1153,albopictus
train_07642.jpeg,2048,1536,752,654,1068,1030,albopictus
train_07656.jpeg,4160,3120,1908,1128,3409,2808,albopictus
train_07658.jpeg,1152,2048,176,576,756,1125,culex
train_07660.jpeg,768,1024,266,446,411,624,culiseta
train_07661.jpeg,3024,4032,1050,1760,2156,2899,culiseta
train_07670.jpeg,1365,1024,507,380,1013,708,culiseta
train_07674.jpeg,4000,1792,1993,801,2257,1074,culex
train_07676.jpeg,4160,2080,2055,704,2494,998,albopictus
train_07680.jpeg,1024,1365,352,704,663,943,culex
train_07680.jpeg,1024,1365,478,961,759,1168,culex
train_07685.jpeg,3024,4032,1117,1101,1803,2062,culex
train_07690.jpeg,1024,1365,353,728,509,914,albopictus
train_07694.jpeg,1024,1820,532,744,709,984,culex
train_07695.jpeg,1024,1365,195,390,878,1123,culex
train_07703.jpeg,768,1024,261,502,405,627,culex
train_07705.jpeg,3024,4032,1275,1655,1714,2267,culex
train_07706.jpeg,768,1024,359,322,511,470,albopictus
train_07709.jpeg,1064,1063,276,248,799,897,culex
train_07714.jpeg,768,1024,340,502,454,619,culex
train_07715.jpeg,1534,1675,275,376,1360,1200,albopictus
train_07721.jpeg,3000,4000,542,2136,1630,2889,albopictus
train_07723.jpeg,1248,1251,608,520,924,836,albopictus
train_07724.jpeg,1024,1024,483,462,654,644,albopictus
train_07725.jpeg,1600,1200,464,643,728,1031,japonicus-koreicus
train_07728.jpeg,594,606,161,205,408,440,culex
train_07729.jpeg,1050,1334,140,278,989,1165,culiseta
train_07732.jpeg,1201,1600,620,809,740,936,albopictus
train_07734.jpeg,3920,2204,1093,891,1548,1502,albopictus
train_07735.jpeg,4160,3120,1247,553,2441,1708,albopictus
train_07737.jpeg,4000,3000,927,651,2631,2831,albopictus
train_07738.jpeg,2448,3264,754,1099,2240,2541,albopictus
train_07740.jpeg,2192,1024,1127,256,1637,660,culiseta
train_07743.jpeg,768,1024,297,398,636,751,culex
train_07744.jpeg,1024,1365,317,781,845,1103,culex
train_07747.jpeg,4547,4547,1789,2052,2748,2723,albopictus
train_07748.jpeg,1440,1080,639,399,910,601,albopictus
train_07749.jpeg,4864,2736,1419,772,2439,2049,albopictus
train_07751.jpeg,1160,2576,73,1276,554,1876,albopictus
train_07752.jpeg,3000,4000,580,730,2127,2473,culex
train_07754.jpeg,1024,1024,572,115,1005,411,culex
train_07754.jpeg,1024,1024,252,443,699,914,culex
train_07757.jpeg,2448,3264,1270,2051,1618,2435,albopictus
train_07761.jpeg,768,1024,328,497,572,827,anopheles
train_07762.jpeg,1944,2592,480,977,1443,1734,culex
train_07764.jpeg,1024,2273,192,689,776,1329,culex
train_07768.jpeg,3024,4032,1232,2214,1586,2667,culex
train_07775.jpeg,1280,960,160,107,1108,861,albopictus
train_07777.jpeg,2976,3968,436,1048,1988,2179,albopictus
train_07781.jpeg,1166,1421,472,555,689,857,albopictus
train_07788.jpeg,768,1024,389,631,493,728,culex
train_07807.jpeg,768,1024,263,472,432,609,culex
train_07810.jpeg,2250,4000,982,1789,1535,2159,albopictus
train_07811.jpeg,1024,2221,451,1242,622,1413,culex
train_07811.jpeg,1024,2221,204,929,412,1080,culex
train_07811.jpeg,1024,2221,514,897,645,1033,culex
train_07811.jpeg,1024,2221,754,981,879,1106,culex
train_07811.jpeg,1024,2221,753,1212,870,1307,culex
train_07811.jpeg,1024,2221,655,905,754,1002,culex
train_07811.jpeg,1024,2221,738,821,862,922,culex
train_07815.jpeg,1944,2592,486,901,1408,1515,culex
train_07817.jpeg,1600,1200,741,472,855,575,albopictus
train_07819.jpeg,3000,4000,1342,2071,1924,2588,culex
train_07825.jpeg,3024,4032,976,1635,1552,2332,culex
train_07827.jpeg,3000,4000,1089,2589,1642,3039,albopictus
train_07837.jpeg,1440,2560,200,789,624,1196,albopictus
train_07837.jpeg,1440,2560,427,1109,891,1514,albopictus
train_07842.jpeg,3024,4032,1486,2394,1770,2744,albopictus
train_07852.jpeg,1365,1024,579,432,833,719,culex
train_07856.jpeg,1789,1741,604,593,1069,1203,culex
train_07864.jpeg,1080,2220,175,703,1035,1474,albopictus
train_07869.jpeg,1166,2592,77,607,1122,1430,culiseta
train_07875.jpeg,3840,5120,1280,1628,2365,3667,culex
train_07885.jpeg,3264,2448,1537,1178,1823,1397,culex
train_07897.jpeg,2988,5312,774,2506,1830,3746,albopictus
train_07898.jpeg,3000,4000,643,480,2205,3134,culex
train_07899.jpeg,2988,5312,443,1606,2820,3855,albopictus
train_07900.jpeg,1816,4032,570,1350,1136,2116,culiseta
train_07901.jpeg,768,1024,529,308,636,424,albopictus
train_07901.jpeg,768,1024,289,403,387,524,albopictus
train_07902.jpeg,4160,3120,1260,989,2213,1993,albopictus
train_07904.jpeg,3000,4000,376,1184,2164,3095,culex
train_07905.jpeg,3024,4032,1808,2008,2135,2515,culex
train_07912.jpeg,2992,4000,865,533,2949,1955,albopictus
train_07913.jpeg,3468,4624,1907,2230,2359,2719,albopictus
train_07927.jpeg,2592,1168,1336,45,2076,827,japonicus-koreicus
train_07929.jpeg,3024,4032,838,1609,1304,2139,albopictus
train_07934.jpeg,2988,5312,1239,2396,1692,2790,albopictus
train_07936.jpeg,3024,4032,782,813,2118,1643,japonicus-koreicus
train_07943.jpeg,768,1024,244,466,451,649,culex
train_07948.jpeg,3456,4608,677,1289,2769,3887,albopictus
train_07950.jpeg,2268,4032,829,1709,1470,2504,culex
train_07962.jpeg,1024,1365,462,654,733,1011,culex
train_07963.jpeg,985,739,269,42,680,541,albopictus
train_07979.jpeg,4160,2340,846,411,2495,1737,culex
train_07980.jpeg,1080,1684,205,619,734,1394,albopictus
train_07989.jpeg,1024,1820,329,776,624,1023,culex
train_07995.jpeg,2560,1440,1101,542,1274,732,albopictus
train_08007.jpeg,3024,4032,1375,813,2519,1816,albopictus
train_08011.jpeg,1840,3264,578,1261,1028,1516,culex
train_08012.jpeg,2448,3264,949,1353,1371,2050,albopictus
train_08013.jpeg,1024,1365,245,533,648,925,culex
train_08015.jpeg,1944,2592,234,670,1536,1639,japonicus-koreicus
train_08024.jpeg,2448,3264,995,1297,1311,1674,albopictus
train_08026.jpeg,1908,4032,662,1909,1191,2363,culex
train_08034.jpeg,1024,2106,284,831,627,1076,albopictus
train_08040.jpeg,3000,4000,1298,1729,1724,2253,culiseta
train_08043.jpeg,1024,752,149,212,745,658,albopictus
train_08046.jpeg,1024,1365,8,117,936,1269,culex
train_08047.jpeg,776,985,230,282,564,888,culiseta
train_08048.jpeg,2160,3840,897,1527,1394,1870,albopictus
train_08049.jpeg,3000,4000,1418,1316,1869,1870,culex
train_08062.jpeg,4000,3000,2270,810,3440,1682,albopictus
train_08063.jpeg,2448,3264,363,847,1732,1766,albopictus
train_08065.jpeg,3096,4128,1282,1691,2503,3124,albopictus
train_08072.jpeg,4160,3120,2067,1553,2489,1904,culex
train_08087.jpeg,3024,4032,1354,1910,1838,2324,culex
train_08092.jpeg,768,1024,381,400,442,466,albopictus
train_08093.jpeg,1200,1600,421,633,741,960,albopictus
train_08104.jpeg,1024,1365,264,728,392,834,culex
train_08106.jpeg,768,1024,447,468,582,618,albopictus
train_08107.jpeg,3096,4128,1626,1464,2035,1833,albopictus
train_08121.jpeg,1200,1600,148,399,943,1326,culiseta
train_08124.jpeg,720,1280,215,555,575,810,albopictus
train_08127.jpeg,3024,4032,974,1393,2120,2765,albopictus
train_08137.jpeg,454,303,91,6,454,283,aegypti
train_08139.jpeg,2592,1944,210,401,1463,1636,albopictus
train_08140.jpeg,3060,4080,887,432,2528,1694,albopictus
train_08146.jpeg,768,1024,221,260,729,801,culex
train_08151.jpeg,749,802,116,144,649,646,culex
train_08152.jpeg,1080,2400,305,1118,660,1349,culex
train_08153.jpeg,768,1024,193,308,482,726,culex
train_08154.jpeg,768,1024,264,570,582,802,culex
train_08161.jpeg,3024,4032,1000,1270,2111,2452,culex
train_08170.jpeg,1024,1365,501,406,757,609,culex
train_08171.jpeg,768,1024,319,420,490,594,albopictus
train_08172.jpeg,1365,1024,459,471,832,773,culex
train_08176.jpeg,1335,1840,354,476,904,1233,culiseta
train_08178.jpeg,1944,2592,599,230,1223,1135,culex
train_08192.jpeg,3000,4000,934,1802,2147,2761,culex
train_08196.jpeg,1024,1365,383,737,581,973,culex
train_08206.jpeg,4000,3000,428,42,1986,2042,culex
train_08207.jpeg,2976,3968,855,2438,1710,3274,albopictus
train_08208.jpeg,768,1024,295,442,442,597,culex
train_08210.jpeg,1920,2560,847,1171,1112,1387,albopictus
train_08213.jpeg,1024,1363,282,556,676,939,albopictus
train_08217.jpeg,2240,4608,120,1321,1944,2959,albopictus
train_08223.jpeg,768,1024,178,442,393,683,culex
train_08225.jpeg,768,1024,238,499,435,699,culex
train_08231.jpeg,3024,4032,1367,1727,1654,2067,culex
train_08238.jpeg,4000,2992,721,790,2211,2051,albopictus
train_08241.jpeg,1080,1920,357,588,767,1046,albopictus
train_08244.jpeg,768,1024,323,479,473,648,culex
train_08249.jpeg,1805,1779,699,678,1035,1042,albopictus
train_08255.jpeg,1365,1024,767,183,1044,465,culex
train_08262.jpeg,1960,4032,781,1795,1120,2255,culex
train_08267.jpeg,2129,1024,595,343,1043,953,culex
train_08273.jpeg,768,1024,324,175,641,710,culex
train_08274.jpeg,644,418,234,84,441,256,albopictus
train_08275.jpeg,4032,3024,1281,14,3448,2500,japonicus-koreicus
train_08281.jpeg,1024,1365,309,425,608,750,culex
train_08282.jpeg,768,1024,41,118,556,901,culex
train_08283.jpeg,483,1024,62,360,430,648,culex
train_08286.jpeg,2448,3264,835,1005,1999,1968,albopictus
train_08287.jpeg,2000,4000,34,915,1722,2493,culex
train_08296.jpeg,1024,1365,474,733,615,843,culex
train_08298.jpeg,1024,2106,64,450,795,1340,culex
train_08303.jpeg,1024,1365,334,292,690,784,culex
train_08309.jpeg,3264,2448,1173,868,1743,1663,albopictus
train_08318.jpeg,750,1334,48,392,749,1018,culex
train_08323.jpeg,768,1024,315,420,475,520,culex
train_08335.jpeg,3000,4000,1259,1941,1591,2296,albopictus
train_08341.jpeg,761,584,262,185,476,407,culex
train_08343.jpeg,1160,2576,189,1153,1031,2060,culiseta
train_08345.jpeg,2976,3968,796,2364,1781,3078,albopictus
train_08347.jpeg,768,1024,286,396,412,578,culiseta
train_08349.jpeg,3024,4032,1221,2903,1786,3461,culex
train_08350.jpeg,3000,4000,1049,614,2695,2848,albopictus
train_08352.jpeg,2160,3840,713,1614,1374,2055,culex
train_08356.jpeg,3024,4032,819,1671,2007,2858,culex
train_08358.jpeg,621,828,177,267,548,614,albopictus
train_08359.jpeg,2448,3264,835,1533,1389,2031,albopictus
train_08360.jpeg,2336,4160,743,1574,1152,2082,albopictus
train_08361.jpeg,2268,4032,387,1233,1375,2710,culex
train_08368.jpeg,1024,1381,441,528,636,718,albopictus
train_08372.jpeg,1944,2592,391,566,1802,1944,culex
train_08375.jpeg,768,1024,265,463,511,834,culex
train_08378.jpeg,768,1024,184,341,345,528,culiseta
train_08379.jpeg,3024,4032,796,1009,1819,2736,culex
train_08380.jpeg,987,1041,251,314,687,639,japonicus-koreicus
train_08381.jpeg,3840,5120,1531,2287,2631,3687,culex
train_08386.jpeg,1816,4032,185,1473,838,2144,culiseta
train_08394.jpeg,3024,4032,845,645,2581,2678,culiseta
train_08401.jpeg,1024,2106,148,1040,365,1290,albopictus
train_08402.jpeg,4032,3024,1661,964,2088,1658,culex
train_08409.jpeg,1024,2106,296,1075,523,1262,culiseta
train_08411.jpeg,1024,2273,473,897,725,1173,culiseta
train_08412.jpeg,3024,4032,880,1708,1676,2301,albopictus
train_08419.jpeg,3024,4032,1190,1349,2380,2490,anopheles
train_08420.jpeg,1024,1365,205,257,746,821,culex
train_08422.jpeg,3008,4016,882,895,2113,2433,culex
train_08424.jpeg,2268,4032,904,1074,1501,1683,culex
train_08425.jpeg,2538,2907,468,674,1820,2094,culex
train_08427.jpeg,2992,4000,581,1902,2298,3725,culex
train_08428.jpeg,1362,1810,224,404,903,1332,japonicus-koreicus
train_08432.jpeg,3024,4032,654,1010,2293,2340,culex
train_08434.jpeg,1944,2592,279,640,1944,2333,culiseta
train_08447.jpeg,1200,1600,411,882,720,1132,culex
train_08450.jpeg,1007,979,408,312,714,625,albopictus
train_08451.jpeg,1024,2273,290,956,814,1608,culex
train_08467.jpeg,921,2048,257,371,724,802,albopictus
train_08468.jpeg,1860,4032,477,1637,1135,2320,albopictus
train_08469.jpeg,3120,4160,903,1501,1924,2500,albopictus
train_08472.jpeg,398,514,14,124,339,402,culiseta
train_08473.jpeg,1024,1365,235,505,629,836,japonicus-koreicus
train_08477.jpeg,1024,1365,519,753,608,901,albopictus
train_08481.jpeg,3024,4032,1364,677,1906,1546,albopictus
train_08483.jpeg,1932,2576,671,1260,1278,1639,culex
train_08497.jpeg,352,404,22,12,302,388,albopictus
train_08498.jpeg,1024,1820,330,878,607,1113,culex
train_08502.jpeg,3024,4032,1077,508,2598,2531,albopictus
train_08509.jpeg,3024,4032,827,1472,2116,2982,albopictus
train_08514.jpeg,1600,1200,918,313,1178,584,culex
train_08520.jpeg,1368,1824,325,574,890,1061,culex
train_08521.jpeg,4032,3024,1561,1406,2308,2107,albopictus
train_08524.jpeg,139,185,8,60,128,157,albopictus
train_08526.jpeg,3024,4032,596,1242,2162,3189,culex
train_08532.jpeg,768,1024,305,494,379,571,culex
train_08534.jpeg,765,1024,262,267,537,498,culex
train_08538.jpeg,891,1189,302,460,491,623,albopictus
train_08552.jpeg,1466,1018,495,305,897,643,albopictus
train_08558.jpeg,3000,4000,224,186,2673,2620,culiseta
train_08559.jpeg,2240,3968,252,1406,1868,2318,albopictus
train_08585.jpeg,1070,1070,313,319,676,579,albopictus
train_08591.jpeg,768,1024,236,319,501,594,culex
train_08593.jpeg,1806,1564,410,732,909,1217,culex
train_08597.jpeg,1512,2688,132,449,1429,1894,culex
train_08603.jpeg,3024,4032,1319,1781,2120,2640,culex
train_08608.jpeg,4032,2268,1778,1093,2380,1548,albopictus
train_08609.jpeg,3024,4032,809,1010,1824,1966,culiseta
train_08615.jpeg,3024,4032,1310,1673,1728,2167,culex
train_08624.jpeg,768,1024,259,488,385,619,culex
train_08626.jpeg,3000,4000,694,1252,1787,2640,culex
train_08630.jpeg,1458,2592,381,598,1149,1608,albopictus
train_08644.jpeg,2988,5312,1268,2776,1718,3235,albopictus
train_08648.jpeg,2048,1536,998,601,1287,986,albopictus
train_08657.jpeg,4608,2240,2390,511,3394,1431,culex
train_08660.jpeg,3096,4128,1090,1096,2461,3301,albopictus
train_08665.jpeg,1024,1365,538,623,846,946,culex
train_08667.jpeg,3024,4032,1102,2671,1659,3132,culex
train_08674.jpeg,2087,2209,729,714,1490,1733,culex
train_08686.jpeg,4032,3024,1230,198,2784,2207,albopictus
train_08689.jpeg,1200,1200,382,322,808,825,albopictus
train_08691.jpeg,768,1024,159,504,356,735,culex
train_08702.jpeg,3456,4608,996,2127,2114,3252,culex
train_08712.jpeg,768,1024,196,289,453,496,culex
train_08716.jpeg,720,1552,92,580,658,1025,culex
train_08719.jpeg,768,1024,218,512,559,893,culiseta
train_08723.jpeg,768,1024,241,409,435,576,culex
train_08727.jpeg,2448,3264,651,1177,1442,2230,albopictus
train_08728.jpeg,728,709,171,159,413,423,culex
train_08729.jpeg,3024,4032,509,1001,3024,3722,albopictus
train_08732.jpeg,1170,2532,81,37,1170,1835,culex
train_08736.jpeg,1691,1203,703,443,1150,845,albopictus
train_08738.jpeg,1024,2106,265,895,485,1252,albopictus
train_08740.jpeg,1592,1835,526,544,1079,1133,japonicus-koreicus
train_08747.jpeg,768,1024,70,304,450,595,japonicus-koreicus
train_08748.jpeg,2592,1944,787,745,1837,1664,culex
train_08751.jpeg,4032,2268,1517,244,2785,1027,albopictus
train_08754.jpeg,1944,2592,575,576,1404,1643,albopictus
train_08756.jpeg,1682,1527,293,301,1534,1318,albopictus
train_08757.jpeg,1737,1626,748,621,1303,1056,albopictus
train_08759.jpeg,3456,4608,767,1914,2233,3190,culex
train_08760.jpeg,640,960,281,291,537,542,albopictus
train_08760.jpeg,640,960,270,549,553,707,albopictus
train_08763.jpeg,1213,1713,392,818,698,1091,culex
train_08765.jpeg,2448,3264,243,945,2041,2107,albopictus
train_08767.jpeg,1200,1600,347,327,758,871,culex
train_08770.jpeg,1646,1643,424,409,823,795,albopictus
train_08776.jpeg,4000,3000,516,639,2915,2271,albopictus
train_08781.jpeg,4000,3000,1138,1128,2365,1880,culiseta
train_08787.jpeg,1024,1365,301,518,545,690,culex
train_08789.jpeg,2988,5312,1410,2274,1840,2873,albopictus
train_08790.jpeg,4000,3000,1932,1410,2190,1657,albopictus
train_08792.jpeg,1024,1820,416,794,646,1003,culex
train_08797.jpeg,1024,1820,348,724,539,994,culex
train_08801.jpeg,3000,4000,874,1363,1603,2508,culex
train_08802.jpeg,768,1024,228,436,344,611,culex
train_08807.jpeg,3456,4608,1191,1980,2169,2868,culex
train_08822.jpeg,768,1024,329,549,456,637,culex
train_08826.jpeg,1024,1365,122,505,605,909,culiseta
train_08830.jpeg,3024,4032,1508,2133,1933,2491,culex
train_08837.jpeg,2784,2811,1215,1038,1805,1871,albopictus
train_08838.jpeg,2448,3264,903,1451,1525,1909,albopictus
train_08842.jpeg,1024,1365,418,708,582,891,culex
train_08843.jpeg,2560,1440,920,360,1392,1036,albopictus
train_08846.jpeg,899,1599,82,166,865,946,albopictus
train_08855.jpeg,4000,3000,1277,881,2425,2152,culex
train_08857.jpeg,768,1024,287,438,437,653,culex
train_08863.jpeg,1024,1820,192,570,955,1200,culex
train_08866.jpeg,4032,3024,1492,1227,2037,1770,culex
train_08867.jpeg,1651,622,220,88,1082,489,culex
train_08871.jpeg,768,1024,334,562,462,697,culex
train_08872.jpeg,3000,4000,717,2414,1030,2739,albopictus
train_08874.jpeg,703,721,33,43,634,597,albopictus
train_08878.jpeg,1080,2160,197,463,1033,1653,culex
train_08880.jpeg,1365,1024,716,202,892,337,culex
train_08881.jpeg,4032,1960,1606,364,2596,1116,culex
train_08887.jpeg,768,1024,202,284,582,611,culex
train_08888.jpeg,2084,4624,1015,1607,1873,2242,japonicus-koreicus
train_08891.jpeg,768,1024,234,314,405,464,culex
train_08891.jpeg,768,1024,414,172,538,357,culex
train_08893.jpeg,2736,4864,1070,2018,1410,2493,albopictus
train_08895.jpeg,2080,1183,1103,119,1951,862,culex
train_08895.jpeg,2080,1183,251,219,1104,1053,culex
train_08896.jpeg,768,1024,145,159,629,826,culex
train_08898.jpeg,2215,1727,1003,1023,1326,1319,albopictus
train_08899.jpeg,3120,4160,1266,1910,2112,2662,albopictus
train_08908.jpeg,768,1024,230,258,542,593,culex
train_08917.jpeg,4032,3024,1291,786,2566,2003,albopictus
train_08919.jpeg,768,1024,224,317,509,711,culex
train_08920.jpeg,1024,1365,337,623,473,859,culex
train_08924.jpeg,768,1024,279,378,528,658,culex
train_08931.jpeg,2322,4128,282,1703,2271,3669,albopictus
train_08933.jpeg,1024,1820,209,582,421,835,albopictus
train_08945.jpeg,3024,4032,760,744,2399,2809,albopictus
train_08947.jpeg,3024,4032,415,800,2715,2870,albopictus
train_08948.jpeg,1024,2217,103,601,960,1498,culex
train_08952.jpeg,1080,2160,75,876,951,1602,albopictus
train_08957.jpeg,3024,4032,1275,1727,1951,2296,culex
train_08958.jpeg,1024,1365,310,512,619,733,japonicus-koreicus
train_08972.jpeg,3024,4032,1574,2483,2092,3043,albopictus
train_08994.jpeg,768,1024,259,433,346,535,albopictus
train_08995.jpeg,768,1024,91,509,567,802,culex
train_08997.jpeg,768,1024,194,331,729,747,albopictus
train_09003.jpeg,1622,2048,299,463,1185,1381,albopictus
train_09006.jpeg,1080,1920,116,871,337,1112,culex
train_09006.jpeg,1080,1920,474,433,599,585,culex
train_09006.jpeg,1080,1920,891,715,1059,866,culex
train_09006.jpeg,1080,1920,763,1004,960,1148,culex
train_09006.jpeg,1080,1920,559,695,703,827,culex
train_09006.jpeg,1080,1920,367,1030,526,1177,culex
train_09006.jpeg,1080,1920,7,743,164,868,albopictus
train_09006.jpeg,1080,1920,362,850,547,1006,albopictus
train_09008.jpeg,3024,4032,1531,1946,1730,2216,albopictus
train_09009.jpeg,1024,1365,78,254,684,969,culex
train_09013.jpeg,4032,3024,1779,1542,2598,2137,albopictus
train_09014.jpeg,768,1024,218,532,408,730,albopictus
train_09016.jpeg,3000,4000,1431,1634,1698,2028,albopictus
train_09021.jpeg,768,1024,253,136,407,252,culex
train_09021.jpeg,768,1024,319,285,449,388,culex
train_09021.jpeg,768,1024,358,470,452,573,culex
train_09025.jpeg,768,1024,175,262,657,488,culex
train_09028.jpeg,2141,1596,617,552,1643,1077,albopictus
train_09030.jpeg,4032,3024,2260,1145,2574,1446,culex
train_09031.jpeg,2268,4032,500,678,1889,2451,albopictus
train_09033.jpeg,3024,4032,1256,2032,1601,2579,culex
train_09034.jpeg,1024,1365,241,430,739,745,culex
train_09047.jpeg,1488,1984,501,609,1111,1011,albopictus
train_09054.jpeg,1134,1513,351,664,746,948,culex
train_09058.jpeg,3024,4032,1128,1242,1706,1874,culex
train_09059.jpeg,1080,2220,259,626,853,1347,japonicus-koreicus
train_09063.jpeg,3024,4032,220,1035,2940,3404,albopictus
train_09073.jpeg,768,1024,240,560,445,712,culiseta
train_09075.jpeg,2849,1704,775,518,2156,1249,albopictus
train_09079.jpeg,1365,1024,608,418,769,574,culex
train_09080.jpeg,1024,768,407,234,680,485,culex
train_09086.jpeg,1600,944,409,229,842,777,culex
train_09087.jpeg,768,1024,241,508,477,710,anopheles
train_09088.jpeg,2448,3264,147,542,2055,2542,albopictus
train_09101.jpeg,768,1024,294,439,431,575,culex
train_09103.jpeg,4128,3096,979,524,2519,2236,albopictus
train_09106.jpeg,1166,2592,291,612,863,1399,albopictus
train_09112.jpeg,4032,2268,824,323,2149,1322,culex
train_09113.jpeg,3000,4000,118,756,1617,2779,culex
train_09114.jpeg,2992,4000,1114,1494,1703,2291,culex
train_09117.jpeg,2016,4032,901,1715,1190,2083,culex
train_09120.jpeg,1600,943,564,367,799,678,albopictus
train_09124.jpeg,1024,1820,563,762,787,933,culex
train_09130.jpeg,768,1024,90,331,474,657,culex
train_09131.jpeg,2685,2331,452,482,2096,2053,culex
train_09132.jpeg,4248,5664,1102,1792,2407,3269,albopictus
train_09134.jpeg,3024,4032,493,1737,910,2241,culiseta
train_09138.jpeg,4032,3024,1654,1240,2168,1684,culex
train_09139.jpeg,4624,3468,930,917,3047,2241,albopictus
train_09144.jpeg,1024,1365,458,547,680,703,culex
train_09146.jpeg,1024,1820,72,516,674,1023,culiseta
train_09148.jpeg,2976,3968,1089,1362,2387,3646,culex
train_09151.jpeg,1365,1024,727,353,891,499,culex
train_09153.jpeg,2128,4608,234,924,2018,3815,culex
train_09158.jpeg,3024,4032,245,932,2263,2788,culex
train_09177.jpeg,3024,4032,1117,1459,2130,2587,anopheles
train_09180.jpeg,1024,1365,616,629,786,764,culex
train_09186.jpeg,1024,1820,391,1100,695,1313,culex
train_09186.jpeg,1024,1820,285,457,508,753,culex
train_09192.jpeg,1936,2592,765,1045,1266,1580,albopictus
train_09193.jpeg,768,1024,319,480,469,625,culex
train_09195.jpeg,1495,1736,430,545,1060,1098,albopictus
train_09196.jpeg,3024,4032,886,1640,1586,2568,albopictus
train_09199.jpeg,3024,4032,929,1307,1809,1984,culiseta
train_09204.jpeg,609,652,139,216,453,475,albopictus
train_09205.jpeg,2448,3264,958,1335,1220,1526,albopictus
train_09209.jpeg,1200,1600,490,500,698,660,culex
train_09210.jpeg,1006,869,295,396,660,798,culex
train_09211.jpeg,2129,1024,521,788,886,980,albopictus
train_09212.jpeg,3024,4032,1030,1449,1551,2051,culex
train_09213.jpeg,3024,4032,851,1941,1362,2369,albopictus
train_09215.jpeg,3024,4032,1206,1360,1598,1653,albopictus
train_09231.jpeg,1600,1200,627,406,1026,812,albopictus
train_09232.jpeg,768,1024,284,426,391,519,culex
train_09232.jpeg,768,1024,328,645,467,764,culex
train_09240.jpeg,1959,1959,691,743,1297,1194,culex
train_09243.jpeg,1365,1024,367,69,1012,796,culex
train_09245.jpeg,1024,1820,250,663,467,974,culex
train_09249.jpeg,3840,5120,1073,1891,2042,2910,culiseta
train_09259.jpeg,1365,1024,451,154,1347,768,culex
train_09263.jpeg,1816,4032,296,1117,1488,2246,albopictus
train_09276.jpeg,2976,3968,881,1968,1454,2502,albopictus
train_09280.jpeg,1615,1790,311,454,896,1187,culex
train_09281.jpeg,2368,4208,971,1840,1428,2460,albopictus
train_09286.jpeg,715,715,254,347,326,434,albopictus
train_09297.jpeg,768,1024,361,526,470,623,culex
train_09300.jpeg,2160,3840,857,1255,1316,1787,culex
train_09301.jpeg,3024,4032,838,2255,1171,2616,albopictus
train_09302.jpeg,1024,1365,303,572,590,838,japonicus-koreicus
train_09303.jpeg,3024,4032,1308,1460,2190,2587,albopictus
train_09305.jpeg,3264,2448,1314,941,1706,1268,albopictus
train_09306.jpeg,1920,2560,895,1093,1177,1423,albopictus
train_09315.jpeg,1600,1200,511,185,684,426,albopictus
train_09321.jpeg,379,488,45,93,246,337,culex
train_09322.jpeg,2448,3264,1144,1676,1517,2172,albopictus
train_09324.jpeg,2152,2142,728,229,1495,1507,culex
train_09327.jpeg,1960,4032,535,1969,937,2493,culex
train_09328.jpeg,640,1136,163,270,550,629,albopictus
train_09339.jpeg,2448,3264,1080,1402,1400,1717,albopictus
train_09343.jpeg,2268,4032,897,1593,1336,2369,culex
train_09344.jpeg,5616,2808,1368,196,2983,2456,culex
train_09345.jpeg,3024,4032,1463,1660,1748,2110,albopictus
train_09347.jpeg,4000,3000,1036,1215,3177,2516,japonicus-koreicus
train_09349.jpeg,3000,4000,1214,3034,1691,3485,albopictus
train_09355.jpeg,768,1024,355,294,768,726,albopictus
train_09357.jpeg,3000,4000,405,1230,2049,3236,albopictus
train_09360.jpeg,768,1024,86,305,725,802,culiseta
train_09363.jpeg,1043,578,180,51,523,370,albopictus
train_09363.jpeg,1043,578,623,209,907,389,albopictus
train_09364.jpeg,1114,663,417,113,808,510,albopictus
train_09371.jpeg,1024,1820,372,917,597,1161,culex
train_09374.jpeg,768,1024,282,451,391,555,albopictus
train_09381.jpeg,768,1024,298,574,425,715,culex
train_09390.jpeg,768,1024,233,526,456,683,culiseta
train_09395.jpeg,1024,1365,480,596,723,829,culex
train_09398.jpeg,2736,4864,1462,3305,1845,3795,albopictus
train_09403.jpeg,599,454,72,16,565,387,culex
train_09406.jpeg,1031,1447,576,588,802,780,culex
train_09407.jpeg,3024,4032,842,1450,1984,3447,japonicus-koreicus
train_09409.jpeg,1231,1183,248,162,932,979,albopictus
train_09416.jpeg,4896,3672,1939,727,3627,2689,albopictus
train_09417.jpeg,662,550,81,112,542,495,culex
train_09418.jpeg,768,1024,299,450,421,568,culex
train_09419.jpeg,3024,4032,233,596,2383,3079,albopictus
train_09422.jpeg,1816,4032,82,862,1807,2692,japonicus-koreicus
train_09423.jpeg,1024,1365,174,406,737,953,culex
train_09425.jpeg,3024,4032,1331,872,2060,1711,albopictus
train_09428.jpeg,3024,4032,866,1653,2064,2711,culex
train_09430.jpeg,3468,4624,1197,1868,1834,2979,culex
train_09432.jpeg,1024,1365,483,709,649,920,culex
train_09439.jpeg,768,1024,252,521,392,697,culex
train_09452.jpeg,3024,4032,865,898,2531,3040,culiseta
train_09455.jpeg,5616,2808,2337,411,4073,1987,culex
train_09475.jpeg,1440,2560,488,882,893,1184,culex
train_09476.jpeg,686,606,253,184,412,477,albopictus
train_09480.jpeg,768,1024,225,569,317,701,albopictus
train_09480.jpeg,768,1024,407,622,486,735,albopictus
train_09485.jpeg,768,1024,139,346,660,868,culex
train_09491.jpeg,1080,2400,561,338,827,548,albopictus
train_09495.jpeg,1244,1196,435,259,908,653,albopictus
train_09506.jpeg,1024,2163,412,131,709,561,albopictus
train_09507.jpeg,1836,3264,666,811,1200,1333,culex
train_09514.jpeg,1024,1365,18,87,467,565,albopictus
train_09515.jpeg,5616,2808,1033,174,4263,1929,culex
train_09516.jpeg,768,1024,369,253,759,988,albopictus
train_09520.jpeg,1597,1622,512,591,989,1374,albopictus
train_09521.jpeg,1024,1820,331,594,672,801,culex
train_09523.jpeg,1035,1034,397,419,572,627,albopictus
train_09525.jpeg,1024,1363,461,669,713,911,culex
train_09526.jpeg,1929,2025,705,735,1112,1153,culex
train_09527.jpeg,1500,2000,915,697,1206,940,culex
train_09527.jpeg,1500,2000,263,818,513,997,culex
train_09527.jpeg,1500,2000,603,764,882,973,culex
train_09527.jpeg,1500,2000,700,1125,933,1409,culex
train_09527.jpeg,1500,2000,231,1103,471,1319,culex
train_09540.jpeg,4608,3456,1135,670,2511,2188,culex
train_09545.jpeg,3024,4032,781,1284,1746,2426,japonicus-koreicus
train_09546.jpeg,2240,4608,967,1528,1454,2148,albopictus
train_09549.jpeg,921,2048,246,787,663,1191,culiseta
train_09553.jpeg,1521,1521,558,567,948,832,albopictus
train_09555.jpeg,5616,2808,2784,1050,3542,2139,albopictus
train_09560.jpeg,2160,3840,1171,2242,1562,2734,albopictus
train_09562.jpeg,1024,1365,259,514,534,771,culex
train_09564.jpeg,4608,3456,2169,1632,2802,2244,culex
train_09566.jpeg,4000,2992,1106,1132,1831,1598,culex
train_09573.jpeg,3024,4032,1240,2339,1962,2938,culex
train_09574.jpeg,768,1024,173,491,505,767,albopictus
train_09578.jpeg,3456,4608,1083,1576,2120,2582,albopictus
train_09584.jpeg,4032,3024,1731,1558,2133,1924,culex
train_09588.jpeg,1024,2106,376,840,644,1215,culex
train_09594.jpeg,1200,1600,382,657,536,862,albopictus
train_09596.jpeg,1200,1600,150,655,1049,1094,culiseta
train_09602.jpeg,3024,4032,1154,1980,1460,2308,albopictus
train_09603.jpeg,3024,4032,1367,1998,1795,2396,culex
train_09607.jpeg,3024,4032,885,1535,1831,2976,culex
train_09608.jpeg,857,857,81,31,799,806,culex
train_09611.jpeg,3000,4000,256,404,2921,2754,culex
train_09612.jpeg,2448,3264,1124,1624,1397,1895,albopictus
train_09613.jpeg,1024,1365,275,528,662,947,anopheles
train_09615.jpeg,2080,4160,1051,1516,1282,1760,albopictus
train_09616.jpeg,1270,1693,505,731,745,1033,albopictus
train_09629.jpeg,3024,4032,831,1630,2371,2893,culex
train_09631.jpeg,3024,4032,1254,1956,1529,2289,albopictus
train_09636.jpeg,768,1024,142,450,679,909,culex
train_09642.jpeg,2932,2586,1425,1202,1890,1588,albopictus
train_09646.jpeg,3120,4160,789,914,2003,3187,culex
train_09648.jpeg,2736,3648,1155,1095,2140,2136,culex
train_09651.jpeg,1365,1024,397,356,866,683,culex
train_09652.jpeg,1721,1721,585,546,1080,1073,culex
train_09658.jpeg,1242,2208,415,754,824,1039,albopictus
train_09659.jpeg,2448,3264,461,1937,806,2256,albopictus
train_09663.jpeg,1564,2781,672,697,1063,1038,albopictus
train_09664.jpeg,3024,4032,801,1432,2014,2268,albopictus
train_09665.jpeg,1440,2560,592,1142,955,1451,albopictus
train_09668.jpeg,4016,3008,2017,1340,2667,1860,culex
train_09673.jpeg,1176,1154,138,118,774,812,culex
train_09687.jpeg,1166,2592,471,416,957,1104,culex
train_09693.jpeg,3984,2988,1690,1222,2140,1660,albopictus
train_09700.jpeg,1024,1365,252,600,651,748,culiseta
train_09707.jpeg,2158,1919,793,722,1239,1083,albopictus
train_09711.jpeg,1024,1365,396,606,543,783,albopictus
train_09714.jpeg,1024,1365,214,561,622,753,culex
train_09716.jpeg,621,621,81,52,582,534,culex
train_09720.jpeg,768,1024,165,95,658,773,culex
train_09722.jpeg,768,1024,410,504,527,645,culex
train_09723.jpeg,2448,3264,818,1218,1518,2555,albopictus
train_09725.jpeg,2448,3264,1173,1619,1452,1898,albopictus
train_09726.jpeg,1080,2400,278,472,935,1392,albopictus
train_09729.jpeg,2240,4608,820,1467,1356,2017,culex
train_09738.jpeg,1893,1786,524,297,1399,1304,culex
train_09742.jpeg,3024,4032,1215,1352,1669,1977,albopictus
train_09743.jpeg,2592,1944,1173,799,1665,1067,albopictus
train_09746.jpeg,1166,2592,215,888,706,1687,albopictus
train_09748.jpeg,1024,1365,413,660,739,1028,albopictus
train_09751.jpeg,1024,2106,324,701,689,1114,culex
train_09752.jpeg,3024,4032,1186,2105,1743,2565,albopictus
train_09754.jpeg,3024,4032,1320,631,1843,1152,culex
train_09754.jpeg,3024,4032,828,1546,1230,1941,culex
train_09754.jpeg,3024,4032,1626,1619,1974,2031,culex
train_09755.jpeg,1024,1820,397,752,613,884,culex
train_09758.jpeg,4000,3000,1156,717,2290,2028,culex
train_09776.jpeg,1365,1024,622,468,905,797,culex
train_09778.jpeg,3264,1836,1231,430,1921,1182,albopictus
train_09783.jpeg,3104,1746,1425,841,1611,1048,albopictus
train_09787.jpeg,1024,1365,377,772,531,909,albopictus
train_09787.jpeg,1024,1365,593,731,664,801,albopictus
train_09790.jpeg,1836,3264,805,1518,1358,2162,albopictus
train_09792.jpeg,3000,4000,702,299,2672,3040,albopictus
train_09797.jpeg,2304,4096,1010,2522,1169,2695,albopictus
train_09803.jpeg,2448,3264,1252,1117,1526,1469,albopictus
train_09808.jpeg,1365,1024,574,484,772,676,culex
train_09810.jpeg,3000,4000,287,1498,1869,3174,albopictus
train_09811.jpeg,1440,1080,493,457,907,749,albopictus
train_09812.jpeg,3024,4032,1205,2103,1905,2748,culex
train_09815.jpeg,1170,2532,420,1203,736,1527,anopheles
train_09819.jpeg,1242,1749,216,422,918,1225,culex
train_09827.jpeg,1960,4032,853,1944,1361,2372,albopictus
train_09841.jpeg,1111,1414,265,460,707,867,culex
train_09844.jpeg,768,1024,251,204,668,707,culex
train_09845.jpeg,3024,3024,1108,1116,1855,1938,albopictus
train_09848.jpeg,4608,3456,882,734,2960,2779,japonicus-koreicus
train_09851.jpeg,2252,4000,144,720,1209,2154,albopictus
train_09853.jpeg,1361,1080,192,41,1296,1064,albopictus
train_09859.jpeg,2268,4032,884,1581,1357,2044,culex
train_09862.jpeg,3096,4128,558,1719,1910,3062,albopictus
train_09867.jpeg,1553,3293,1010,453,1197,690,culex
train_09867.jpeg,1553,3293,580,340,723,450,culex
train_09867.jpeg,1553,3293,862,592,1002,738,culex
train_09867.jpeg,1553,3293,1074,783,1239,949,culex
train_09867.jpeg,1553,3293,1303,1006,1480,1137,culex
train_09867.jpeg,1553,3293,1311,1125,1455,1240,culex
train_09867.jpeg,1553,3293,807,1292,983,1587,culex
train_09867.jpeg,1553,3293,686,2994,943,3218,culex
train_09868.jpeg,1508,2016,538,933,790,1209,culex
train_09872.jpeg,3024,4032,1077,1114,1497,1615,albopictus
train_09880.jpeg,1024,1818,98,705,645,1075,albopictus
train_09886.jpeg,3840,5120,1855,2642,2225,3137,albopictus
train_09887.jpeg,998,963,63,28,940,856,culex
train_09891.jpeg,743,790,96,25,678,535,culex
train_09892.jpeg,1194,1705,355,594,850,1434,culiseta
train_09893.jpeg,1200,1600,447,667,777,921,albopictus
train_09894.jpeg,649,1153,43,222,603,732,culex
train_09901.jpeg,3000,4000,1080,1077,2513,2400,culex
train_09904.jpeg,5120,3840,1094,512,3756,2818,albopictus
train_09907.jpeg,1284,2778,243,882,1003,1987,culex
train_09908.jpeg,640,480,10,6,619,404,japonicus-koreicus
train_09910.jpeg,900,1600,162,307,862,944,culex
train_09914.jpeg,475,633,139,55,424,464,albopictus
train_09920.jpeg,3024,4032,1322,1769,1833,2428,culiseta
train_09922.jpeg,3024,4032,1020,1927,1623,2407,culex
train_09923.jpeg,4608,3456,1309,341,4017,2935,albopictus
train_09926.jpeg,946,1262,318,598,909,1171,albopictus
train_09933.jpeg,1960,1765,814,467,1429,1146,albopictus
train_09936.jpeg,1024,1365,356,498,705,794,culex
train_09939.jpeg,1365,1024,453,203,857,845,culex
train_09944.jpeg,768,1024,268,493,463,739,japonicus-koreicus
train_09945.jpeg,3456,4608,1256,1570,2338,2518,culiseta
train_09956.jpeg,3000,4000,1104,1651,1932,2562,culiseta
train_09959.jpeg,768,1024,295,335,710,782,culex
train_09960.jpeg,4032,3024,2051,996,2670,1441,culex
train_09967.jpeg,1024,2330,96,582,779,1118,culex
train_09973.jpeg,1081,1082,281,304,785,954,culex
train_09986.jpeg,1013,939,104,119,772,733,culex
train_09989.jpeg,3000,4000,335,1429,2813,3779,albopictus
train_09990.jpeg,3024,4032,1605,1602,1874,2009,albopictus
train_09992.jpeg,1600,1200,524,534,802,758,albopictus
train_09993.jpeg,768,1024,301,269,471,584,albopictus
train_09994.jpeg,2992,4000,1607,1485,2027,1935,culex
train_10001.jpeg,1365,1024,547,313,731,412,culex
train_10003.jpeg,1600,1200,488,553,829,781,albopictus
train_10004.jpeg,1365,1024,466,264,829,540,culex
train_10014.jpeg,1024,1365,43,297,671,898,culex
train_10026.jpeg,2448,3264,1183,1525,1586,2109,culex
train_10051.jpeg,1168,2592,48,962,699,1566,japonicus-koreicus
train_10056.jpeg,768,1024,307,346,567,579,culex
train_10060.jpeg,531,644,116,119,370,514,albopictus
train_10064.jpeg,4896,3672,1310,653,3314,2449,culex
train_10065.jpeg,1024,1024,423,421,590,619,culex
train_10066.jpeg,1550,1142,731,309,1054,769,albopictus
train_10071.jpeg,3000,4000,1326,1886,1749,2424,culex
train_10074.jpeg,3024,4032,623,872,2595,3146,culex
train_10075.jpeg,1600,1200,624,164,1216,1086,albopictus
train_10079.jpeg,3024,4032,593,1681,1500,2667,culex
train_10089.jpeg,768,1024,183,445,425,827,culiseta
train_10093.jpeg,1820,1024,1051,404,1359,675,culex
train_10098.jpeg,883,883,165,182,698,580,anopheles
train_10101.jpeg,3000,4000,1317,1466,1599,1822,culex
train_10106.jpeg,3024,4032,2009,1674,2389,2158,culex
train_10108.jpeg,2600,4624,691,1409,1554,2267,culiseta
train_10110.jpeg,1836,3264,232,1196,1010,1858,albopictus
train_10111.jpeg,3456,4608,1499,2039,1898,2472,culex
train_10113.jpeg,1388,1084,990,343,1247,660,culex
train_10113.jpeg,1388,1084,305,215,464,332,culex
train_10113.jpeg,1388,1084,405,334,549,493,culex
train_10116.jpeg,1125,2436,315,1041,930,1581,albopictus
train_10131.jpeg,3024,4032,1329,2212,1679,2657,culex
train_10132.jpeg,3000,4000,1405,1875,2271,2698,culex
train_10138.jpeg,4000,3000,1278,1335,2386,2796,albopictus
train_10139.jpeg,3024,4032,838,1626,1978,2578,culex
train_10142.jpeg,4032,3024,1804,1081,2376,1775,culex
train_10148.jpeg,1024,1820,411,903,578,1069,culex
train_10149.jpeg,1908,4032,717,1256,1115,1680,albopictus
train_10154.jpeg,2128,4608,872,1221,1564,1884,japonicus-koreicus
train_10156.jpeg,1024,2272,1070,512,1312,845,albopictus
train_10164.jpeg,2268,4032,374,1342,1227,2058,albopictus
train_10166.jpeg,3024,4032,1056,1932,1557,2822,albopictus
train_10169.jpeg,3456,4608,439,898,3070,2854,culex
train_10170.jpeg,1820,1024,765,484,987,673,albopictus
train_10184.jpeg,1024,1365,459,493,624,726,culex
train_10187.jpeg,3024,4032,1104,1317,2114,3377,culex
train_10188.jpeg,3096,4128,442,1895,1571,2693,culex
train_10192.jpeg,768,1024,334,494,478,606,culex
train_10193.jpeg,3024,4032,372,1192,1547,2089,japonicus-koreicus
train_10194.jpeg,408,740,146,285,277,453,albopictus
train_10196.jpeg,4160,2080,2506,822,2751,1039,albopictus
train_10204.jpeg,3000,4000,827,1998,2035,3021,culex
train_10215.jpeg,3024,1831,1078,568,1392,944,culex
train_10216.jpeg,2576,1932,811,661,1233,1457,culex
train_10218.jpeg,3024,4032,896,1874,1511,2391,culex
train_10225.jpeg,4608,2592,967,1015,1612,1554,culex
train_10234.jpeg,1200,1600,591,830,747,971,albopictus
train_10238.jpeg,1024,1365,277,528,689,922,culex
train_10241.jpeg,2448,3264,1086,1506,1492,1927,albopictus
train_10244.jpeg,2240,4608,129,1334,1804,2946,albopictus
train_10252.jpeg,6000,8000,2662,2848,4173,4993,albopictus
train_10253.jpeg,2268,4032,12,637,1855,2592,albopictus
train_10254.jpeg,1024,1365,400,667,679,993,culex
train_10258.jpeg,3024,4032,946,1649,1630,2400,japonicus-koreicus
train_10259.jpeg,1836,3264,832,1039,1454,1802,albopictus
train_10260.jpeg,720,1600,238,602,459,801,albopictus
train_10262.jpeg,1024,2275,326,927,813,1368,albopictus
train_10268.jpeg,1024,2219,374,569,631,859,culex
train_10269.jpeg,3024,4032,1309,1573,1614,1931,culex
train_10273.jpeg,3472,4624,1215,2133,2149,3089,albopictus
train_10274.jpeg,768,1024,194,299,496,632,culex
train_10275.jpeg,1024,1363,467,704,565,817,albopictus
train_10280.jpeg,3024,4032,1174,1961,1978,2489,culex
train_10283.jpeg,3000,4000,1333,2558,1671,2908,albopictus
train_10284.jpeg,1944,2592,675,582,1233,1237,culex
train_10285.jpeg,1458,2592,630,1094,1077,1640,albopictus
train_10291.jpeg,1024,1365,358,336,565,624,culex
train_10298.jpeg,3936,5248,2307,2001,3127,2868,albopictus
train_10298.jpeg,3936,5248,1419,430,1957,865,albopictus
train_10298.jpeg,3936,5248,2460,1097,3033,1508,albopictus
train_10298.jpeg,3936,5248,2691,1456,3085,1828,albopictus
train_10298.jpeg,3936,5248,2198,3063,2947,3581,albopictus
train_10298.jpeg,3936,5248,2224,3707,3126,4311,albopictus
train_10298.jpeg,3936,5248,1469,4436,2304,4906,albopictus
train_10298.jpeg,3936,5248,1117,1264,1798,1733,albopictus
train_10298.jpeg,3936,5248,1869,1602,2338,2034,albopictus
train_10298.jpeg,3936,5248,1024,1759,1432,2138,albopictus
train_10298.jpeg,3936,5248,1437,2080,1843,2517,albopictus
train_10298.jpeg,3936,5248,638,2474,1095,2944,albopictus
train_10298.jpeg,3936,5248,1120,2692,1759,3273,albopictus
train_10301.jpeg,1365,1024,629,414,788,530,culex
train_10308.jpeg,1058,943,28,187,908,815,japonicus-koreicus
train_10310.jpeg,2976,3968,1900,1280,2163,1653,albopictus
train_10310.jpeg,2976,3968,1662,1471,1798,1651,albopictus
train_10314.jpeg,4128,2322,1899,1344,2166,1582,albopictus
train_10326.jpeg,1232,1498,320,468,842,1075,albopictus
train_10328.jpeg,375,712,32,263,316,467,culex
train_10332.jpeg,3024,4032,1691,1897,1972,2221,albopictus
train_10333.jpeg,3456,4608,1486,1660,2618,2866,culex
train_10335.jpeg,3000,4000,1297,1856,1998,2619,albopictus
train_10339.jpeg,3000,4000,573,1905,2504,3732,albopictus
train_10342.jpeg,3120,4160,1146,2218,1903,2811,albopictus
train_10345.jpeg,1836,4080,781,1619,1086,1934,albopictus
train_10348.jpeg,768,1024,267,427,458,609,culex
train_10349.jpeg,1458,2592,742,796,1152,1203,albopictus
train_10351.jpeg,2448,3264,787,552,1636,1880,albopictus
train_10354.jpeg,1157,1157,367,315,676,764,albopictus
