img_fName,img_w,img_h,bbx_xtl,bbx_ytl,bbx_xbr,bbx_ybr,class_label
train_00001.jpeg,3024,4032,900,1897,1950,2990,albopictus
train_00002.jpeg,768,1024,220,58,659,808,albopictus
train_00011.jpeg,768,1024,186,209,562,669,culex
train_00015.jpeg,1024,1024,347,306,623,643,albopictus
train_00037.jpeg,768,1024,203,341,605,778,culex
train_00042.jpeg,1024,768,539,209,649,324,albopictus
train_00043.jpeg,594,890,64,307,344,518,albopictus
train_00044.jpeg,2448,3264,897,1298,1337,1616,albopictus
train_00046.jpeg,363,422,53,48,314,315,culex
train_00049.jpeg,1024,1820,37,414,515,884,culex
train_00050.jpeg,3024,4032,916,1060,2112,1881,culex
train_00052.jpeg,3024,4032,1193,1344,2130,2063,culex
train_00056.jpeg,3024,4032,879,1859,1419,2945,culex
train_00060.jpeg,1024,1365,131,482,536,711,albopictus
train_00062.jpeg,3024,4032,1279,1702,1885,2311,culex
train_00066.jpeg,2160,2880,677,1623,1016,1995,albopictus
train_00067.jpeg,613,573,205,112,438,420,albopictus
train_00069.jpeg,2448,3264,811,1326,1751,2504,albopictus
train_00074.jpeg,1024,1365,520,700,640,908,culex
train_00076.jpeg,768,1024,228,370,540,850,culex
train_00078.jpeg,1024,1365,290,511,561,993,culex
train_00082.jpeg,2322,4128,1002,1772,1614,2542,culex
train_00088.jpeg,5312,2988,2983,1187,3610,2085,japonicus-koreicus
train_00096.jpeg,3968,2240,1673,1065,2765,1728,albopictus
train_00097.jpeg,4608,3456,1220,167,3308,2164,culiseta
train_00098.jpeg,826,1051,210,321,564,708,albopictus
train_00102.jpeg,1816,4032,668,1884,977,2254,culex
train_00105.jpeg,3024,4032,116,1717,1719,2854,albopictus
train_00108.jpeg,1024,1365,345,277,640,590,culex
train_00109.jpeg,1600,1200,398,259,1512,1011,culex
train_00116.jpeg,680,906,151,0,574,767,albopictus
train_00117.jpeg,1356,1513,167,92,1215,1177,culex
train_00118.jpeg,2610,4640,704,1586,1659,2245,albopictus
train_00119.jpeg,4608,2592,2292,111,3897,1525,culex
train_00120.jpeg,2448,3264,1015,1216,1363,1607,albopictus
train_00124.jpeg,3456,4608,684,2537,2944,3651,japonicus-koreicus
train_00127.jpeg,1152,1123,390,302,666,715,albopictus
train_00133.jpeg,5616,2808,872,459,3656,2449,culex
train_00145.jpeg,4608,3456,1333,965,3559,2781,albopictus
train_00151.jpeg,3024,4032,1608,2034,2419,2988,albopictus
train_00156.jpeg,1785,1443,573,340,1207,974,albopictus
train_00161.jpeg,768,1024,359,455,493,604,culex
train_00167.jpeg,2304,4096,939,1901,1406,2204,albopictus
train_00168.jpeg,3024,4032,986,1143,2095,2079,culex
train_00169.jpeg,768,1024,269,485,415,607,culex
train_00172.jpeg,3120,4160,1444,2254,2005,2861,aegypti
train_00176.jpeg,768,1024,222,371,413,633,albopictus
train_00178.jpeg,2736,3648,615,1263,1820,2786,albopictus
train_00179.jpeg,4608,3456,1079,608,3286,2730,culex
train_00185.jpeg,2976,3968,940,1757,1401,2342,albopictus
train_00190.jpeg,1024,1365,342,419,727,884,albopictus
train_00192.jpeg,4224,5632,1152,1819,2508,3373,culex
train_00194.jpeg,3024,4032,559,1493,1917,3056,albopictus
train_00200.jpeg,1191,1145,376,534,824,859,albopictus
train_00206.jpeg,1261,1778,667,834,806,1008,albopictus
train_00218.jpeg,750,1334,55,347,692,924,japonicus-koreicus
train_00219.jpeg,4608,2592,1201,615,3195,2000,albopictus
train_00221.jpeg,871,944,283,372,566,655,culex
train_00223.jpeg,1160,2576,393,767,776,1174,albopictus
train_00225.jpeg,2268,4032,1102,1876,1381,2213,albopictus
train_00227.jpeg,2448,3264,843,1161,1498,2096,albopictus
train_00228.jpeg,4128,2322,1914,1048,2337,1444,albopictus
train_00235.jpeg,1024,1365,155,283,449,744,albopictus
train_00239.jpeg,3024,4032,1079,1981,1957,2480,japonicus-koreicus
train_00240.jpeg,1024,1365,16,503,773,1256,culex
train_00244.jpeg,3024,4032,810,1366,1785,2186,culiseta
train_00245.jpeg,3840,5120,685,2349,2238,4119,albopictus
train_00256.jpeg,538,956,98,343,448,804,culex
train_00260.jpeg,1960,4032,336,1251,745,1672,albopictus
train_00262.jpeg,3024,4032,1304,1853,1890,2271,albopictus
train_00263.jpeg,768,1024,202,357,531,686,culex
train_00267.jpeg,1024,1365,435,845,621,1044,culex
train_00268.jpeg,1024,2272,311,843,738,1435,culex
train_00270.jpeg,1352,1803,482,677,795,1054,culex
train_00271.jpeg,1024,2106,286,973,558,1402,culex
train_00272.jpeg,768,1024,283,514,376,668,culex
train_00278.jpeg,3024,4032,588,732,2111,3363,culex
train_00282.jpeg,768,1024,34,147,687,810,albopictus
train_00288.jpeg,1920,2560,968,1194,1179,1416,albopictus
train_00291.jpeg,2448,3264,564,863,2060,2075,albopictus
train_00292.jpeg,3472,4624,1273,2024,2435,2835,japonicus-koreicus
train_00293.jpeg,770,1027,302,456,659,791,albopictus
train_00299.jpeg,1024,1365,261,472,593,741,albopictus
train_00302.jpeg,4000,3000,1359,1200,2235,2575,culex
train_00304.jpeg,4032,3024,1318,882,2599,1873,albopictus
train_00305.jpeg,2448,3264,842,1105,1473,2039,albopictus
train_00323.jpeg,1920,2560,811,1111,1090,1412,albopictus
train_00328.jpeg,768,1024,272,459,429,687,culex
train_00332.jpeg,2340,4160,1141,1934,1453,2196,albopictus
train_00333.jpeg,4032,2268,1437,1077,2084,1668,albopictus
train_00339.jpeg,1024,1365,159,295,615,712,culex
train_00341.jpeg,1908,4032,633,1149,1739,2686,culiseta
train_00343.jpeg,1456,2592,677,1154,789,1309,albopictus
train_00345.jpeg,768,1024,208,307,490,784,anopheles
train_00347.jpeg,1944,2592,465,851,1571,1977,albopictus
train_00353.jpeg,1024,1365,421,556,806,972,culex
train_00355.jpeg,1170,1083,382,245,674,670,culex
train_00360.jpeg,4000,3000,1420,511,3699,2449,culex
train_00368.jpeg,2808,5616,357,1500,2521,4155,culex
train_00374.jpeg,1024,1365,112,404,476,817,culex
train_00385.jpeg,4032,2268,2100,489,2682,1169,culex
train_00387.jpeg,1160,2576,304,338,872,929,culex
train_00389.jpeg,3120,4160,1250,2030,1557,2402,albopictus
train_00391.jpeg,483,1024,172,480,304,565,culex
train_00397.jpeg,2592,1458,1017,630,1536,1055,japonicus-koreicus
train_00401.jpeg,4032,3024,1001,1003,2488,2141,culiseta
train_00405.jpeg,1024,1367,291,601,421,789,culex
train_00407.jpeg,768,1024,213,398,614,804,culex
train_00411.jpeg,1024,1365,177,660,319,815,albopictus
train_00424.jpeg,809,1303,240,515,490,791,culex
train_00428.jpeg,4032,3024,1688,1239,2335,1859,culex
train_00437.jpeg,768,1024,292,489,452,600,culex
train_00441.jpeg,1932,2576,774,1009,1266,1526,culex
train_00448.jpeg,3000,4000,386,727,2574,3562,culex
train_00453.jpeg,768,1024,316,437,407,567,culex
train_00459.jpeg,1600,1200,891,273,1298,612,albopictus
train_00460.jpeg,3024,4032,883,1655,1765,3126,albopictus
train_00463.jpeg,2240,3968,1239,1630,1606,1988,albopictus
train_00464.jpeg,2208,1241,292,110,1413,1157,albopictus
train_00466.jpeg,982,1775,268,780,711,1239,albopictus
train_00471.jpeg,3120,4160,1226,2121,1764,2527,culex
train_00474.jpeg,3024,4032,815,948,1770,2014,culex
train_00476.jpeg,768,1024,338,455,405,559,culex
train_00477.jpeg,4032,3024,1736,840,2907,2488,culex
train_00484.jpeg,3024,4032,1774,1541,2245,2018,culex
train_00485.jpeg,5312,2988,1975,761,3185,1550,albopictus
train_00489.jpeg,3000,4000,882,2103,1291,2523,albopictus
train_00491.jpeg,1844,4000,632,373,1784,1857,albopictus
train_00495.jpeg,828,1792,161,677,639,1268,culex
train_00500.jpeg,2736,3648,1313,2106,1771,2551,japonicus-koreicus
train_00516.jpeg,768,1024,273,436,447,611,culex
train_00517.jpeg,3024,4032,1143,1870,1614,2262,culex
train_00519.jpeg,1024,1820,294,502,581,676,culex
train_00530.jpeg,3264,2448,1213,649,2832,1583,albopictus
train_00541.jpeg,1200,1600,568,101,1029,1098,culiseta
train_00546.jpeg,3120,4160,1087,1263,1777,2456,culex
train_00552.jpeg,1500,2000,120,446,989,988,culex
train_00555.jpeg,3072,4096,1335,1799,1710,2158,albopictus
train_00559.jpeg,768,1024,291,265,446,422,culex
train_00560.jpeg,1067,957,268,167,871,833,culiseta
train_00563.jpeg,3024,4032,1179,2276,1517,2615,albopictus
train_00564.jpeg,1500,2000,518,1137,842,1811,albopictus
train_00565.jpeg,2988,5312,1167,2563,1763,3335,albopictus
train_00572.jpeg,2268,4032,895,2071,1353,2628,culiseta
train_00573.jpeg,4000,2248,2736,956,3233,1385,albopictus
train_00574.jpeg,3024,3024,0,270,1993,2073,albopictus
train_00592.jpeg,1024,1365,206,530,924,1261,culex
train_00605.jpeg,3024,4032,1405,1830,1727,2201,albopictus
train_00609.jpeg,4032,3024,2047,1109,2571,1406,culex
train_00610.jpeg,768,1024,108,253,625,830,albopictus
train_00612.jpeg,4032,1960,851,556,2311,1548,culiseta
train_00624.jpeg,3024,4032,1362,1298,1815,1866,albopictus
train_00628.jpeg,1120,779,367,267,932,553,albopictus
train_00630.jpeg,768,1024,228,181,385,405,anopheles
train_00632.jpeg,1024,1815,513,928,766,1258,albopictus
train_00635.jpeg,1440,2560,293,991,1194,1948,culex
train_00636.jpeg,1512,2016,780,679,1230,1109,albopictus
train_00638.jpeg,652,877,154,586,378,827,albopictus
train_00639.jpeg,1096,1096,310,150,730,852,albopictus
train_00641.jpeg,3120,4160,1277,1427,2009,2088,albopictus
train_00647.jpeg,1024,1365,460,484,653,706,anopheles
train_00650.jpeg,1044,1719,530,498,874,954,albopictus
train_00651.jpeg,768,1024,212,427,640,967,albopictus
train_00654.jpeg,3120,4160,1449,1840,1844,2186,albopictus
train_00671.jpeg,1024,1818,245,646,414,848,albopictus
train_00680.jpeg,2634,2293,914,802,1691,1694,culex
train_00684.jpeg,768,1024,271,374,398,559,culex
train_00686.jpeg,768,1024,194,348,518,723,culex
train_00688.jpeg,1115,1595,247,371,824,1233,albopictus
train_00689.jpeg,1024,1365,198,534,639,857,culex
train_00692.jpeg,768,1024,340,491,487,593,culex
train_00695.jpeg,1816,4032,399,824,1128,1784,albopictus
train_00700.jpeg,2576,1932,954,723,1449,1325,culex
train_00703.jpeg,1024,2272,421,980,672,1320,culex
train_00705.jpeg,3024,4032,813,1787,1903,2917,culex
train_00708.jpeg,5616,2808,1814,913,4561,2354,culex
train_00715.jpeg,3024,4032,1023,1082,2101,2824,culex
train_00716.jpeg,768,1024,177,408,551,899,culex
train_00730.jpeg,2952,3220,690,1267,2495,2572,albopictus
train_00732.jpeg,1080,1406,220,756,659,1101,albopictus
train_00733.jpeg,1024,1820,360,842,587,1158,albopictus
train_00734.jpeg,768,1024,272,426,403,554,culex
train_00749.jpeg,2160,3840,499,1304,1371,2130,culex
train_00750.jpeg,1024,1365,244,223,555,705,culex
train_00763.jpeg,768,1024,318,390,540,641,culex
train_00772.jpeg,2057,2133,670,567,1330,1513,culex
train_00777.jpeg,1600,1200,677,285,988,632,culex
train_00783.jpeg,768,1024,228,228,559,758,culex
train_00789.jpeg,1166,2592,206,720,831,1688,culex
train_00791.jpeg,2988,5312,1039,3297,1383,3864,albopictus
train_00794.jpeg,1474,1963,253,734,1137,1411,culex
train_00798.jpeg,1371,1371,457,450,811,846,culex
train_00800.jpeg,3000,4000,138,1110,2325,3472,albopictus
train_00801.jpeg,768,1024,273,379,532,763,culex
train_00802.jpeg,3456,4608,340,925,3013,2847,japonicus-koreicus
train_00804.jpeg,1024,1820,375,516,756,779,culex
train_00805.jpeg,1795,1167,628,116,1366,835,albopictus
train_00808.jpeg,3024,4032,1111,1482,1649,2116,culex
train_00809.jpeg,1200,1600,365,562,633,927,culex
train_00812.jpeg,776,1600,248,514,505,881,albopictus
train_00815.jpeg,2576,1160,681,215,1245,653,culex
train_00819.jpeg,1836,3264,477,985,1821,2173,albopictus
train_00824.jpeg,612,639,231,156,479,393,albopictus
train_00825.jpeg,4032,3024,1553,727,2456,1643,culex
train_00833.jpeg,487,379,111,39,407,229,culex
train_00835.jpeg,1304,1207,424,481,848,816,albopictus
train_00836.jpeg,768,1024,183,432,398,698,culex
train_00838.jpeg,4000,2250,1580,734,2031,1161,culex
train_00846.jpeg,3024,4032,1192,1698,1574,2172,culex
train_00850.jpeg,1079,1082,498,435,654,626,culex
train_00853.jpeg,3468,4624,801,974,3071,3713,albopictus
train_00854.jpeg,2448,3264,523,162,2207,2995,albopictus
train_00857.jpeg,768,1024,328,574,460,687,albopictus
train_00864.jpeg,1170,2532,34,589,1136,1959,albopictus
train_00868.jpeg,1641,2189,825,795,1299,1340,culex
train_00869.jpeg,1328,1771,441,521,990,1234,culex
train_00871.jpeg,4896,3672,1521,1788,2059,2751,albopictus
train_00873.jpeg,4000,1846,1196,260,2672,1462,albopictus
train_00874.jpeg,3024,3024,1425,1355,2152,1906,culex
train_00875.jpeg,768,1024,166,264,590,675,culex
train_00879.jpeg,1024,1365,448,328,605,639,culex
train_00880.jpeg,1440,2560,263,886,893,1425,albopictus
train_00881.jpeg,2304,4096,604,1597,1099,2002,culex
train_00885.jpeg,768,1024,267,391,411,554,culex
train_00886.jpeg,768,1024,208,327,510,672,culex
train_00891.jpeg,1200,1600,354,300,766,1053,albopictus
train_00900.jpeg,4032,3024,1796,940,2344,1289,culex
train_00901.jpeg,1024,2217,360,1119,571,1301,albopictus
train_00907.jpeg,1638,1379,477,493,766,854,culex
train_00908.jpeg,2136,4624,477,1797,1566,2904,culex
train_00918.jpeg,1024,2273,394,947,787,1298,culex
train_00920.jpeg,1024,2217,86,851,566,1207,culex
train_00926.jpeg,4128,2322,1745,862,2447,1595,albopictus
train_00927.jpeg,572,578,181,114,369,395,albopictus
train_00930.jpeg,1036,793,345,207,688,568,albopictus
train_00932.jpeg,3024,4032,1377,1711,1608,2104,albopictus
train_00933.jpeg,3072,4096,1387,1046,1975,1796,albopictus
train_00934.jpeg,1212,703,538,240,759,590,culex
train_00938.jpeg,3264,2448,1498,914,1968,1211,culex
train_00942.jpeg,3024,4032,1269,1927,1644,2364,albopictus
train_00943.jpeg,3024,4032,1151,1757,1801,2408,albopictus
train_00945.jpeg,3648,2736,417,499,2351,2161,culiseta
train_00948.jpeg,1024,1365,252,308,893,1172,culex
train_00949.jpeg,4032,3024,1270,552,2753,1942,albopictus
train_00952.jpeg,4624,3468,2471,903,2880,1801,culex
train_00955.jpeg,3024,4032,639,1877,1637,3114,albopictus
train_00956.jpeg,4000,1846,1873,658,2360,1117,albopictus
train_00967.jpeg,949,1008,84,273,653,738,albopictus
train_00970.jpeg,3264,2448,1306,1127,1880,1555,albopictus
train_00975.jpeg,1365,1024,323,194,587,375,culex
train_00976.jpeg,768,1024,284,207,524,542,culex
train_00979.jpeg,1080,660,229,4,799,517,aegypti
train_00983.jpeg,2448,3264,975,1413,1279,1766,albopictus
train_00993.jpeg,1836,3264,695,1414,1097,1722,albopictus
train_00994.jpeg,282,375,38,120,250,278,albopictus
train_00997.jpeg,2268,4032,576,1346,1646,2664,anopheles
train_01000.jpeg,4128,2322,2328,945,2743,1308,albopictus
train_01004.jpeg,502,590,117,158,356,367,culex
train_01005.jpeg,3024,4032,455,1087,1830,2782,albopictus
train_01007.jpeg,768,1024,319,477,416,585,culex
train_01010.jpeg,3024,4032,272,1201,2844,3172,culex
train_01012.jpeg,1280,720,438,224,603,436,albopictus
train_01013.jpeg,1844,4000,436,1805,1261,2680,albopictus
train_01015.jpeg,1365,1024,311,315,855,790,culex
train_01017.jpeg,3024,4032,1677,2132,2088,2559,culex
train_01019.jpeg,1080,976,277,124,760,891,albopictus
train_01021.jpeg,1944,2592,357,714,1342,1578,culex
train_01023.jpeg,2448,3264,954,1541,1393,1946,albopictus
train_01024.jpeg,4624,3468,2150,1374,2564,1815,culiseta
train_01025.jpeg,3096,4128,584,1930,1995,3226,albopictus
train_01026.jpeg,3024,4032,488,47,2698,3464,albopictus
train_01027.jpeg,3024,4032,643,1421,2545,2594,albopictus
train_01028.jpeg,3024,4032,1033,1771,1534,2317,culex
train_01036.jpeg,1024,1365,353,710,650,1010,culex
train_01037.jpeg,763,838,123,159,611,708,culex
train_01039.jpeg,768,1024,250,378,415,543,culex
train_01041.jpeg,1932,2576,734,805,1262,1414,albopictus
train_01043.jpeg,2268,4032,987,1511,1368,1991,culex
train_01047.jpeg,768,1024,50,195,569,911,culex
train_01049.jpeg,2448,3264,832,1199,1627,2414,albopictus
train_01053.jpeg,3024,4032,1814,1603,2147,1947,albopictus
train_01055.jpeg,3120,4160,1281,1808,1597,2174,culex
train_01058.jpeg,1440,2560,201,822,1277,1659,albopictus
train_01066.jpeg,1908,4032,750,1826,1176,2293,albopictus
train_01067.jpeg,1365,1024,856,352,1184,602,culex
train_01075.jpeg,3024,4032,1138,1771,1772,2295,albopictus
train_01077.jpeg,2448,3264,950,1444,1436,1756,albopictus
train_01081.jpeg,4248,5664,2010,2656,2699,3266,albopictus
train_01082.jpeg,3024,4032,734,1675,1832,2709,culiseta
train_01083.jpeg,1816,4032,653,1730,952,2280,albopictus
train_01084.jpeg,3840,2160,1121,158,2687,1825,albopictus
train_01092.jpeg,3016,4032,1202,1187,1588,1716,albopictus
train_01096.jpeg,3096,4128,702,1732,1034,2131,albopictus
train_01102.jpeg,3024,4032,1300,1717,1650,2220,culex
train_01104.jpeg,448,471,128,116,315,454,albopictus
train_01115.jpeg,1024,2163,415,889,583,1020,culex
train_01133.jpeg,2448,3264,689,1124,2071,2191,albopictus
train_01143.jpeg,741,1188,71,192,643,906,albopictus
train_01166.jpeg,904,1600,247,667,542,954,culex
train_01174.jpeg,1994,2354,319,521,1518,1878,albopictus
train_01176.jpeg,2560,1440,86,154,1202,1273,culiseta
train_01177.jpeg,3024,4032,760,1207,1970,2411,culex
train_01181.jpeg,3000,4000,935,1334,2417,2996,albopictus
train_01185.jpeg,1168,2592,325,783,1047,1674,albopictus
train_01191.jpeg,2250,4000,536,1336,956,1695,albopictus
train_01194.jpeg,5616,2808,1239,78,4387,2430,culex
train_01197.jpeg,1024,2275,167,603,708,1010,culex
train_01200.jpeg,3024,4032,356,936,1820,2427,culiseta
train_01208.jpeg,2268,4032,874,1960,1213,2403,culex
train_01224.jpeg,528,634,132,127,403,387,albopictus
train_01238.jpeg,3456,4608,1011,1844,1322,2286,anopheles
train_01241.jpeg,1032,962,118,114,894,846,culex
train_01243.jpeg,3072,4096,1298,847,1967,1631,albopictus
train_01247.jpeg,3456,4608,1663,1989,2766,3388,culex
train_01250.jpeg,1800,4000,60,995,1635,2692,culex
train_01259.jpeg,1593,2125,552,908,921,1369,albopictus
train_01269.jpeg,765,1024,91,170,426,461,culex
train_01278.jpeg,3968,2976,1121,571,2811,2744,japonicus-koreicus
train_01280.jpeg,2128,1637,276,175,1878,1420,albopictus
train_01283.jpeg,1080,2160,29,683,744,1199,albopictus
train_01286.jpeg,1185,791,258,88,960,592,japonicus-koreicus
train_01293.jpeg,3024,4032,614,149,2606,2425,culiseta
train_01297.jpeg,1365,1024,449,381,780,664,culex
train_01301.jpeg,1334,750,218,0,928,716,culiseta
train_01304.jpeg,4032,1920,1404,797,1765,1181,albopictus
train_01305.jpeg,4160,3120,851,357,4126,2492,albopictus
train_01308.jpeg,1365,1024,510,302,772,510,culex
train_01310.jpeg,3024,4032,1356,1766,1711,2210,albopictus
train_01318.jpeg,1609,1480,566,528,950,879,albopictus
train_01322.jpeg,1024,1123,259,335,785,821,albopictus
train_01324.jpeg,4032,3024,1808,1115,2159,1447,albopictus
train_01326.jpeg,2240,3968,233,451,1643,1803,japonicus-koreicus
train_01332.jpeg,1052,995,158,58,805,822,culex
train_01337.jpeg,768,1024,329,444,479,597,culex
train_01338.jpeg,2448,3264,1300,1666,2047,2210,culex
train_01340.jpeg,3024,4032,643,1132,1825,1991,culex
train_01346.jpeg,2459,3024,825,526,2210,1475,albopictus
train_01349.jpeg,1024,1815,138,672,359,889,albopictus
train_01364.jpeg,3000,4000,444,873,2237,2919,culex
train_01369.jpeg,1908,4032,583,1238,1434,2205,culex
train_01375.jpeg,900,1600,269,349,640,758,albopictus
train_01376.jpeg,1788,2092,54,90,1654,1710,aegypti
train_01380.jpeg,2448,3264,753,1507,1411,2175,culex
train_01385.jpeg,1476,997,376,233,924,678,culex
train_01389.jpeg,1920,1080,648,38,1553,1009,albopictus
train_01391.jpeg,4248,5664,829,937,3909,3499,albopictus
train_01396.jpeg,5616,2808,1677,551,4028,2227,albopictus
train_01401.jpeg,1944,2592,321,707,1738,2282,culex
train_01419.jpeg,720,1280,60,460,685,973,albopictus
train_01420.jpeg,894,1116,183,363,632,688,albopictus
train_01421.jpeg,3024,4032,1159,1561,1919,2468,culex
train_01424.jpeg,3264,2448,1620,476,2591,1634,albopictus
train_01425.jpeg,768,1024,252,570,339,670,culex
train_01430.jpeg,1024,2272,342,1049,591,1267,culex
train_01432.jpeg,4000,3000,1261,1214,1706,1606,albopictus
train_01434.jpeg,1200,1599,465,853,608,1058,albopictus
train_01436.jpeg,3024,4032,1471,2053,1821,2462,culex
train_01437.jpeg,4032,3024,2120,1277,2484,1518,albopictus
train_01440.jpeg,1024,2273,66,546,994,1265,anopheles
train_01441.jpeg,1836,3264,549,1635,814,2008,albopictus
train_01455.jpeg,2272,1024,1145,267,1386,535,culex
train_01458.jpeg,3024,4032,1434,1431,2643,2282,albopictus
train_01464.jpeg,3000,4000,1114,1578,2097,2949,culex
train_01466.jpeg,768,1024,346,346,540,677,culex
train_01471.jpeg,4032,3024,1128,680,2947,2812,japonicus-koreicus
train_01472.jpeg,2604,4624,1243,2001,1778,2355,japonicus-koreicus
train_01473.jpeg,3120,4160,1242,1293,2599,2534,albopictus
train_01486.jpeg,768,1024,162,503,260,621,culex
train_01487.jpeg,3840,5120,1140,1937,2508,3216,albopictus
train_01489.jpeg,4032,3016,1309,1399,3221,2665,culiseta
train_01491.jpeg,768,1024,38,294,714,878,culex
train_01492.jpeg,1024,1024,115,242,912,810,culex
train_01495.jpeg,3456,4608,1215,1988,1977,2887,japonicus-koreicus
train_01501.jpeg,3000,4000,1391,1720,1839,2193,albopictus
train_01507.jpeg,1536,2048,465,940,1008,1581,culex
train_01512.jpeg,1379,839,423,597,770,804,culex
train_01516.jpeg,768,1024,367,618,479,765,culex
train_01521.jpeg,1200,1600,481,580,638,794,culex
train_01526.jpeg,1024,1365,337,491,653,794,albopictus
train_01527.jpeg,1920,1080,678,72,1494,922,albopictus
train_01529.jpeg,3000,4000,484,790,2097,3454,culiseta
train_01530.jpeg,3472,4624,1554,2661,2238,3309,albopictus
train_01531.jpeg,2048,1536,927,322,1638,803,albopictus
train_01538.jpeg,1365,1024,581,599,757,731,culex
train_01549.jpeg,966,1288,332,399,527,629,culex
train_01550.jpeg,2992,4000,1213,2066,1778,2802,culex
train_01551.jpeg,2240,4608,885,1870,1522,2441,culex
train_01558.jpeg,1365,1024,496,425,716,631,culex
train_01559.jpeg,3024,4032,1576,2046,1921,2488,albopictus
train_01561.jpeg,1024,1365,222,641,629,934,culiseta
train_01563.jpeg,1452,1430,430,572,689,862,culex
train_01565.jpeg,3000,4000,840,1607,1418,2464,culiseta
train_01569.jpeg,3024,4032,1195,1848,1850,2509,albopictus
train_01570.jpeg,768,1024,211,244,616,607,japonicus-koreicus
train_01571.jpeg,869,868,464,388,621,542,albopictus
train_01582.jpeg,4128,3096,2167,1268,2732,1783,albopictus
train_01585.jpeg,1125,2000,315,602,518,886,culex
train_01591.jpeg,3456,4608,1592,1329,2121,1816,albopictus
train_01595.jpeg,2268,4032,478,1418,1540,2278,albopictus
train_01599.jpeg,900,899,318,342,545,497,albopictus
train_01600.jpeg,3024,4032,86,1367,2661,3685,culex
train_01601.jpeg,1600,1200,170,316,1306,975,culex
train_01607.jpeg,1862,1724,372,672,1140,1164,albopictus
train_01610.jpeg,492,1024,164,266,361,522,culex
train_01615.jpeg,673,672,100,77,629,660,culex
train_01619.jpeg,1024,1365,292,769,520,914,albopictus
train_01620.jpeg,3024,4032,1009,1568,2329,2508,japonicus-koreicus
train_01623.jpeg,3024,4032,747,880,2540,2504,albopictus
train_01630.jpeg,2448,3264,1226,1386,1704,1783,albopictus
train_01631.jpeg,1365,1024,871,491,1114,730,culex
train_01634.jpeg,3024,4032,1396,1351,2449,2069,albopictus
train_01636.jpeg,768,1024,236,445,396,615,albopictus
train_01637.jpeg,3096,4128,1240,929,2819,3444,albopictus
train_01646.jpeg,3024,4032,1322,1881,1850,2444,culex
train_01650.jpeg,3024,4032,1044,2519,1626,2907,japonicus-koreicus
train_01655.jpeg,577,613,134,178,435,417,culex
train_01656.jpeg,3468,4624,1049,1982,2135,2809,albopictus
train_01661.jpeg,4000,3000,1925,881,2568,1629,culex
train_01663.jpeg,2448,3264,706,1396,1130,1744,albopictus
train_01664.jpeg,1024,1365,375,693,501,835,albopictus
train_01674.jpeg,1024,1365,375,545,632,934,culex
train_01678.jpeg,2448,2448,1158,1037,1274,1225,culex
train_01681.jpeg,1024,2106,428,864,641,1087,culex
train_01684.jpeg,1440,2560,613,1040,860,1367,culex
train_01686.jpeg,1213,1172,339,483,783,825,albopictus
train_01690.jpeg,1365,1024,281,150,913,716,culex
train_01692.jpeg,720,1447,228,863,463,1125,culex
train_01695.jpeg,3000,4000,599,1151,2046,2771,culex
train_01696.jpeg,900,1600,347,569,702,939,albopictus
train_01702.jpeg,720,960,280,425,360,517,albopictus
train_01708.jpeg,1721,1393,509,492,1074,986,culex
train_01709.jpeg,491,872,51,230,413,622,culex
train_01716.jpeg,632,631,245,430,344,550,albopictus
train_01717.jpeg,1236,830,464,312,696,592,albopictus
train_01718.jpeg,2268,4032,851,1212,1421,1926,culex
train_01719.jpeg,3120,4160,878,2388,2372,3761,culex
train_01729.jpeg,2207,2164,856,937,1327,1421,culex
train_01734.jpeg,2268,4032,1095,2300,1441,2663,albopictus
train_01741.jpeg,768,1024,181,360,323,469,culex
train_01744.jpeg,1024,1365,443,716,622,920,albopictus
train_01746.jpeg,768,1280,348,578,521,715,albopictus
train_01747.jpeg,4032,3024,1316,823,2604,2396,albopictus
train_01754.jpeg,3024,4032,1012,1174,1834,1977,albopictus
train_01756.jpeg,3024,4032,439,797,2301,3277,culex
train_01760.jpeg,1152,2048,249,945,791,1546,albopictus
train_01761.jpeg,3024,4032,1364,1671,1618,1928,albopictus
train_01763.jpeg,1312,1612,325,501,810,914,culex
train_01770.jpeg,3264,2448,1452,1119,1858,1467,albopictus
train_01773.jpeg,4000,3000,1493,821,2677,1728,albopictus
train_01774.jpeg,3024,4032,776,1420,2478,3125,culex
train_01777.jpeg,1824,4000,625,1393,1166,1815,culex
train_01778.jpeg,4128,3096,1221,671,2448,1830,albopictus
train_01781.jpeg,672,1472,93,440,617,1014,culiseta
train_01784.jpeg,768,1024,355,541,463,656,culex
train_01786.jpeg,1024,1365,319,528,741,993,culex
train_01797.jpeg,2542,2227,593,813,1471,1504,albopictus
train_01798.jpeg,3024,4032,655,546,2145,1885,albopictus
train_01799.jpeg,515,453,166,89,374,353,albopictus
train_01802.jpeg,944,720,343,173,664,685,albopictus
train_01808.jpeg,2048,1536,714,632,1095,1117,culex
train_01809.jpeg,1152,2560,25,748,956,2155,culex
train_01812.jpeg,2340,4160,883,1688,1289,2101,albopictus
train_01813.jpeg,1024,1820,359,972,578,1193,culex
train_01815.jpeg,4312,5760,1518,2325,2256,3105,culex
train_01816.jpeg,3024,4032,1195,1267,1634,1791,culex
train_01817.jpeg,3024,4032,1338,1948,1636,2280,albopictus
train_01821.jpeg,4032,2268,739,480,2691,1883,albopictus
train_01822.jpeg,2988,5312,243,2341,2382,4321,albopictus
train_01823.jpeg,1200,1600,303,138,818,1059,culex
train_01827.jpeg,4000,1844,1542,790,1855,1136,albopictus
train_01831.jpeg,1024,1820,279,623,745,1006,culex
train_01832.jpeg,3468,4624,1336,1895,2197,2627,culex
train_01836.jpeg,1024,1365,368,631,687,957,culex
train_01841.jpeg,1024,1365,275,213,697,668,culex
train_01842.jpeg,720,1600,303,516,540,726,culex
train_01851.jpeg,663,949,108,326,435,572,albopictus
train_01852.jpeg,1024,2106,392,490,671,763,culex
train_01864.jpeg,3840,5120,1084,1941,2145,2982,albopictus
train_01865.jpeg,2205,2841,826,1051,1595,2285,albopictus
train_01868.jpeg,768,1024,178,291,581,708,culex
train_01874.jpeg,1024,2219,465,1037,637,1279,culex
train_01876.jpeg,1365,1024,665,389,1155,781,culex
train_01880.jpeg,3468,4624,631,1810,1806,3093,culiseta
train_01885.jpeg,4160,3120,1926,1257,2335,1654,albopictus
train_01887.jpeg,2129,1024,415,206,781,527,culex
train_01893.jpeg,5333,3000,2052,1416,2474,1804,albopictus
train_01898.jpeg,768,1024,238,455,591,740,culiseta
train_01901.jpeg,1024,1365,153,551,586,1315,culex
train_01909.jpeg,3171,4228,302,598,2890,4186,albopictus
train_01911.jpeg,1024,1365,434,661,688,894,culex
train_01920.jpeg,2448,3264,359,798,1300,1874,albopictus
train_01922.jpeg,2448,3264,864,1209,1685,2126,albopictus
train_01926.jpeg,3432,4576,1482,2079,2075,2974,culex
train_01928.jpeg,1200,1600,278,629,644,880,albopictus
train_01936.jpeg,3000,4000,601,723,2243,2621,culex
train_01946.jpeg,1365,1024,682,334,854,452,culex
train_01949.jpeg,3024,4032,768,733,1750,2231,albopictus
train_01951.jpeg,3000,4000,871,1710,1377,2377,culex
train_01954.jpeg,4000,3000,1050,826,2717,2602,albopictus
train_01955.jpeg,327,435,31,60,246,246,culex
train_01967.jpeg,982,1042,282,455,675,781,culex
train_01975.jpeg,3024,4032,784,1346,2311,3305,culiseta
train_01976.jpeg,4032,3024,1549,1561,1976,1929,albopictus
train_01986.jpeg,4000,2000,869,10,3079,1810,culex
train_01989.jpeg,3024,4032,114,348,2826,3045,culiseta
train_01990.jpeg,2592,1936,594,716,1491,1217,culiseta
train_01991.jpeg,768,1024,302,603,403,703,culex
train_02002.jpeg,768,1024,293,482,419,586,culex
train_02008.jpeg,4032,3024,1930,1195,2537,1842,culex
train_02010.jpeg,3000,4000,683,2054,2297,3399,albopictus
train_02015.jpeg,1055,1058,350,269,774,779,albopictus
train_02016.jpeg,768,1024,269,437,419,607,culiseta
train_02018.jpeg,768,1024,383,473,520,613,culex
train_02029.jpeg,768,1024,254,264,398,429,culex
train_02031.jpeg,2048,1536,140,0,1677,1294,japonicus-koreicus
train_02033.jpeg,1174,1211,645,532,1090,943,culex
train_02034.jpeg,768,1024,247,459,449,684,culex
train_02035.jpeg,3024,4032,996,1610,1838,2437,culex
train_02038.jpeg,2214,2682,713,573,937,897,albopictus
train_02043.jpeg,750,1334,65,163,512,675,culex
train_02047.jpeg,768,1024,158,259,662,777,albopictus
train_02051.jpeg,1024,1365,549,791,778,924,culex
train_02057.jpeg,2016,1512,1206,634,1451,891,culex
train_02061.jpeg,1024,1820,181,518,520,959,albopictus
train_02064.jpeg,3000,4000,794,1485,1423,2073,culiseta
train_02068.jpeg,1440,2560,11,483,1354,1626,albopictus
train_02069.jpeg,3024,4032,382,349,3024,3919,culex
train_02071.jpeg,3456,4608,1384,2797,1814,3111,albopictus
train_02074.jpeg,3456,4608,1299,2659,1803,3111,culex
train_02076.jpeg,954,2016,322,664,617,945,albopictus
train_02081.jpeg,2072,4608,558,1644,1047,2241,culex
train_02083.jpeg,3024,4032,758,1559,1514,2743,albopictus
train_02086.jpeg,1813,1813,511,416,1233,1006,culiseta
train_02087.jpeg,845,873,90,183,655,761,albopictus
train_02088.jpeg,768,1024,246,465,381,622,culex
train_02089.jpeg,1024,2275,457,559,707,837,culex
train_02096.jpeg,1200,1600,466,687,634,979,culex
train_02098.jpeg,768,1024,214,371,528,634,albopictus
train_02114.jpeg,772,1029,210,258,630,766,culex
train_02116.jpeg,3000,4000,612,786,2027,2400,albopictus
train_02122.jpeg,4160,2340,764,522,2197,1800,albopictus
train_02124.jpeg,1024,2272,256,463,765,809,culex
train_02125.jpeg,3024,4032,1194,1972,2279,2859,albopictus
train_02131.jpeg,4032,1908,1480,460,2348,1202,albopictus
train_02136.jpeg,3456,4608,840,1989,1797,3026,albopictus
train_02138.jpeg,3024,4032,708,1648,1961,2996,albopictus
train_02142.jpeg,1024,1820,318,609,542,841,culex
train_02150.jpeg,3000,3000,1471,1603,2713,2651,albopictus
train_02159.jpeg,768,1024,304,442,434,550,culex
train_02162.jpeg,1016,1462,30,301,975,1262,albopictus
train_02164.jpeg,1365,1024,616,423,812,578,albopictus
train_02165.jpeg,640,1136,16,306,614,903,albopictus
train_02172.jpeg,1600,1200,683,317,921,562,albopictus
train_02174.jpeg,1024,2273,54,425,381,824,culex
train_02175.jpeg,4000,1792,1814,870,2040,1128,culex
train_02177.jpeg,2976,3968,817,596,2976,3281,albopictus
train_02179.jpeg,1125,2436,143,591,891,1373,albopictus
train_02180.jpeg,1024,1820,299,389,750,955,culex
train_02181.jpeg,3000,3000,943,363,2762,2094,culex
train_02183.jpeg,1886,1981,678,715,1259,1143,albopictus
train_02191.jpeg,2560,1536,1005,596,1435,922,albopictus
train_02193.jpeg,3024,4032,1071,1638,2117,2154,albopictus
train_02194.jpeg,2976,3968,304,609,1828,2053,albopictus
train_02199.jpeg,1024,1365,442,606,568,802,culiseta
train_02200.jpeg,3000,4000,884,1113,2478,2672,albopictus
train_02202.jpeg,492,1024,130,625,258,768,culex
train_02203.jpeg,3024,4032,1078,1645,2093,2718,albopictus
train_02216.jpeg,1600,1200,563,438,1033,1079,albopictus
train_02218.jpeg,1500,2000,297,659,1341,1772,culex
train_02223.jpeg,3000,4000,1262,1524,2042,2753,culex
train_02226.jpeg,1024,2106,370,639,562,851,albopictus
train_02229.jpeg,3000,4000,1203,1346,1758,1975,aegypti
train_02230.jpeg,1024,1365,384,676,595,808,culex
train_02232.jpeg,768,1024,167,429,592,895,albopictus
train_02233.jpeg,4128,3096,919,873,1774,1873,albopictus
train_02234.jpeg,768,1024,141,149,516,643,culex
train_02235.jpeg,4128,2322,2217,507,2834,1076,albopictus
train_02238.jpeg,2560,1920,1316,796,1501,1011,albopictus
train_02245.jpeg,3024,4032,1186,1966,1532,2306,culex
train_02248.jpeg,3000,4000,511,616,1870,2672,albopictus
train_02251.jpeg,1674,1710,706,937,924,1239,culex
train_02256.jpeg,1024,1365,422,692,622,926,culex
train_02257.jpeg,3000,4000,822,1533,1919,2533,albopictus
train_02266.jpeg,492,588,133,123,412,401,culex
train_02269.jpeg,768,1024,366,439,637,720,culex
train_02277.jpeg,1944,2592,686,701,1022,1072,albopictus
train_02281.jpeg,768,1024,312,463,426,591,culex
train_02285.jpeg,3024,4032,1164,1707,2122,2504,culex
train_02288.jpeg,2448,3264,663,1059,1900,2038,albopictus
train_02293.jpeg,1932,2576,553,1173,1056,1688,albopictus
train_02295.jpeg,1536,2048,408,874,786,1220,albopictus
train_02299.jpeg,3000,4000,1302,2156,1628,2491,albopictus
train_02305.jpeg,2176,4608,523,1464,1871,3163,culex
train_02306.jpeg,4000,3000,1189,791,2371,1832,culex
train_02311.jpeg,3024,4032,828,1208,2118,2482,albopictus
train_02312.jpeg,768,1024,400,368,581,599,culex
train_02315.jpeg,3120,4208,1338,2039,1772,2444,albopictus
train_02328.jpeg,1024,1365,105,262,904,1160,culex
train_02329.jpeg,4032,3024,2160,1392,2544,1725,culex
train_02333.jpeg,1024,1365,254,339,628,846,culex
train_02342.jpeg,3000,4000,720,1345,1505,2144,culex
train_02348.jpeg,768,1024,185,210,716,732,culex
train_02349.jpeg,768,1024,272,445,393,550,culex
train_02355.jpeg,2072,4608,752,2129,1732,2806,albopictus
train_02356.jpeg,1024,1365,361,714,531,865,culex
train_02366.jpeg,1054,923,148,45,686,681,culiseta
train_02372.jpeg,3024,4032,1193,2094,1832,2602,albopictus
train_02373.jpeg,3120,4160,1803,1899,2204,2257,albopictus
train_02378.jpeg,768,1024,436,534,499,655,japonicus-koreicus
train_02379.jpeg,1024,1818,239,362,722,815,culex
train_02385.jpeg,3120,4160,1408,2066,1629,2305,albopictus
train_02391.jpeg,3120,4160,1347,2271,1981,2828,albopictus
train_02403.jpeg,3024,4032,916,1989,2195,3305,albopictus
train_02408.jpeg,431,575,34,86,337,444,culex
train_02409.jpeg,2604,2503,1511,705,1647,852,albopictus
train_02412.jpeg,3000,4000,1983,1420,2464,2051,culex
train_02417.jpeg,2248,4000,757,1395,1519,2894,culex
train_02421.jpeg,4032,3024,1603,1013,2213,1658,albopictus
train_02422.jpeg,729,971,177,462,434,860,culex
train_02432.jpeg,3024,4032,1193,1934,1598,2350,aegypti
train_02435.jpeg,704,600,153,141,484,468,albopictus
train_02441.jpeg,3000,4000,1336,1585,1871,2246,culiseta
train_02444.jpeg,3000,4000,1222,2459,1707,2904,culiseta
train_02445.jpeg,1440,2560,468,1008,855,1415,japonicus-koreicus
train_02446.jpeg,704,728,115,118,611,596,albopictus
train_02452.jpeg,3024,4032,786,664,1325,1347,albopictus
train_02453.jpeg,1800,4000,175,798,1638,2258,anopheles
train_02458.jpeg,768,1024,171,224,541,535,culex
train_02460.jpeg,963,1029,141,204,716,887,albopictus
train_02463.jpeg,3024,4032,903,1407,2055,2489,culex
train_02464.jpeg,2350,2387,281,586,1788,1939,culex
train_02465.jpeg,917,1223,23,106,719,1117,culex
train_02468.jpeg,1960,4032,735,1867,1180,2308,culex
train_02469.jpeg,1024,1365,552,513,710,646,albopictus
train_02470.jpeg,768,1024,337,443,414,564,culex
train_02471.jpeg,1536,2048,504,906,860,1377,culex
train_02476.jpeg,1200,1600,172,618,904,1302,albopictus
train_02477.jpeg,4096,2304,1251,788,2731,1550,japonicus-koreicus
train_02479.jpeg,3840,5120,1052,2629,2150,3565,albopictus
train_02483.jpeg,1024,1365,416,575,611,770,culex
train_02488.jpeg,3104,1746,929,790,1382,1158,albopictus
train_02489.jpeg,768,1024,335,478,430,592,culex
train_02493.jpeg,900,1600,30,340,819,1071,albopictus
train_02494.jpeg,1257,704,512,190,772,493,albopictus
train_02499.jpeg,3024,4032,528,1676,1842,2288,albopictus
train_02502.jpeg,5616,2808,1468,803,3779,2551,albopictus
train_02505.jpeg,720,1280,166,571,449,835,albopictus
train_02506.jpeg,3024,4032,1460,2179,1777,2436,albopictus
train_02507.jpeg,1024,1365,478,710,690,946,albopictus
train_02519.jpeg,3024,4032,1185,2202,1715,2518,albopictus
train_02525.jpeg,1024,1820,296,454,465,635,culex
train_02528.jpeg,2560,1536,223,46,1365,1536,albopictus
train_02543.jpeg,1024,1365,357,482,705,846,culex
train_02544.jpeg,3024,4032,550,650,2517,2496,culex
train_02548.jpeg,768,1024,331,579,525,763,anopheles
train_02552.jpeg,4032,3024,1182,227,2586,2309,albopictus
train_02556.jpeg,3468,4624,514,1913,2198,3207,albopictus
train_02562.jpeg,2016,2057,493,764,1233,1514,culex
train_02565.jpeg,3264,2448,1413,618,2036,1280,culex
train_02569.jpeg,3000,4000,1427,2278,1731,2660,albopictus
train_02570.jpeg,3840,5120,1030,2580,1984,3980,culex
train_02571.jpeg,1456,2592,401,1214,845,1657,albopictus
train_02572.jpeg,3024,4032,0,957,2894,3575,culex
train_02574.jpeg,1024,1365,493,666,595,760,albopictus
train_02576.jpeg,768,1024,292,325,606,757,culex
train_02577.jpeg,1080,1920,93,456,1080,1556,albopictus
train_02583.jpeg,1475,1427,597,457,1068,948,albopictus
train_02584.jpeg,1458,2592,429,945,1224,1624,albopictus
train_02588.jpeg,1024,1365,451,310,607,465,albopictus
train_02597.jpeg,3968,2976,629,750,2305,2838,japonicus-koreicus
train_02603.jpeg,2340,4160,811,1114,1533,2070,albopictus
train_02605.jpeg,2448,3264,1007,1603,1310,1925,albopictus
train_02606.jpeg,3024,4032,1030,1760,1678,2604,culex
train_02611.jpeg,768,1024,164,419,478,658,culex
train_02612.jpeg,1676,1800,644,653,950,1169,culex
train_02617.jpeg,1840,3264,870,1137,1061,1338,albopictus
train_02624.jpeg,3024,4032,1897,1095,2409,1631,culex
train_02627.jpeg,3456,4608,1821,2291,2403,3006,japonicus-koreicus
train_02642.jpeg,3024,4032,299,855,2870,2953,culex
train_02650.jpeg,4000,3000,388,836,2990,2723,culiseta
train_02652.jpeg,2604,4624,1310,1266,1881,2037,culex
train_02655.jpeg,1080,2220,58,648,1018,1302,albopictus
train_02657.jpeg,3024,4032,127,1409,2625,3212,culex
train_02669.jpeg,3000,4000,93,1079,2911,3457,albopictus
train_02670.jpeg,471,1024,102,139,446,555,albopictus
train_02675.jpeg,1365,1024,588,560,702,663,albopictus
train_02676.jpeg,768,1024,320,412,463,576,culex
train_02677.jpeg,992,1533,319,218,575,583,culex
train_02679.jpeg,768,1024,195,306,499,645,culex
train_02680.jpeg,1200,1600,131,377,824,1519,culex
train_02689.jpeg,2976,3968,1050,2122,1469,2584,albopictus
train_02690.jpeg,320,499,87,111,280,336,albopictus
train_02696.jpeg,540,300,129,38,455,278,culex
train_02697.jpeg,828,1792,104,754,629,1331,culiseta
train_02701.jpeg,1080,1529,314,617,596,892,albopictus
train_02703.jpeg,1160,2576,252,1134,689,1722,culex
train_02706.jpeg,1024,1363,361,557,662,1053,culex
train_02708.jpeg,3968,2976,323,404,2148,2438,culex
train_02711.jpeg,3024,4032,1199,1856,1497,2189,albopictus
train_02720.jpeg,3000,4000,1468,1947,2204,2523,albopictus
train_02727.jpeg,768,1024,264,537,435,777,culex
train_02730.jpeg,768,1024,19,52,756,924,albopictus
train_02736.jpeg,938,1190,345,474,568,649,albopictus
train_02741.jpeg,4128,2322,1841,1184,2276,1659,albopictus
train_02751.jpeg,1076,1120,175,442,926,868,culex
train_02752.jpeg,4032,3024,1755,898,3155,2210,culex
train_02755.jpeg,3024,4032,1238,1678,1971,2240,albopictus
train_02758.jpeg,768,1024,196,343,448,468,culex
train_02769.jpeg,4032,2268,1657,677,2876,1885,culex
train_02772.jpeg,1024,1365,373,454,927,1006,culiseta
train_02776.jpeg,912,706,246,158,637,515,culex
train_02778.jpeg,1844,4000,215,965,1430,2437,albopictus
train_02779.jpeg,1024,1024,314,246,585,711,culex
train_02782.jpeg,937,936,184,407,516,686,albopictus
train_02783.jpeg,4032,3024,2041,772,2574,1266,culiseta
train_02787.jpeg,750,1334,134,330,607,936,culiseta
train_02793.jpeg,1024,1365,387,847,730,1078,albopictus
train_02794.jpeg,1800,4000,119,346,1800,2514,culex
train_02797.jpeg,2160,3840,490,783,2014,2249,albopictus
train_02804.jpeg,900,1600,317,568,624,840,albopictus
train_02807.jpeg,3024,4032,741,1611,1679,2969,culex
train_02810.jpeg,768,1024,409,467,481,539,albopictus
train_02812.jpeg,1200,1600,499,727,776,1100,culex
train_02818.jpeg,3096,4128,1229,2082,1586,2422,albopictus
train_02819.jpeg,3000,4000,1369,1855,1786,2387,culex
train_02829.jpeg,3024,4032,938,1900,1307,2308,albopictus
train_02837.jpeg,1168,2592,71,250,1058,1844,albopictus
train_02845.jpeg,768,1024,129,310,539,849,culex
train_02847.jpeg,1166,2592,271,894,743,1570,culex
train_02855.jpeg,445,593,47,165,346,560,albopictus
train_02861.jpeg,720,1280,163,513,414,791,albopictus
train_02866.jpeg,3024,4032,1355,1679,1649,1993,albopictus
train_02867.jpeg,3264,1836,1981,781,2233,985,albopictus
train_02868.jpeg,1024,1365,334,638,545,843,culiseta
train_02871.jpeg,1932,2576,401,1029,1322,1741,culex
train_02872.jpeg,2448,3264,862,1534,1241,1790,albopictus
train_02873.jpeg,1844,4000,609,1598,1811,2447,culex
train_02878.jpeg,2976,3968,1189,2549,2169,3353,culiseta
train_02880.jpeg,3024,4032,48,1077,2646,2679,culiseta
train_02882.jpeg,3024,4032,1085,1752,1825,2278,albopictus
train_02886.jpeg,3840,2160,1382,720,2259,1516,albopictus
train_02894.jpeg,1193,1269,477,435,850,774,albopictus
train_02901.jpeg,4032,1816,2112,334,2972,1066,culiseta
train_02909.jpeg,3264,2448,221,0,2932,2205,albopictus
train_02921.jpeg,768,1024,271,400,562,662,culiseta
train_02926.jpeg,3024,4032,984,1860,1725,2660,japonicus-koreicus
train_02928.jpeg,1236,1559,484,509,825,789,albopictus
train_02931.jpeg,1024,1365,208,458,832,911,albopictus
train_02943.jpeg,3024,4032,963,1901,2140,3415,culex
train_02944.jpeg,3000,4000,852,1438,2395,3522,culex
train_02950.jpeg,1504,1257,588,428,1037,770,culex
train_02955.jpeg,2160,3840,936,1750,1249,2070,albopictus
train_02964.jpeg,839,884,118,103,759,801,culex
train_02966.jpeg,3840,2160,661,1272,1117,1644,albopictus
train_02970.jpeg,922,2048,216,852,677,1319,culex
train_02973.jpeg,2268,4032,1043,1608,2088,2487,albopictus
train_02981.jpeg,3024,4032,1269,1763,1787,2280,culiseta
train_02982.jpeg,3024,4032,438,1239,2577,2756,albopictus
train_02985.jpeg,1365,1024,543,390,754,701,culiseta
train_02986.jpeg,1024,2273,287,938,474,1098,albopictus
train_02992.jpeg,3024,4032,1613,1466,2099,1923,albopictus
train_02994.jpeg,768,1024,285,468,524,699,culex
train_02999.jpeg,768,1024,207,272,733,706,culex
train_03007.jpeg,1514,1198,441,290,953,700,culex
train_03009.jpeg,2448,3264,1157,1941,1415,2247,albopictus
train_03015.jpeg,4032,3024,1767,949,2662,1953,culex
train_03018.jpeg,1024,1365,401,601,693,827,culex
train_03022.jpeg,6000,8000,2949,2766,3851,3458,japonicus-koreicus
train_03027.jpeg,1600,1200,981,494,1322,879,culex
train_03028.jpeg,768,1024,303,432,602,724,aegypti
train_03029.jpeg,3000,4000,461,1833,1667,3406,culex
train_03030.jpeg,768,1024,288,651,402,776,culex
train_03036.jpeg,1723,1958,398,407,1279,1408,albopictus
train_03038.jpeg,2129,1024,413,548,777,753,albopictus
train_03040.jpeg,768,1024,328,478,452,591,culex
train_03045.jpeg,1908,4032,7,479,1819,1927,japonicus-koreicus
train_03047.jpeg,3120,4160,1390,1876,1672,2193,albopictus
train_03050.jpeg,768,1024,329,354,552,621,albopictus
train_03051.jpeg,1462,831,466,73,992,663,culex
train_03057.jpeg,2448,3264,554,815,1627,2068,albopictus
train_03060.jpeg,3120,4160,731,1581,1905,2612,albopictus
train_03064.jpeg,768,1024,312,469,431,643,culiseta
train_03070.jpeg,4032,3024,1016,863,2430,2381,albopictus
train_03074.jpeg,768,1024,354,438,465,611,culex
train_03080.jpeg,3024,4032,1206,1650,1773,2192,culiseta
train_03083.jpeg,1644,911,418,190,1446,777,albopictus
train_03084.jpeg,3024,4032,1050,1797,1760,2267,culiseta
train_03085.jpeg,768,1024,272,574,411,745,culex
train_03088.jpeg,1024,1365,391,470,670,835,culex
train_03096.jpeg,3024,4032,1010,1483,2355,2316,albopictus
train_03100.jpeg,3000,4000,795,166,2822,1934,albopictus
train_03110.jpeg,960,1792,338,905,538,1041,culex
train_03120.jpeg,1079,1053,372,402,675,600,albopictus
train_03121.jpeg,768,1024,357,575,480,727,albopictus
train_03128.jpeg,1944,2592,597,1539,1616,2372,culex
train_03130.jpeg,1024,1365,294,233,600,735,culex
train_03135.jpeg,768,1024,258,379,441,649,culiseta
train_03136.jpeg,1365,1024,500,200,904,673,culex
train_03137.jpeg,1600,1200,212,118,1052,773,albopictus
train_03141.jpeg,1024,2163,296,899,529,1118,albopictus
train_03153.jpeg,1200,1600,268,1157,444,1370,albopictus
train_03160.jpeg,2976,3968,889,1674,1935,2698,culex
train_03172.jpeg,1024,2106,260,742,565,1271,culex
train_03174.jpeg,3096,4128,459,1018,2902,3555,culex
train_03175.jpeg,768,1024,162,308,633,657,culex
train_03184.jpeg,3024,4032,998,2712,1335,3171,albopictus
train_03186.jpeg,768,1024,276,381,447,587,culex
train_03187.jpeg,768,1024,362,388,515,571,japonicus-koreicus
train_03192.jpeg,4032,3024,1806,894,2418,1519,culex
train_03198.jpeg,2006,4128,1207,1829,1556,2153,culex
train_03199.jpeg,1024,2219,335,922,515,1168,culex
train_03200.jpeg,4032,3024,1397,630,3195,2543,albopictus
train_03209.jpeg,768,1024,317,527,610,821,culex
train_03212.jpeg,3024,4032,1196,1927,1676,2721,japonicus-koreicus
train_03219.jpeg,361,361,113,49,261,276,albopictus
train_03220.jpeg,1820,1024,552,412,809,586,albopictus
train_03223.jpeg,2268,4032,329,410,1825,2769,culiseta
train_03224.jpeg,768,1024,271,410,605,756,culex
train_03232.jpeg,1024,1365,70,248,907,1237,culex
train_03233.jpeg,3648,2736,1462,710,2403,1592,albopictus
train_03235.jpeg,2129,1024,714,279,944,529,albopictus
train_03237.jpeg,1024,1365,387,511,600,877,culiseta
train_03238.jpeg,1024,1365,294,534,448,753,culex
train_03239.jpeg,3024,4032,0,5,2901,3335,culiseta
train_03240.jpeg,1080,1606,94,718,982,1342,culiseta
train_03245.jpeg,2988,5312,1130,2494,1646,3172,aegypti
train_03246.jpeg,768,1024,323,411,446,526,japonicus-koreicus
train_03247.jpeg,1600,1200,640,552,946,804,culex
train_03249.jpeg,3024,4032,1035,1769,1486,2288,culex
train_03252.jpeg,3024,4032,1145,1498,1819,2069,culex
train_03253.jpeg,768,1024,241,387,556,768,culex
train_03255.jpeg,1908,4032,0,570,1908,3727,culiseta
train_03266.jpeg,1365,1024,497,324,1165,768,culiseta
train_03270.jpeg,768,1024,329,395,417,494,culex
train_03275.jpeg,707,954,165,366,434,642,albopictus
train_03277.jpeg,3024,4032,805,2086,1604,2991,culex
train_03279.jpeg,576,1024,160,277,442,558,culex
train_03283.jpeg,1305,1135,234,370,624,694,albopictus
train_03287.jpeg,1920,1920,753,660,1171,994,albopictus
train_03288.jpeg,3024,4032,987,1423,2215,2354,culiseta
train_03290.jpeg,1024,1365,242,376,738,863,culex
train_03294.jpeg,3456,4608,1077,1287,2110,3228,japonicus-koreicus
train_03296.jpeg,3024,4032,161,770,2199,3202,culex
train_03301.jpeg,1024,1365,512,545,703,733,albopictus
train_03305.jpeg,1117,1116,503,332,734,752,albopictus
train_03306.jpeg,4032,3024,1946,1287,2408,1677,culex
train_03312.jpeg,2448,3264,579,544,1522,1825,albopictus
train_03313.jpeg,768,1024,236,408,375,541,culiseta
train_03316.jpeg,3096,4128,1018,1031,1708,1635,albopictus
train_03317.jpeg,3024,4032,1162,1681,1972,2335,albopictus
train_03318.jpeg,1024,1365,102,286,797,948,culex
train_03321.jpeg,3472,4624,420,959,3247,3436,culex
train_03331.jpeg,1536,2048,510,722,810,1109,culex
train_03333.jpeg,2160,3840,795,1663,940,1885,albopictus
train_03336.jpeg,2448,3264,1177,1556,1446,1832,albopictus
train_03337.jpeg,4032,3024,1859,1267,2626,2303,albopictus
train_03341.jpeg,2448,3264,901,1221,1471,1641,albopictus
train_03345.jpeg,2268,4032,239,401,2148,2658,albopictus
train_03348.jpeg,3024,4032,551,1563,1674,3112,culex
train_03352.jpeg,2976,3968,1072,2331,2266,3286,albopictus
train_03358.jpeg,2448,3264,884,1279,1934,2305,albopictus
train_03362.jpeg,3024,4032,1056,1164,1423,1578,albopictus
train_03365.jpeg,768,1024,258,710,445,943,albopictus
train_03368.jpeg,2432,3286,998,1330,1299,1599,albopictus
train_03369.jpeg,4000,3000,1325,986,1967,1797,albopictus
train_03370.jpeg,768,1024,323,549,418,643,culex
train_03373.jpeg,1600,960,807,263,984,463,albopictus
train_03374.jpeg,1836,3264,469,1628,1235,2096,culex
train_03378.jpeg,1105,1695,362,595,654,1042,culex
train_03387.jpeg,1365,1024,557,360,871,556,culiseta
train_03389.jpeg,2268,4032,948,1917,1431,2429,anopheles
train_03391.jpeg,1024,1365,240,447,746,1021,culex
train_03392.jpeg,3024,4032,1206,2125,2036,2966,culex
train_03394.jpeg,3920,2204,2340,849,2608,1074,albopictus
train_03396.jpeg,768,1024,381,423,736,888,albopictus
train_03398.jpeg,1024,1820,303,880,525,1083,culex
train_03405.jpeg,3456,4608,578,1543,1615,3044,culex
train_03410.jpeg,2275,1024,1044,409,1322,704,culex
train_03419.jpeg,1016,895,449,381,796,630,culex
train_03426.jpeg,1152,2048,298,580,616,1131,albopictus
train_03429.jpeg,5616,2808,1655,72,3731,2329,culex
train_03438.jpeg,1908,4032,671,1814,1196,2522,japonicus-koreicus
train_03447.jpeg,4032,3024,1768,1185,2229,1876,culex
train_03462.jpeg,1819,1949,289,504,1567,1670,culex
train_03466.jpeg,1365,1024,530,439,770,767,albopictus
train_03467.jpeg,189,157,33,9,172,147,albopictus
train_03468.jpeg,1352,1352,597,507,1160,1172,culex
train_03470.jpeg,1024,1365,313,618,429,723,culex
train_03471.jpeg,828,1792,186,556,622,956,culiseta
train_03482.jpeg,3024,4032,871,2139,2335,3240,culex
train_03483.jpeg,768,1024,309,456,424,549,japonicus-koreicus
train_03485.jpeg,1024,1365,252,273,811,944,culex
train_03489.jpeg,1944,2592,261,872,1234,1684,albopictus
train_03494.jpeg,4128,2322,1821,897,2523,1408,albopictus
train_03496.jpeg,3000,4000,912,1251,2155,2066,albopictus
train_03497.jpeg,3024,4032,864,1975,1538,2417,albopictus
train_03501.jpeg,1058,942,433,282,606,491,albopictus
train_03519.jpeg,3024,4032,230,398,2869,3083,culiseta
train_03521.jpeg,2268,4032,0,0,2268,3421,culiseta
train_03524.jpeg,1752,1484,874,450,1353,875,culex
train_03525.jpeg,3024,2268,519,376,2612,2166,albopictus
train_03528.jpeg,1024,2106,283,838,754,1243,culex
train_03537.jpeg,1800,4000,607,1760,943,2057,japonicus-koreicus
train_03538.jpeg,1024,1365,317,820,585,1029,culex
train_03539.jpeg,3120,4160,488,788,3109,3010,japonicus-koreicus
train_03543.jpeg,768,1024,326,461,436,588,culex
train_03553.jpeg,2006,2547,447,512,1407,2160,culex
train_03554.jpeg,3456,4608,1257,1789,1928,2627,albopictus
train_03563.jpeg,768,1024,197,201,445,428,culex
train_03566.jpeg,900,2000,167,776,594,1083,culex
train_03574.jpeg,720,1600,131,533,419,907,culex
train_03580.jpeg,2992,4000,804,1608,2130,2537,culex
train_03584.jpeg,1024,2106,433,981,711,1260,culex
train_03587.jpeg,3024,4032,1111,1861,1707,2546,albopictus
train_03589.jpeg,1949,1946,689,491,1232,852,albopictus
train_03609.jpeg,2268,4032,965,1522,1339,1914,culex
train_03610.jpeg,255,454,1,186,255,318,culiseta
train_03613.jpeg,1200,1600,337,758,749,1158,anopheles
train_03616.jpeg,4000,3000,1577,987,2113,1615,culex
train_03621.jpeg,3024,4032,1490,2019,1841,2354,albopictus
train_03624.jpeg,3024,4032,1034,1848,1524,2293,culex
train_03625.jpeg,768,1024,294,459,505,623,culex
train_03627.jpeg,4640,3488,1071,705,2259,2511,albopictus
train_03634.jpeg,768,1024,310,377,479,472,culex
train_03635.jpeg,3024,4032,954,992,1812,2156,culex
train_03649.jpeg,768,1024,376,333,482,458,culex
train_03662.jpeg,1186,2110,167,136,729,1002,albopictus
train_03665.jpeg,4032,3024,1535,1989,1849,2501,albopictus
train_03670.jpeg,1342,1080,327,71,1087,1034,japonicus-koreicus
train_03676.jpeg,1936,4000,68,831,972,2036,albopictus
train_03678.jpeg,2240,4608,389,1655,1370,2404,albopictus
train_03687.jpeg,1365,1024,896,126,1179,371,albopictus
train_03693.jpeg,1600,1200,221,26,1531,1146,aegypti
train_03695.jpeg,2448,3264,634,719,1899,1903,albopictus
train_03699.jpeg,3120,4160,1279,2366,1815,2991,culex
train_03705.jpeg,3024,4032,1344,1612,2185,2525,culex
train_03708.jpeg,2009,2381,424,489,1690,1784,culex
train_03709.jpeg,768,1024,311,440,428,629,culex
train_03716.jpeg,2448,3264,749,863,1760,1753,albopictus
train_03722.jpeg,1024,1365,128,222,707,876,culex
train_03724.jpeg,2268,4032,786,1388,1174,1804,albopictus
train_03728.jpeg,1365,1024,377,324,741,761,culex
train_03729.jpeg,1024,1365,602,160,851,367,culex
train_03730.jpeg,3024,4032,1282,1205,1920,1794,albopictus
train_03738.jpeg,1024,1024,105,164,672,589,culex
train_03739.jpeg,1442,1274,381,426,957,767,culex
train_03741.jpeg,1960,4032,500,1511,1335,2213,albopictus
train_03745.jpeg,3024,4032,719,1387,2494,2684,culex
train_03746.jpeg,4032,1960,296,3,2548,1799,culex
train_03747.jpeg,1456,2592,548,1145,852,1355,albopictus
train_03756.jpeg,3840,5120,2484,3108,2959,3539,albopictus
train_03761.jpeg,1365,1024,280,358,863,662,culex
train_03762.jpeg,2168,1024,1089,364,1365,629,culex
train_03767.jpeg,410,366,166,114,327,269,albopictus
train_03768.jpeg,1024,1820,52,398,979,1095,culex
train_03770.jpeg,768,1024,305,379,441,530,culex
train_03774.jpeg,295,418,22,25,220,320,culex
train_03777.jpeg,1024,1365,315,720,453,860,culex
train_03783.jpeg,1042,1196,353,224,887,917,albopictus
train_03784.jpeg,4160,2336,1792,1011,2249,1450,albopictus
train_03787.jpeg,3024,4032,913,1815,1881,2736,culex
train_03789.jpeg,4000,3000,745,218,2618,2199,culex
train_03793.jpeg,3120,4160,705,1544,1828,2639,culex
train_03800.jpeg,1024,2106,289,770,574,1154,albopictus
train_03805.jpeg,648,721,137,156,373,410,culex
train_03806.jpeg,1024,2219,366,847,777,1298,culex
train_03807.jpeg,1024,1365,389,633,685,914,culex
train_03808.jpeg,768,1024,83,238,488,631,albopictus
train_03812.jpeg,828,1792,108,575,687,1337,anopheles
train_03815.jpeg,1024,1365,243,420,717,785,culex
train_03816.jpeg,864,1184,147,517,576,929,albopictus
train_03818.jpeg,1097,931,391,411,653,642,albopictus
train_03820.jpeg,970,1196,155,166,746,1065,albopictus
train_03821.jpeg,4032,3024,1613,1343,2204,1667,culex
train_03826.jpeg,3072,4080,900,1898,1755,2732,culex
train_03830.jpeg,2250,4000,784,1198,1221,1706,albopictus
train_03835.jpeg,1024,1365,368,757,523,941,albopictus
train_03843.jpeg,1024,1365,310,483,795,846,culex
train_03848.jpeg,3024,4032,1423,2791,1810,3177,albopictus
train_03850.jpeg,720,1280,244,623,514,817,albopictus
train_03852.jpeg,4032,3024,1728,1149,2058,1438,albopictus
train_03854.jpeg,3000,4000,1270,1286,1761,1908,culiseta
train_03855.jpeg,4160,3120,1920,1432,2393,1842,albopictus
train_03856.jpeg,768,1024,240,409,350,535,albopictus
train_03860.jpeg,3024,4032,229,640,2118,2409,culiseta
train_03861.jpeg,540,524,197,267,296,393,albopictus
train_03869.jpeg,768,1024,250,402,495,703,culex
train_03882.jpeg,4032,3024,1791,1295,2240,1764,albopictus
train_03885.jpeg,3264,2448,609,106,2267,1958,albopictus
train_03886.jpeg,951,569,339,121,570,452,albopictus
train_03891.jpeg,4000,3000,1798,705,2894,2184,culex
train_03897.jpeg,2448,3264,1231,777,1944,1954,albopictus
train_03898.jpeg,3456,4608,451,1802,2407,2899,culex
train_03902.jpeg,974,1518,271,569,657,853,culex
train_03904.jpeg,3024,4032,964,1960,1712,2538,albopictus
train_03908.jpeg,1365,1024,653,225,1207,934,culex
train_03912.jpeg,3024,4032,1003,1726,2145,2742,culex
train_03919.jpeg,3024,4032,1272,1627,1871,2224,culex
train_03920.jpeg,3024,4032,1551,1781,1848,2097,culiseta
train_03922.jpeg,3096,4128,1357,1408,2634,2442,culex
train_03924.jpeg,656,875,191,361,577,829,culiseta
train_03926.jpeg,1024,1820,225,886,489,1111,albopictus
train_03930.jpeg,768,1024,387,536,470,668,culex
train_03933.jpeg,1024,1365,134,225,917,896,culex
train_03938.jpeg,768,1024,194,242,709,775,culex
train_03942.jpeg,2448,3264,922,1191,1701,2020,albopictus
train_03945.jpeg,3024,4032,304,1401,2320,2930,albopictus
train_03951.jpeg,768,1024,174,519,287,675,culex
train_03953.jpeg,2268,4032,984,1444,1765,2323,culex
train_03960.jpeg,768,1024,301,339,584,573,culex
train_03962.jpeg,736,1600,203,242,584,529,culex
train_03970.jpeg,1600,1200,512,264,1104,962,albopictus
train_03971.jpeg,2992,4000,1574,1702,2424,2434,culex
train_03973.jpeg,1908,4032,67,5,1647,2726,albopictus
train_03979.jpeg,1152,2048,244,361,987,1066,albopictus
train_03982.jpeg,4032,3024,1213,754,2257,2053,japonicus-koreicus
train_03984.jpeg,3840,5120,1496,2318,2380,3375,culex
train_03985.jpeg,1583,2192,381,464,1275,1665,culex
train_03987.jpeg,1536,2048,667,988,758,1065,albopictus
train_03988.jpeg,768,1024,316,615,427,733,culex
train_03990.jpeg,1440,2560,42,859,707,1466,albopictus
train_03991.jpeg,1040,1288,324,483,514,722,albopictus
train_03992.jpeg,2084,4624,938,855,1976,1787,albopictus
train_03993.jpeg,2340,4160,755,1871,1397,2403,albopictus
train_04001.jpeg,3024,4032,1269,1551,2093,2179,culiseta
train_04003.jpeg,768,1024,123,301,465,543,culex
train_04017.jpeg,2560,1440,1212,193,1971,693,albopictus
train_04018.jpeg,768,1024,313,351,345,408,culex
train_04021.jpeg,1825,1423,340,357,1481,995,culex
train_04026.jpeg,3120,4160,1337,1960,1698,2308,albopictus
train_04031.jpeg,1419,2160,420,809,1212,1390,culex
train_04032.jpeg,1024,1365,317,522,500,707,culex
train_04033.jpeg,864,1156,99,64,695,850,albopictus
train_04035.jpeg,2976,3968,515,1709,1563,2470,culex
train_04040.jpeg,1080,2340,225,918,873,1705,albopictus
train_04046.jpeg,1024,1365,331,138,781,567,culex
train_04051.jpeg,3024,4032,631,1184,1724,2666,culex
train_04056.jpeg,720,1280,141,589,533,1027,albopictus
train_04062.jpeg,922,922,450,429,697,702,culex
train_04064.jpeg,3024,4032,384,743,2695,2716,culiseta
train_04068.jpeg,768,1024,283,500,548,707,culex
train_04070.jpeg,2106,1024,848,437,981,605,culex
train_04074.jpeg,2250,4000,217,1530,1523,2379,japonicus-koreicus
train_04077.jpeg,3000,4000,485,89,2231,3079,albopictus
train_04079.jpeg,417,555,58,97,289,437,culex
train_04083.jpeg,1751,1313,418,139,1521,1144,albopictus
train_04087.jpeg,2027,1618,843,819,1081,1209,albopictus
train_04092.jpeg,2448,3264,542,890,1955,2112,albopictus
train_04094.jpeg,1200,1600,538,893,757,1057,albopictus
train_04095.jpeg,3024,4032,328,1847,1828,2905,japonicus-koreicus
train_04096.jpeg,768,1024,209,266,698,737,culiseta
train_04099.jpeg,2448,3264,150,1164,1334,2597,albopictus
train_04101.jpeg,3096,4128,1295,2239,2071,2770,albopictus
train_04112.jpeg,768,1024,336,502,424,645,culex
train_04115.jpeg,2448,3264,558,783,1843,2164,albopictus
train_04116.jpeg,768,1024,322,423,467,555,culex
train_04117.jpeg,768,1024,165,353,470,661,japonicus-koreicus
train_04121.jpeg,3024,4032,249,1675,1267,3022,albopictus
train_04123.jpeg,1440,2560,500,535,831,903,culex
train_04127.jpeg,2976,3968,1035,2546,2157,3208,albopictus
train_04133.jpeg,3120,4160,1686,1911,2102,2525,japonicus-koreicus
train_04135.jpeg,768,1024,145,150,618,798,albopictus
train_04137.jpeg,3024,4032,1228,1919,1745,2384,culiseta
train_04139.jpeg,4640,3472,1000,1190,2184,2149,albopictus
train_04140.jpeg,1024,1365,386,583,562,797,culex
train_04145.jpeg,368,380,113,35,319,337,culex
train_04146.jpeg,2232,3968,886,1684,1154,1983,culex
train_04149.jpeg,2208,3928,1111,2337,1468,2700,albopictus
train_04151.jpeg,3468,4624,1794,2303,2264,2977,culex
train_04152.jpeg,768,1024,311,471,479,604,culex
train_04153.jpeg,2240,4608,919,2229,1320,2675,culex
train_04157.jpeg,1836,3264,644,1454,1241,2043,albopictus
train_04160.jpeg,1616,1484,351,264,1558,1109,culex
train_04162.jpeg,768,1024,270,46,574,462,albopictus
train_04167.jpeg,1236,1700,423,598,935,1088,japonicus-koreicus
train_04168.jpeg,4000,1936,1075,429,1910,1319,albopictus
train_04171.jpeg,2448,3264,1120,1546,1300,1707,albopictus
train_04172.jpeg,3000,4000,1020,2116,1897,2986,albopictus
train_04174.jpeg,3000,4000,1169,1975,1604,2483,albopictus
train_04178.jpeg,3000,3000,832,289,2262,1919,albopictus
train_04179.jpeg,3024,4032,807,1764,2509,3317,albopictus
train_04180.jpeg,3024,4032,1079,724,2712,3482,culex
train_04188.jpeg,768,1024,298,633,428,761,culex
train_04194.jpeg,3024,4032,1377,1712,1659,2109,culex
train_04195.jpeg,1983,2505,514,903,1290,1705,culex
train_04204.jpeg,3024,4032,923,1411,1836,2051,culex
train_04208.jpeg,886,1381,291,588,672,1056,albopictus
train_04215.jpeg,1024,1365,336,689,788,1019,albopictus
train_04217.jpeg,1944,2592,93,613,1425,1689,albopictus
train_04221.jpeg,3000,4000,628,845,2477,2424,culex
train_04223.jpeg,3120,4160,399,1541,1809,2706,albopictus
train_04224.jpeg,768,1024,365,425,497,565,culex
train_04225.jpeg,971,766,205,80,671,610,albopictus
train_04232.jpeg,1365,1024,360,457,755,812,culex
train_04235.jpeg,2448,3264,1145,1096,1573,1642,albopictus
train_04238.jpeg,768,1024,113,452,475,732,culex
train_04240.jpeg,1960,4032,907,1945,1259,2348,albopictus
train_04243.jpeg,2470,2170,675,684,1530,1601,albopictus
train_04246.jpeg,750,1334,110,349,526,830,culex
train_04260.jpeg,1965,2307,190,621,1520,2077,albopictus
train_04262.jpeg,877,982,248,289,738,738,albopictus
train_04263.jpeg,3024,4032,1274,1433,1887,2188,culex
train_04267.jpeg,2976,3968,1361,1004,2264,1571,albopictus
train_04271.jpeg,1024,1820,363,706,605,914,albopictus
train_04273.jpeg,2322,4128,839,1738,1136,1980,albopictus
train_04274.jpeg,2976,3968,1337,1752,1712,2161,culex
train_04275.jpeg,1365,1024,317,330,554,566,culex
train_04279.jpeg,768,1024,286,366,450,493,culiseta
train_04286.jpeg,3000,4000,1448,1933,1762,2280,albopictus
train_04295.jpeg,4656,3492,2422,1315,3110,1809,japonicus-koreicus
train_04296.jpeg,1382,1382,450,444,833,680,albopictus
train_04298.jpeg,3024,4032,1155,1233,1978,2159,culex
train_04308.jpeg,4656,3492,1771,975,3144,2315,culex
train_04309.jpeg,3000,4000,141,872,1920,3422,albopictus
train_04310.jpeg,2976,3968,1352,1565,1836,2378,albopictus
train_04320.jpeg,1860,4032,586,1727,1073,2079,culex
train_04328.jpeg,4000,3000,1474,307,2896,1487,culiseta
train_04341.jpeg,2992,4000,792,2877,1202,3238,culex
train_04343.jpeg,768,1024,254,445,384,528,culex
train_04344.jpeg,811,811,283,126,614,485,albopictus
train_04352.jpeg,527,701,36,57,517,547,culex
train_04360.jpeg,2736,3648,709,1049,1322,1666,albopictus
train_04362.jpeg,473,484,40,41,415,410,culex
train_04363.jpeg,2129,1024,570,155,1103,616,culex
train_04364.jpeg,3024,4032,910,2013,2705,3133,albopictus
train_04366.jpeg,2752,5664,584,1981,2658,5086,japonicus-koreicus
train_04369.jpeg,1080,2400,143,687,969,1607,albopictus
train_04373.jpeg,3024,4032,878,483,2255,2406,culiseta
train_04376.jpeg,3000,4000,300,1131,1674,2396,albopictus
train_04377.jpeg,4032,3024,595,201,2913,1545,albopictus
train_04378.jpeg,3024,4032,1284,1756,1859,2330,albopictus
train_04380.jpeg,768,1024,360,477,454,566,albopictus
train_04381.jpeg,855,1140,226,367,537,800,albopictus
train_04384.jpeg,768,1024,382,499,487,602,albopictus
train_04389.jpeg,4032,3024,1191,855,3013,1894,albopictus
train_04396.jpeg,3024,4032,1079,1464,1718,2327,japonicus-koreicus
train_04397.jpeg,768,1024,442,416,547,493,albopictus
train_04398.jpeg,460,1024,119,304,325,543,albopictus
train_04399.jpeg,3024,4032,116,755,2265,2738,aegypti
train_04404.jpeg,3024,4032,1027,2035,2118,3072,albopictus
train_04418.jpeg,768,1024,341,522,450,601,anopheles
train_04426.jpeg,768,1024,273,125,472,311,culex
train_04427.jpeg,2988,5312,858,1863,2470,4008,albopictus
train_04435.jpeg,797,1063,266,386,722,696,albopictus
train_04441.jpeg,3456,4608,579,992,1666,2115,albopictus
train_04442.jpeg,768,1024,378,180,689,521,albopictus
train_04443.jpeg,3024,4032,645,1296,2296,2824,culex
train_04444.jpeg,3024,4032,1637,2456,1949,2746,albopictus
train_04445.jpeg,4032,3024,1530,221,3556,1857,culiseta
train_04452.jpeg,2448,3264,682,985,1539,2717,albopictus
train_04454.jpeg,5184,3888,2359,1552,2851,2271,culex
train_04460.jpeg,1365,1024,705,242,834,386,culex
train_04463.jpeg,1024,1820,359,494,609,745,culex
train_04466.jpeg,1024,1365,480,697,674,872,culex
train_04468.jpeg,1200,1600,399,540,733,911,albopictus
train_04470.jpeg,1024,1368,525,431,661,629,culex
train_04472.jpeg,1365,1024,519,387,689,600,culex
train_04473.jpeg,768,1024,315,334,502,490,culiseta
train_04479.jpeg,1820,1024,900,431,1170,612,culex
train_04480.jpeg,1024,2106,279,802,532,1072,culex
train_04487.jpeg,3120,4160,1230,1486,2211,2500,albopictus
train_04496.jpeg,2448,3264,1093,1369,1316,1629,albopictus
train_04498.jpeg,1024,2273,269,754,876,1544,culex
train_04501.jpeg,3000,4000,1166,1961,1604,2507,culex
train_04502.jpeg,1440,2560,410,973,935,1355,culex
train_04504.jpeg,1688,1688,764,600,1101,886,albopictus
train_04510.jpeg,861,921,352,384,521,601,albopictus
train_04520.jpeg,747,1599,232,470,462,966,albopictus
train_04523.jpeg,768,1024,131,332,509,701,albopictus
train_04524.jpeg,900,1600,386,965,596,1134,albopictus
train_04526.jpeg,2604,4624,1251,2697,1914,3121,albopictus
train_04535.jpeg,2976,3968,1115,1405,1534,1797,albopictus
train_04537.jpeg,3024,4032,1433,1775,1906,2316,culiseta
train_04540.jpeg,4000,3000,1837,987,2797,1892,culex
train_04541.jpeg,1151,2048,522,816,700,1043,albopictus
train_04542.jpeg,3000,4000,346,763,2172,3446,culex
train_04543.jpeg,768,1024,283,415,615,801,albopictus
train_04550.jpeg,3024,4032,840,1486,2524,2626,albopictus
train_04553.jpeg,768,1024,254,465,431,604,culex
train_04557.jpeg,3024,4032,865,1385,2141,3160,culex
train_04563.jpeg,3060,4080,158,108,2780,2852,albopictus
train_04566.jpeg,1563,2084,331,818,1184,1418,culex
train_04573.jpeg,768,1024,301,382,565,637,anopheles
train_04575.jpeg,768,1024,161,279,623,930,culiseta
train_04577.jpeg,711,983,269,301,475,499,albopictus
train_04579.jpeg,3024,4032,1033,1632,2013,2854,culex
train_04580.jpeg,1024,1365,142,276,559,686,culex
train_04583.jpeg,1160,2576,506,930,937,1519,albopictus
train_04584.jpeg,3000,4000,420,1329,1838,3639,albopictus
train_04586.jpeg,576,1024,189,481,363,718,culex
train_04588.jpeg,1792,4000,564,1477,951,1883,albopictus
train_04596.jpeg,768,1024,318,426,423,530,culex
train_04601.jpeg,2880,2160,1275,1081,1677,1384,culex
train_04614.jpeg,768,1024,199,495,429,747,culex
train_04625.jpeg,3456,4608,864,1977,2130,3422,albopictus
train_04627.jpeg,1024,2107,401,924,595,1197,culex
train_04640.jpeg,2268,4032,729,1612,1491,2294,culex
train_04643.jpeg,3456,4608,1254,1280,1795,1939,albopictus
train_04645.jpeg,1278,1035,387,314,797,774,albopictus
train_04646.jpeg,3024,4032,1241,1466,1786,2234,culex
train_04649.jpeg,3024,4032,1782,1390,2172,1794,culex
train_04653.jpeg,3024,4032,1240,1752,1500,2002,culex
train_04661.jpeg,3096,4128,311,1266,2626,3285,aegypti
train_04668.jpeg,768,1024,340,410,435,561,culex
train_04669.jpeg,3264,2448,903,485,1900,1719,albopictus
train_04670.jpeg,1024,1365,473,698,651,850,culex
train_04679.jpeg,4000,3000,188,134,3375,2562,culex
train_04684.jpeg,902,845,31,67,715,711,culiseta
train_04690.jpeg,1080,1920,0,373,1067,1755,albopictus
train_04696.jpeg,4000,3000,2009,710,3351,1705,albopictus
train_04697.jpeg,1920,2560,412,585,1463,2435,albopictus
train_04701.jpeg,3024,4032,1152,1796,2211,2682,culiseta
train_04704.jpeg,601,729,140,314,334,514,albopictus
train_04705.jpeg,1032,1032,288,371,433,575,albopictus
train_04706.jpeg,768,1024,409,651,501,773,culex
train_04708.jpeg,2273,1024,1053,123,1945,911,culex
train_04709.jpeg,2448,3264,688,1235,1497,2019,albopictus
train_04712.jpeg,768,1024,269,415,615,781,culex
train_04713.jpeg,3024,4032,1234,892,2082,1957,albopictus
train_04720.jpeg,3000,4000,808,1760,1910,2765,anopheles
train_04725.jpeg,956,2048,144,776,763,1659,albopictus
train_04732.jpeg,3120,4160,1231,1941,1580,2298,japonicus-koreicus
train_04736.jpeg,3480,4640,1619,2789,2062,3173,albopictus
train_04739.jpeg,768,1024,79,323,525,712,albopictus
train_04743.jpeg,3024,4032,895,2692,1620,3580,culiseta
train_04744.jpeg,1709,1688,732,634,1146,973,culex
train_04747.jpeg,1024,1365,534,574,646,668,albopictus
train_04749.jpeg,3024,4032,1640,1874,2147,2273,culex
train_04751.jpeg,3024,4032,681,1609,1898,2570,albopictus
train_04752.jpeg,597,640,64,68,519,628,culiseta
train_04754.jpeg,768,1024,308,159,695,651,culex
train_04755.jpeg,763,1018,123,292,635,715,albopictus
train_04759.jpeg,3000,4000,1176,2270,2019,2994,albopictus
train_04760.jpeg,3024,4032,1000,1246,1517,1925,culex
train_04764.jpeg,2279,2190,896,322,1809,1754,albopictus
train_04770.jpeg,768,1024,258,313,678,683,culex
train_04773.jpeg,1563,1652,679,710,1024,1078,albopictus
train_04776.jpeg,2268,4032,884,1411,1457,2003,japonicus-koreicus
train_04779.jpeg,2610,4640,842,2452,1437,2963,albopictus
train_04784.jpeg,5616,2808,1630,489,4467,2229,culex
train_04791.jpeg,3024,4032,1032,1284,2237,2224,albopictus
train_04799.jpeg,3264,2448,1178,682,2177,1433,albopictus
train_04800.jpeg,768,1024,196,478,454,704,culex
train_04803.jpeg,4128,3096,1910,635,2767,1471,albopictus
train_04807.jpeg,796,1363,215,594,685,1208,culex
train_04809.jpeg,2440,2342,683,650,1686,1408,albopictus
train_04810.jpeg,4000,2250,393,193,3162,2250,culiseta
train_04811.jpeg,1080,1259,120,174,982,1034,albopictus
train_04816.jpeg,1024,1820,134,640,882,1467,albopictus
train_04821.jpeg,3000,4000,948,1701,1276,2075,culex
train_04822.jpeg,1200,1600,97,123,908,1284,albopictus
train_04824.jpeg,1458,2592,537,1253,947,1725,culex
train_04828.jpeg,4032,3024,1292,1667,2340,2835,japonicus-koreicus
train_04829.jpeg,2084,4624,667,1140,1814,2634,culex
train_04830.jpeg,922,1185,322,445,565,756,albopictus
train_04837.jpeg,3024,3024,971,82,2688,2451,albopictus
train_04839.jpeg,810,1073,291,303,604,856,culex
train_04855.jpeg,2096,3724,747,1425,1422,2050,culex
train_04859.jpeg,4032,3024,323,512,2513,2321,culex
train_04861.jpeg,3000,4000,924,1944,1721,2855,culex
train_04865.jpeg,3024,4032,81,720,1920,3732,japonicus-koreicus
train_04867.jpeg,3024,4032,597,1732,1545,2690,japonicus-koreicus
train_04869.jpeg,3024,4032,1330,1662,1582,1846,albopictus
train_04879.jpeg,2322,4128,482,1402,1607,2354,albopictus
train_04880.jpeg,1080,2340,609,705,1031,1111,albopictus
train_04893.jpeg,3000,4000,786,426,2894,2911,albopictus
train_04897.jpeg,1122,1813,114,408,1043,1121,japonicus-koreicus
train_04899.jpeg,1613,1267,659,359,1142,990,albopictus
train_04902.jpeg,1024,1365,373,543,522,697,albopictus
train_04903.jpeg,1024,1365,341,589,502,820,culex
train_04909.jpeg,750,1334,175,423,354,757,albopictus
train_04912.jpeg,1024,1365,354,375,491,572,albopictus
train_04921.jpeg,2304,4096,986,1776,1485,2241,albopictus
train_04924.jpeg,3096,4128,1312,927,1681,1338,albopictus
train_04925.jpeg,3120,4160,1426,2034,1797,2459,albopictus
train_04930.jpeg,3000,4000,1157,1851,2447,3072,albopictus
train_04933.jpeg,3000,4000,1272,1592,1781,2075,albopictus
train_04940.jpeg,1080,2400,298,779,858,1479,culex
train_04942.jpeg,3120,4160,538,927,2648,3348,albopictus
train_04944.jpeg,1932,2576,882,1249,1484,2095,culiseta
train_04952.jpeg,3024,4032,224,559,2132,3307,japonicus-koreicus
train_04959.jpeg,2340,4160,872,1647,1358,2291,albopictus
train_04960.jpeg,2576,1160,1003,125,1717,734,culex
train_04964.jpeg,1600,698,601,222,925,553,albopictus
train_04975.jpeg,1170,2532,133,848,883,1914,culex
train_04976.jpeg,3024,4032,183,1162,2652,2620,albopictus
train_04979.jpeg,3024,4032,837,1636,1836,2928,albopictus
train_04982.jpeg,768,1024,355,455,474,564,culex
train_04985.jpeg,1486,1604,356,318,1034,1010,culex
train_04989.jpeg,1024,1820,340,550,468,720,culex
train_04993.jpeg,4128,3096,1522,201,2964,1508,albopictus
train_05001.jpeg,3024,4032,1164,2373,2113,3684,culex
train_05010.jpeg,3000,4000,491,1554,2268,2555,culex
train_05013.jpeg,594,359,57,82,558,338,albopictus
train_05017.jpeg,1024,2163,144,1066,406,1406,albopictus
train_05019.jpeg,3000,4000,448,199,2240,2169,albopictus
train_05020.jpeg,1166,2592,207,645,857,1687,culex
train_05026.jpeg,2250,4000,759,1289,1382,1925,culex
train_05027.jpeg,1024,1365,271,428,589,797,albopictus
train_05031.jpeg,4032,2268,1338,774,2476,1531,culex
train_05032.jpeg,2448,3264,1309,1229,1691,1609,albopictus
train_05033.jpeg,768,1024,176,335,471,678,albopictus
train_05038.jpeg,2976,3968,665,1255,2198,2735,culex
train_05040.jpeg,2448,3264,1122,1193,1415,1449,albopictus
train_05042.jpeg,3000,4000,411,541,2133,3265,culiseta
train_05045.jpeg,3024,4032,747,1200,1916,2482,culex
train_05048.jpeg,4160,3120,1859,864,3052,2273,albopictus
train_05056.jpeg,1024,1365,167,321,682,858,albopictus
train_05057.jpeg,2448,3264,807,616,2250,1739,albopictus
train_05061.jpeg,1024,1365,309,515,653,843,culex
train_05063.jpeg,1368,1024,493,465,650,597,culex
train_05070.jpeg,3088,3088,0,918,2379,2634,japonicus-koreicus
train_05074.jpeg,3264,2448,1002,647,2170,1630,albopictus
train_05075.jpeg,768,1024,183,327,592,670,culex
train_05080.jpeg,3000,4000,1228,1993,1614,2365,culex
train_05090.jpeg,1200,1600,329,599,917,1238,culiseta
train_05098.jpeg,1368,1024,562,450,769,646,culex
train_05105.jpeg,3024,4032,600,843,2280,2502,culex
train_05107.jpeg,1908,4032,308,1138,1177,2162,culex
train_05110.jpeg,768,1024,226,391,440,553,culex
train_05113.jpeg,3024,4032,664,954,2213,2635,culex
train_05123.jpeg,3024,4032,818,1290,2225,2335,culex
train_05129.jpeg,3024,4032,1127,999,2827,2213,culex
train_05130.jpeg,1960,4032,727,1139,1286,1684,culex
train_05132.jpeg,2080,4624,506,1723,1324,2648,albopictus
train_05135.jpeg,768,1024,282,455,424,575,albopictus
train_05137.jpeg,2448,3264,1150,1409,1580,1926,albopictus
train_05144.jpeg,492,1024,152,519,338,671,albopictus
train_05145.jpeg,1365,1024,450,347,657,528,culex
train_05146.jpeg,2268,4032,940,1716,1402,2208,culex
train_05149.jpeg,1024,1024,469,421,771,694,culex
train_05150.jpeg,3456,4608,1011,2395,2388,3189,culex
train_05158.jpeg,1738,1434,448,77,1541,1255,japonicus-koreicus
train_05166.jpeg,928,1044,340,295,538,509,albopictus
train_05171.jpeg,768,1024,305,524,423,665,culex
train_05173.jpeg,3000,4000,1062,2082,1334,2535,culex
train_05181.jpeg,5984,3376,2665,637,3368,1650,albopictus
train_05183.jpeg,4032,3024,1637,1081,2648,1854,culex
train_05189.jpeg,2688,1520,1109,689,1410,951,albopictus
train_05194.jpeg,1200,1600,388,564,616,837,culex
train_05196.jpeg,1440,2560,805,855,959,1029,albopictus
train_05201.jpeg,3024,4032,975,1227,2232,2422,albopictus
train_05206.jpeg,4160,3120,1358,1319,1958,1824,albopictus
train_05209.jpeg,2268,4032,620,1154,1479,2702,culex
train_05213.jpeg,3840,5120,747,1932,2627,3272,japonicus-koreicus
train_05218.jpeg,768,1024,307,386,499,594,culex
train_05222.jpeg,3024,4032,976,1231,1748,1988,albopictus
train_05223.jpeg,3024,4032,518,2422,1061,2986,culex
train_05226.jpeg,800,800,261,255,461,424,albopictus
train_05227.jpeg,874,1164,186,402,573,857,albopictus
train_05230.jpeg,3024,4032,1120,969,1747,1718,albopictus
train_05233.jpeg,4160,3120,908,456,3583,1796,albopictus
train_05235.jpeg,1200,1600,344,387,1048,1143,albopictus
train_05246.jpeg,1469,1232,780,575,959,776,albopictus
train_05248.jpeg,3024,4032,424,1000,2143,3467,japonicus-koreicus
train_05249.jpeg,2576,1932,1070,711,1949,1259,culex
train_05250.jpeg,3264,2448,1311,1251,1753,1580,albopictus
train_05255.jpeg,4032,1908,2115,1089,2564,1534,culex
train_05267.jpeg,3024,3024,1109,845,2185,2360,culex
train_05277.jpeg,768,1024,399,492,509,593,culex
train_05279.jpeg,1844,4000,908,1251,1733,1988,albopictus
train_05290.jpeg,768,1024,327,448,466,614,culex
train_05293.jpeg,900,1600,274,650,483,831,culex
train_05295.jpeg,1840,3264,144,1325,1380,2992,albopictus
train_05298.jpeg,1200,1600,527,726,770,1146,albopictus
train_05301.jpeg,768,1024,241,351,553,618,culex
train_05302.jpeg,4608,3456,1547,659,3276,2578,culex
train_05303.jpeg,768,1024,209,303,629,498,culex
train_05310.jpeg,2988,5312,973,966,1890,1676,albopictus
train_05317.jpeg,768,1024,211,580,431,816,albopictus
train_05319.jpeg,1322,1763,436,700,873,1100,culex
train_05324.jpeg,1200,1600,485,790,826,1115,albopictus
train_05325.jpeg,3456,4608,989,1231,2533,2718,culex
train_05328.jpeg,1920,2560,873,1155,1027,1353,albopictus
train_05329.jpeg,1428,1519,236,587,842,1070,japonicus-koreicus
train_05333.jpeg,3024,4032,975,1728,1850,2649,culex
train_05334.jpeg,1365,1024,412,366,775,769,japonicus-koreicus
train_05336.jpeg,1932,2576,405,991,1431,2005,culiseta
train_05340.jpeg,1262,1132,141,209,1005,1038,albopictus
train_05342.jpeg,1024,1365,184,789,645,1142,albopictus
train_05345.jpeg,1066,1050,158,365,680,750,culex
train_05346.jpeg,768,1024,199,364,456,709,culex
train_05352.jpeg,3024,4032,836,1473,2822,3237,culex
train_05353.jpeg,4032,3024,1708,928,2442,1700,culex
train_05358.jpeg,2992,2992,786,1273,1638,2048,culex
train_05359.jpeg,768,1024,17,316,526,872,albopictus
train_05369.jpeg,3000,4000,187,1175,2221,2531,albopictus
train_05370.jpeg,3024,4032,1052,1676,1524,2057,culex
train_05371.jpeg,4608,3456,1467,1322,1887,1855,culex
train_05377.jpeg,1024,1365,375,540,572,746,culex
train_05382.jpeg,1140,713,449,213,842,493,albopictus
train_05384.jpeg,1024,779,316,121,563,725,culex
train_05388.jpeg,1920,1920,578,940,1243,1574,albopictus
train_05390.jpeg,1536,2048,438,816,1088,1394,japonicus-koreicus
train_05393.jpeg,541,522,44,31,447,465,japonicus-koreicus
train_05407.jpeg,768,1024,310,391,386,484,culex
train_05411.jpeg,3024,4032,181,1540,2778,3112,culiseta
train_05413.jpeg,768,1024,331,419,406,500,culex
train_05416.jpeg,2448,3264,775,1183,1607,1965,albopictus
train_05420.jpeg,3000,4000,628,1500,1944,3317,albopictus
train_05421.jpeg,655,534,142,123,495,357,culex
train_05426.jpeg,2268,4032,762,1130,1784,2233,culiseta
train_05427.jpeg,3024,4032,294,787,2602,2935,culiseta
train_05428.jpeg,3000,4000,1452,2070,2345,2726,albopictus
train_05429.jpeg,720,1600,54,597,234,865,albopictus
train_05433.jpeg,1024,1365,436,377,623,534,culex
train_05434.jpeg,4032,3024,1851,1439,2206,1754,albopictus
train_05442.jpeg,857,704,191,132,294,216,albopictus
train_05452.jpeg,3000,4000,828,1247,1855,2520,culex
train_05458.jpeg,3456,4608,775,1814,2428,3193,japonicus-koreicus
train_05466.jpeg,1365,1024,319,253,717,623,culex
train_05467.jpeg,3024,4032,1021,1527,1579,2252,culiseta
train_05471.jpeg,3024,4032,235,638,2410,3038,culex
train_05472.jpeg,1024,1365,382,541,621,824,culex
train_05473.jpeg,3024,4032,791,1138,1734,2120,culex
train_05474.jpeg,3968,2976,1073,896,1665,1541,albopictus
train_05478.jpeg,3024,4032,781,2303,1352,2892,culex
train_05481.jpeg,4032,3024,1793,1146,2190,1553,albopictus
train_05485.jpeg,768,1024,201,441,456,719,culex
train_05487.jpeg,766,673,169,69,604,567,japonicus-koreicus
train_05498.jpeg,1084,1169,421,382,644,646,albopictus
train_05503.jpeg,3000,4000,1073,1052,1648,1582,culex
train_05510.jpeg,3024,4032,1152,1766,2023,2564,culex
train_05511.jpeg,1600,1200,570,163,1123,778,albopictus
train_05512.jpeg,1024,1365,394,563,623,875,culiseta
train_05513.jpeg,2048,1536,704,430,1259,1132,albopictus
train_05517.jpeg,1365,1024,440,272,887,513,culex
train_05518.jpeg,3120,4160,1779,2283,2222,2764,albopictus
train_05523.jpeg,750,1334,129,385,468,966,culex
train_05526.jpeg,3024,4032,1153,1475,2102,2910,albopictus
train_05532.jpeg,2169,1678,719,657,1609,1272,albopictus
train_05540.jpeg,3024,4032,899,1522,1809,2287,culex
train_05543.jpeg,1076,1092,180,257,686,853,albopictus
train_05544.jpeg,4032,3024,1350,1174,1966,1678,japonicus-koreicus
train_05558.jpeg,3024,4032,681,674,2077,2095,albopictus
train_05579.jpeg,1365,1024,611,467,814,584,culex
train_05583.jpeg,1448,1600,312,209,1277,1152,culex
train_05584.jpeg,1024,1365,354,711,505,876,albopictus
train_05592.jpeg,1200,1600,353,672,844,1102,japonicus-koreicus
train_05594.jpeg,4160,2340,1554,324,3171,1445,albopictus
train_05595.jpeg,1024,1363,291,548,675,919,culex
train_05598.jpeg,3024,4032,656,1032,1926,2399,culex
train_05599.jpeg,3024,4032,553,1638,1734,3055,culiseta
train_05600.jpeg,1309,736,194,72,987,723,culiseta
train_05602.jpeg,1953,2333,527,466,757,681,albopictus
train_05609.jpeg,1080,2340,50,307,1061,1159,culex
train_05612.jpeg,783,782,280,274,464,575,albopictus
train_05619.jpeg,1024,1365,534,557,693,744,culex
train_05623.jpeg,483,1024,48,236,253,428,culex
train_05631.jpeg,3024,4032,897,1611,2073,2731,culex
train_05647.jpeg,1936,2592,602,906,1209,1578,albopictus
train_05651.jpeg,1440,2560,371,1288,938,1712,japonicus-koreicus
train_05657.jpeg,1024,2106,521,533,690,750,culex
train_05660.jpeg,4608,2240,1694,508,2912,1290,culex
train_05663.jpeg,1024,1363,560,696,676,859,albopictus
train_05664.jpeg,3000,4000,1064,1147,2436,2402,albopictus
train_05667.jpeg,1024,2273,273,670,917,1429,culex
train_05670.jpeg,3024,4032,1564,2607,2253,3280,culex
train_05677.jpeg,768,1024,363,352,604,619,culex
train_05683.jpeg,1440,2960,221,886,910,1697,albopictus
train_05696.jpeg,1024,1820,298,500,473,741,culex
train_05707.jpeg,3024,4032,958,1682,1904,2490,culex
train_05713.jpeg,3024,4032,725,2097,1681,3257,culiseta
train_05717.jpeg,3000,4000,1139,997,2601,3159,albopictus
train_05729.jpeg,1746,3104,729,1352,1131,1740,albopictus
train_05734.jpeg,1420,1238,30,112,850,1014,albopictus
train_05737.jpeg,4032,3024,1700,492,3076,1550,culex
train_05740.jpeg,3024,4032,677,661,2210,2337,albopictus
train_05743.jpeg,1365,1024,545,101,860,855,culex
train_05750.jpeg,4128,2322,1376,838,1860,1317,albopictus
train_05754.jpeg,3024,3024,1202,431,2715,2004,albopictus
train_05757.jpeg,3024,4032,1205,1414,1631,1972,albopictus
train_05758.jpeg,3000,4000,482,353,2452,2173,culex
train_05759.jpeg,768,1024,430,586,528,680,culex
train_05763.jpeg,1492,1095,603,337,1006,669,albopictus
train_05768.jpeg,1024,1820,180,413,772,1201,culex
train_05769.jpeg,2448,3264,784,1198,1781,2097,albopictus
train_05772.jpeg,1944,2592,717,1136,1638,1878,culex
train_05775.jpeg,1211,1322,215,104,405,261,albopictus
train_05777.jpeg,1024,1365,640,594,787,783,culex
train_05778.jpeg,1816,4032,673,1561,1111,2029,culex
train_05779.jpeg,5616,2808,1756,512,2839,2162,albopictus
train_05782.jpeg,768,1024,352,484,583,681,culex
train_05787.jpeg,1080,2280,440,1093,892,1594,culex
train_05795.jpeg,768,1024,352,386,489,603,culex
train_05802.jpeg,3024,4032,218,529,2644,3398,albopictus
train_05810.jpeg,3472,4624,1289,1738,1953,2316,culiseta
train_05813.jpeg,1170,1422,367,669,748,1034,albopictus
train_05816.jpeg,3468,4624,416,1971,2589,3870,culiseta
train_05817.jpeg,1600,720,843,297,1045,536,albopictus
train_05822.jpeg,464,690,85,322,430,642,culiseta
train_05823.jpeg,1024,1365,223,270,822,1008,culex
train_05825.jpeg,3024,4032,1475,1730,1851,2231,albopictus
train_05831.jpeg,1458,2592,487,1075,886,1463,albopictus
train_05839.jpeg,3472,4624,958,1965,1960,2971,culex
train_05846.jpeg,1024,1024,211,218,476,573,albopictus
train_05850.jpeg,3024,4032,313,2268,1704,3547,albopictus
train_05866.jpeg,1038,1038,288,549,468,790,albopictus
train_05872.jpeg,768,1024,224,304,482,665,culex
train_05874.jpeg,781,781,106,135,653,601,culex
train_05879.jpeg,3000,4000,834,1915,1027,2213,culex
train_05882.jpeg,3456,4608,1023,1434,2090,2492,japonicus-koreicus
train_05883.jpeg,3000,4000,572,319,2854,2894,culiseta
train_05884.jpeg,1200,1600,217,281,820,1245,japonicus-koreicus
train_05885.jpeg,3072,4096,420,962,2346,2057,albopictus
train_05888.jpeg,3456,3456,343,399,3072,2280,culiseta
train_05899.jpeg,720,1600,219,774,361,983,albopictus
train_05900.jpeg,1600,1200,513,397,950,857,albopictus
train_05901.jpeg,3024,4032,959,1858,1499,2466,albopictus
train_05906.jpeg,1600,1200,583,474,791,641,albopictus
train_05908.jpeg,5616,2808,2026,1200,3442,2000,albopictus
train_05909.jpeg,768,1024,155,499,417,710,albopictus
train_05911.jpeg,3024,4032,1434,1444,1957,1928,culex
train_05921.jpeg,1800,4000,545,1169,1350,2361,culex
train_05922.jpeg,2129,1024,562,314,844,680,culex
train_05924.jpeg,2160,3840,738,2007,1079,2365,culiseta
train_05925.jpeg,1200,1600,601,290,876,696,albopictus
train_05927.jpeg,1024,1365,379,503,483,617,albopictus
train_05929.jpeg,4000,2250,1720,724,2487,1511,albopictus
train_05933.jpeg,2268,4032,808,1338,1276,2215,albopictus
train_05938.jpeg,3024,4032,802,2452,1984,3447,albopictus
train_05943.jpeg,4608,3456,1904,1872,2729,2800,culex
train_05948.jpeg,768,1024,226,306,428,455,culiseta
train_05951.jpeg,3024,4032,1237,1591,2370,2913,culex
train_05952.jpeg,1160,2576,446,188,819,536,albopictus
train_05954.jpeg,4032,3024,448,176,3990,2945,culex
train_05958.jpeg,3096,4128,978,1699,1350,2072,albopictus
train_05960.jpeg,3096,4128,899,1317,1424,2162,culex
train_05961.jpeg,3024,4032,1487,2024,1892,2528,culex
train_05970.jpeg,1920,2560,960,1259,1027,1358,albopictus
train_05973.jpeg,3024,4032,521,1275,1926,2317,culex
train_05975.jpeg,1488,1984,307,925,880,1489,albopictus
train_05976.jpeg,768,1024,249,430,419,607,culex
train_05979.jpeg,3468,4624,181,505,3354,4045,albopictus
train_05980.jpeg,1920,2560,876,1087,1113,1343,albopictus
train_05985.jpeg,4160,2080,1912,889,2199,1157,culex
train_05989.jpeg,1280,622,626,247,755,400,albopictus
train_05998.jpeg,1107,1476,84,466,894,1225,japonicus-koreicus
train_06001.jpeg,1200,1600,387,458,696,678,albopictus
train_06003.jpeg,4160,2336,615,1135,1343,1764,albopictus
train_06005.jpeg,3264,2448,1070,629,1840,1596,japonicus-koreicus
train_06012.jpeg,1200,1600,356,688,624,1016,culiseta
train_06017.jpeg,2322,4128,616,2106,905,2389,albopictus
train_06020.jpeg,1879,1879,356,691,948,1320,albopictus
train_06025.jpeg,2160,3840,797,2294,1058,2570,albopictus
train_06026.jpeg,768,1024,279,683,558,941,culex
train_06027.jpeg,2448,3264,871,1097,1868,2349,albopictus
train_06028.jpeg,3024,4032,665,1510,1475,2165,albopictus
train_06031.jpeg,3920,2208,1666,1130,1913,1377,albopictus
train_06032.jpeg,1156,1542,201,206,896,1221,albopictus
train_06035.jpeg,768,1024,330,464,488,650,culex
train_06039.jpeg,2988,5312,1178,1798,1787,2602,culex
train_06040.jpeg,3024,4032,1292,2154,1679,2559,culex
train_06041.jpeg,3456,4608,964,900,2437,2540,albopictus
train_06047.jpeg,3120,4160,1163,1715,1560,2226,albopictus
train_06049.jpeg,1052,981,192,63,852,933,albopictus
train_06051.jpeg,2448,3264,546,833,1580,2130,albopictus
train_06052.jpeg,3264,1836,1154,689,1807,1411,albopictus
train_06055.jpeg,4000,2250,2238,1034,3191,1535,albopictus
train_06057.jpeg,1944,2592,271,357,650,859,albopictus
train_06058.jpeg,3024,4032,765,1235,1987,2520,albopictus
train_06062.jpeg,3000,4000,1143,2163,1341,2401,albopictus
train_06063.jpeg,1024,1365,390,615,598,777,culex
train_06072.jpeg,1024,1365,431,653,572,749,culex
train_06078.jpeg,3024,4032,1317,1675,2241,2351,culex
train_06084.jpeg,1024,1365,114,380,960,1084,culex
train_06085.jpeg,1024,1365,368,651,582,779,japonicus-koreicus
train_06088.jpeg,714,952,254,334,459,670,albopictus
train_06093.jpeg,3024,4032,1289,853,1756,1538,japonicus-koreicus
train_06100.jpeg,1474,1370,27,95,895,1317,albopictus
train_06102.jpeg,1024,1820,350,688,617,956,culex
train_06103.jpeg,3000,4000,982,1474,1945,2526,albopictus
train_06106.jpeg,768,1024,362,504,458,566,culex
train_06107.jpeg,1936,2644,890,1363,1245,1778,culex
train_06109.jpeg,1136,1266,382,309,814,899,japonicus-koreicus
train_06111.jpeg,2592,1944,1252,526,1665,1076,culex
train_06113.jpeg,3468,4624,1810,2083,2308,2728,culex
train_06114.jpeg,1024,1365,376,705,675,1052,culex
train_06116.jpeg,3000,4000,1187,344,2368,1905,albopictus
train_06117.jpeg,768,1024,100,199,611,651,albopictus
train_06119.jpeg,3096,4128,885,1875,1442,2833,culex
train_06124.jpeg,4000,1846,1125,175,2302,875,culex
train_06125.jpeg,1840,3984,776,1755,1316,2267,culex
train_06126.jpeg,3024,4032,553,996,1580,2589,albopictus
train_06128.jpeg,1960,4032,798,1799,1190,2214,culex
train_06130.jpeg,765,1024,129,466,474,659,culex
train_06134.jpeg,3024,4032,1529,845,1816,1159,culex
train_06148.jpeg,3024,4032,1717,1758,2234,2189,albopictus
train_06149.jpeg,768,1024,322,569,425,710,culex
train_06150.jpeg,2448,3264,632,1154,1703,2060,albopictus
train_06151.jpeg,1652,1813,550,650,1000,1129,albopictus
train_06158.jpeg,768,1024,289,494,526,729,culex
train_06162.jpeg,1024,1365,362,422,707,807,culex
train_06165.jpeg,3024,4032,1190,1913,1888,2573,culiseta
train_06171.jpeg,2448,3264,541,904,1669,2146,albopictus
train_06172.jpeg,1080,1920,155,654,695,893,culex
train_06174.jpeg,1024,2221,198,802,821,1196,culex
train_06179.jpeg,768,1024,50,64,661,725,anopheles
train_06181.jpeg,720,1280,156,452,470,696,albopictus
train_06183.jpeg,3000,4000,854,1218,1882,2654,culex
train_06193.jpeg,1166,2592,176,1072,989,1786,albopictus
train_06206.jpeg,4032,3024,1710,1061,2171,1747,culex
train_06207.jpeg,1024,1365,299,216,711,747,culex
train_06212.jpeg,3096,4128,984,1401,2132,2340,albopictus
train_06218.jpeg,1080,1766,301,572,670,1038,albopictus
train_06234.jpeg,1932,2576,641,1160,1186,1807,culex
train_06238.jpeg,1512,2016,576,795,916,1105,albopictus
train_06241.jpeg,3000,4000,336,1180,2631,2713,culex
train_06243.jpeg,1365,1024,597,475,774,646,culex
train_06247.jpeg,3120,4160,529,1026,2334,2816,albopictus
train_06251.jpeg,768,1024,299,502,452,683,culex
train_06253.jpeg,3000,4000,605,1450,1906,2437,culex
train_06256.jpeg,4032,3024,1844,1450,2471,2173,albopictus
train_06258.jpeg,3200,1824,1304,640,1957,1208,albopictus
train_06262.jpeg,3024,4032,1084,1464,2456,2897,albopictus
train_06271.jpeg,768,1024,184,249,500,532,culiseta
train_06272.jpeg,1024,1365,174,512,782,1058,albopictus
train_06274.jpeg,2781,1829,859,570,1606,1286,albopictus
train_06277.jpeg,900,1600,342,480,447,605,albopictus
train_06295.jpeg,1024,1365,493,462,721,796,culex
train_06297.jpeg,3024,4032,922,1694,2045,2822,culex
train_06299.jpeg,3024,4032,278,965,2229,3558,albopictus
train_06302.jpeg,3000,4000,1356,2348,2089,3065,albopictus
train_06305.jpeg,1200,1600,180,362,859,1070,culex
train_06306.jpeg,1365,1024,582,408,934,702,culex
train_06310.jpeg,4032,3024,395,575,3114,2195,albopictus
train_06311.jpeg,3000,4000,799,1182,1812,2363,culex
train_06322.jpeg,4000,2250,1956,962,2226,1245,albopictus
train_06323.jpeg,3024,4032,1485,1786,2193,2369,culex
train_06326.jpeg,2448,3264,626,608,1894,2136,albopictus
train_06335.jpeg,5616,2808,1095,233,3933,2646,culex
train_06345.jpeg,3120,4160,1211,1434,2044,2477,albopictus
train_06346.jpeg,2268,4032,71,457,1467,2489,culex
train_06348.jpeg,3472,4624,684,719,2099,2558,albopictus
train_06356.jpeg,1080,1920,336,464,1018,1053,culex
train_06360.jpeg,1525,1293,287,94,917,1172,albopictus
train_06367.jpeg,1168,2592,384,1064,1015,1825,japonicus-koreicus
train_06372.jpeg,2560,1920,963,786,1353,1302,albopictus
train_06376.jpeg,1102,1218,324,364,992,1023,culex
train_06382.jpeg,1629,1224,829,505,1052,718,albopictus
train_06387.jpeg,604,670,173,217,385,473,albopictus
train_06393.jpeg,2128,4608,878,1630,1252,2027,culex
train_06395.jpeg,6000,8000,2414,4330,3277,5190,albopictus
train_06398.jpeg,3000,4000,1324,2089,1693,2365,albopictus
train_06399.jpeg,2448,3264,808,1497,1120,1862,culex
train_06407.jpeg,1024,1365,439,406,605,656,culex
train_06409.jpeg,3120,4160,1181,1299,1968,2492,culex
train_06410.jpeg,4128,2322,2217,507,2834,1076,albopictus
train_06420.jpeg,768,1024,411,601,507,677,albopictus
train_06421.jpeg,1844,4000,378,976,1095,1515,albopictus
train_06431.jpeg,813,814,217,270,632,585,culex
train_06432.jpeg,1024,1365,311,425,761,836,albopictus
train_06435.jpeg,768,1024,269,401,422,599,culex
train_06441.jpeg,3024,4032,1364,1824,1655,2282,albopictus
train_06448.jpeg,3024,4032,1268,1394,1626,2025,culex
train_06452.jpeg,4000,3000,1064,1007,2084,1830,albopictus
train_06460.jpeg,3024,4032,1180,1785,2332,2933,albopictus
train_06463.jpeg,3024,4032,99,961,2783,3159,albopictus
train_06465.jpeg,768,1024,182,441,611,881,culiseta
train_06470.jpeg,1024,1365,410,631,591,856,culex
train_06471.jpeg,4208,3120,1480,1433,2637,2629,albopictus
train_06472.jpeg,768,1024,211,361,337,617,culex
train_06476.jpeg,3096,4128,1253,1817,1989,2708,albopictus
train_06479.jpeg,3264,2448,1402,759,2087,1639,albopictus
train_06482.jpeg,3000,4000,952,1356,1761,2742,culex
train_06483.jpeg,768,1024,245,175,654,728,culex
train_06485.jpeg,1024,1365,411,633,688,884,culex
train_06495.jpeg,1024,1365,295,536,738,819,culex
train_06496.jpeg,3000,4000,826,1597,2567,3087,albopictus
train_06500.jpeg,768,1024,187,432,578,648,culex
train_06506.jpeg,757,1600,42,433,690,1157,culiseta
train_06509.jpeg,768,1024,325,529,559,794,culex
train_06511.jpeg,3072,4080,1318,2936,1748,3400,culex
train_06515.jpeg,768,1024,248,283,670,694,albopictus
train_06524.jpeg,3024,4032,1072,1607,2743,2709,culex
train_06525.jpeg,1024,1365,271,483,830,1078,anopheles
train_06527.jpeg,1380,987,535,331,758,687,culex
train_06528.jpeg,5616,2808,1781,474,3505,1742,albopictus
train_06530.jpeg,768,1024,284,413,350,522,culex
train_06531.jpeg,720,1280,65,137,696,940,albopictus
train_06535.jpeg,1024,2273,292,842,602,1185,culex
train_06537.jpeg,1944,2592,987,826,1825,2129,japonicus-koreicus
train_06539.jpeg,540,960,31,354,443,772,albopictus
train_06541.jpeg,640,480,79,7,549,445,albopictus
train_06544.jpeg,2448,3264,495,930,2228,2420,albopictus
train_06550.jpeg,394,615,28,151,327,512,japonicus-koreicus
train_06552.jpeg,768,1024,232,357,459,602,culex
train_06562.jpeg,768,1024,241,459,545,730,culex
train_06569.jpeg,459,627,122,233,356,492,albopictus
train_06573.jpeg,1365,1024,457,452,759,631,culex
train_06574.jpeg,1197,1023,380,266,798,711,culex
train_06581.jpeg,660,903,64,213,541,574,albopictus
train_06582.jpeg,750,1334,56,569,604,961,albopictus
train_06589.jpeg,3024,4032,842,1608,2288,2501,culex
train_06595.jpeg,1024,1365,208,337,700,1009,japonicus-koreicus
train_06598.jpeg,2560,1440,1146,511,1501,850,culex
train_06609.jpeg,768,1024,295,412,463,595,culiseta
train_06613.jpeg,1024,1365,395,538,566,743,culex
train_06625.jpeg,628,467,235,85,420,251,culex
train_06629.jpeg,1024,1365,193,481,642,792,albopictus
train_06630.jpeg,4032,3024,1752,926,2092,1285,albopictus
train_06634.jpeg,893,893,161,111,540,816,albopictus
train_06642.jpeg,1985,2134,881,882,1372,1326,culex
train_06644.jpeg,1365,1024,324,268,656,587,culex
train_06648.jpeg,3024,4032,992,1915,2096,2918,anopheles
train_06650.jpeg,3096,4128,772,2006,1486,2841,albopictus
train_06652.jpeg,1024,2106,366,931,585,1167,albopictus
train_06661.jpeg,1024,1820,237,740,916,1244,culex
train_06667.jpeg,960,1280,190,400,701,756,albopictus
train_06668.jpeg,1024,1365,355,483,698,874,culiseta
train_06669.jpeg,768,1024,218,341,524,578,culiseta
train_06670.jpeg,3016,4032,928,2082,1409,2591,albopictus
train_06673.jpeg,768,1024,100,406,461,546,culex
train_06675.jpeg,1024,1820,414,899,552,1009,culex
train_06677.jpeg,1884,1175,347,249,1419,758,culex
train_06679.jpeg,1024,1365,398,661,582,891,culex
train_06682.jpeg,5616,2808,1662,455,3369,2101,culex
train_06687.jpeg,4160,3120,2152,1762,2560,2148,albopictus
train_06696.jpeg,3024,4032,868,1411,2320,2553,albopictus
train_06697.jpeg,768,1024,319,462,456,643,culex
train_06710.jpeg,4032,2268,685,689,2202,2172,culiseta
train_06711.jpeg,1047,972,272,248,885,738,culex
train_06719.jpeg,3024,4032,1489,1574,2084,2263,culex
train_06720.jpeg,1024,2273,131,720,631,1145,culex
train_06727.jpeg,3000,4000,1188,235,2939,2879,culex
train_06732.jpeg,1024,1821,400,726,709,942,culex
train_06734.jpeg,664,498,138,61,487,372,albopictus
train_06743.jpeg,2448,3264,402,801,1601,2061,albopictus
train_06747.jpeg,3000,4000,951,465,1807,1647,albopictus
train_06752.jpeg,3456,4608,806,2395,2458,3775,japonicus-koreicus
train_06753.jpeg,2459,2315,617,699,2107,1534,culex
train_06759.jpeg,1354,1925,106,111,1277,1573,albopictus
train_06763.jpeg,1024,1820,318,325,631,696,albopictus
train_06766.jpeg,1200,1600,514,795,717,1128,albopictus
train_06772.jpeg,3024,4032,1292,1251,1763,1633,albopictus
train_06774.jpeg,1024,2273,219,857,968,1768,culiseta
train_06775.jpeg,3456,4608,1011,1503,2278,2911,culex
train_06780.jpeg,3456,4608,1520,2198,1840,2473,culex
train_06788.jpeg,1024,1365,321,646,635,1021,culex
train_06791.jpeg,5616,2808,2569,971,3270,1579,albopictus
train_06800.jpeg,2448,3264,428,724,1856,2121,albopictus
train_06801.jpeg,768,1024,299,402,438,554,culex
train_06803.jpeg,2448,3264,808,899,1866,2093,albopictus
train_06806.jpeg,1024,1365,328,469,896,927,albopictus
train_06807.jpeg,650,906,40,66,646,648,culex
train_06815.jpeg,2268,4032,364,1439,1618,2583,culex
train_06818.jpeg,768,1024,290,562,447,693,culex
train_06824.jpeg,768,1024,429,430,558,582,culex
train_06830.jpeg,4624,3468,2384,1478,2856,2062,culex
train_06834.jpeg,1365,1024,671,433,806,565,albopictus
train_06840.jpeg,1071,1070,252,417,450,617,albopictus
train_06842.jpeg,640,960,243,275,426,454,albopictus
train_06843.jpeg,3000,4000,1439,1263,1720,1615,culex
train_06846.jpeg,676,527,151,55,456,326,culiseta
train_06847.jpeg,768,1024,329,573,462,682,culex
train_06850.jpeg,3024,4032,1533,1396,2370,2065,culiseta
train_06858.jpeg,3000,4000,118,1367,2497,3683,culex
train_06859.jpeg,658,658,123,116,464,498,culex
train_06862.jpeg,3024,4032,824,1180,2472,2512,culex
train_06868.jpeg,1024,1365,476,314,607,501,culex
train_06871.jpeg,3024,4032,333,1450,2419,3186,albopictus
train_06872.jpeg,1944,2592,453,986,1284,1812,albopictus
train_06875.jpeg,720,1600,242,635,422,838,culex
train_06876.jpeg,3024,4032,1057,2520,1542,2939,albopictus
train_06879.jpeg,3024,4032,305,1643,1656,3949,culex
train_06881.jpeg,768,1024,385,432,475,523,albopictus
train_06884.jpeg,1756,1629,84,15,1727,1558,albopictus
train_06901.jpeg,1600,1200,801,565,1203,948,albopictus
train_06905.jpeg,1166,2592,433,799,916,1620,culiseta
train_06908.jpeg,3024,4032,869,2070,2546,3115,culiseta
train_06914.jpeg,4032,3024,2779,1442,3197,1885,albopictus
train_06916.jpeg,417,565,5,13,403,554,albopictus
train_06919.jpeg,407,746,57,137,391,709,culex
train_06923.jpeg,1024,1365,286,164,894,953,culex
train_06927.jpeg,1331,1572,381,451,809,1070,albopictus
train_06936.jpeg,2448,2448,1085,1058,1425,1460,albopictus
train_06939.jpeg,768,1024,240,358,510,636,albopictus
train_06944.jpeg,2744,2301,509,542,2036,1944,culex
train_06959.jpeg,2592,1944,336,856,1476,1785,culex
train_06964.jpeg,1024,1365,196,694,567,972,culex
train_06965.jpeg,2089,1763,725,556,1316,1252,culex
train_06976.jpeg,3024,4032,349,426,2015,2725,albopictus
train_06979.jpeg,768,1024,177,242,266,388,culex
train_06980.jpeg,3024,4032,1332,2929,1724,3183,albopictus
train_06984.jpeg,1386,1613,460,506,888,1140,culex
train_06986.jpeg,1044,1355,206,397,661,916,albopictus
train_06987.jpeg,1944,2592,388,285,1132,1583,culex
train_06994.jpeg,3024,4032,833,1856,2457,2908,albopictus
train_06995.jpeg,3024,4032,1145,1764,2433,2478,culex
train_06996.jpeg,1512,2016,433,413,722,699,albopictus
train_07001.jpeg,1454,3089,491,1319,796,1729,culex
train_07003.jpeg,768,1024,364,399,540,500,culex
train_07006.jpeg,1944,2592,447,389,1832,1484,culex
train_07013.jpeg,1024,2219,248,817,752,1510,culex
train_07014.jpeg,1024,1820,178,513,685,1064,culex
train_07024.jpeg,1200,1600,465,851,639,1054,albopictus
train_07033.jpeg,2048,1536,779,542,1191,838,albopictus
train_07037.jpeg,3000,4000,1051,1221,1673,1854,albopictus
train_07041.jpeg,651,536,109,61,517,473,albopictus
train_07044.jpeg,2576,1932,952,544,1432,933,culex
train_07049.jpeg,3000,4000,391,1747,2111,3054,culex
train_07051.jpeg,2336,2378,945,1496,1249,1842,albopictus
train_07055.jpeg,768,1024,105,295,647,784,culex
train_07057.jpeg,1024,1365,302,824,501,1020,culex
train_07059.jpeg,968,1319,569,585,790,847,albopictus
train_07060.jpeg,4608,3456,2580,1376,3388,2430,culiseta
train_07061.jpeg,768,1024,263,391,411,563,anopheles
train_07063.jpeg,2448,3264,1028,1555,1367,1903,albopictus
train_07064.jpeg,347,366,89,103,259,339,albopictus
train_07068.jpeg,2314,2143,763,420,1775,1883,culiseta
train_07071.jpeg,1024,768,481,246,736,485,albopictus
train_07078.jpeg,1024,1365,482,385,888,1040,culex
train_07080.jpeg,1200,1600,382,459,680,673,albopictus
train_07088.jpeg,3840,5120,1409,2581,2685,3960,culex
train_07089.jpeg,1024,1365,365,542,556,817,culex
train_07092.jpeg,1728,3072,572,1249,943,1654,albopictus
train_07107.jpeg,4032,3024,1039,955,2033,1864,culiseta
train_07114.jpeg,4000,2248,321,387,1499,1921,albopictus
train_07116.jpeg,1024,2272,293,852,700,1272,culiseta
train_07118.jpeg,1820,1024,847,440,1066,574,culex
train_07119.jpeg,3024,4032,973,1567,1515,2373,culex
train_07122.jpeg,1440,2560,192,644,1136,1510,albopictus
train_07124.jpeg,4248,5664,1649,2947,2167,3391,albopictus
train_07132.jpeg,1860,1963,736,535,1009,889,albopictus
train_07137.jpeg,720,1600,384,703,663,1022,culex
train_07138.jpeg,768,1024,418,330,542,490,albopictus
train_07147.jpeg,4160,3120,348,839,1482,2442,culex
train_07151.jpeg,2448,3264,702,1384,1278,2143,albopictus
train_07152.jpeg,768,1024,43,127,704,645,culiseta
train_07153.jpeg,4032,3024,1627,1631,1999,2043,culex
train_07181.jpeg,2976,3968,109,1018,2376,3642,culex
train_07195.jpeg,3000,4000,1488,1953,1889,2434,albopictus
train_07200.jpeg,1117,1021,130,320,951,778,culex
train_07202.jpeg,2592,4608,402,1811,1535,2913,culex
train_07204.jpeg,1224,1245,414,390,834,909,culex
train_07207.jpeg,3120,4160,1094,2008,1538,2403,albopictus
train_07208.jpeg,1168,2592,225,757,1063,1699,culiseta
train_07212.jpeg,3024,4032,1174,2140,1689,2676,albopictus
train_07222.jpeg,3024,4032,1203,1107,2210,3132,albopictus
train_07228.jpeg,3468,4624,3467,9,3468,85,culex
train_07229.jpeg,1024,1365,324,603,637,844,albopictus
train_07240.jpeg,768,1024,271,398,507,702,culex
train_07241.jpeg,3456,4608,1395,3044,2350,3811,culex
train_07242.jpeg,768,1024,309,405,521,719,culex
train_07245.jpeg,3840,5120,1299,2106,2528,3691,japonicus-koreicus
train_07247.jpeg,1024,1820,364,940,526,1145,culex
train_07248.jpeg,1186,1599,547,665,846,904,albopictus
train_07253.jpeg,3000,4000,506,1889,953,2299,albopictus
train_07261.jpeg,2592,4608,352,487,2585,3412,japonicus-koreicus
train_07265.jpeg,1153,2048,168,175,1055,1432,japonicus-koreicus
train_07269.jpeg,3480,4640,1186,1709,2040,2988,culex
train_07270.jpeg,3840,5120,765,1741,2347,3022,culex
train_07273.jpeg,3000,4000,893,1666,2176,2764,culex
train_07275.jpeg,2448,3264,853,1298,1432,1859,albopictus
train_07277.jpeg,2268,4032,996,1337,1425,1861,culex
train_07279.jpeg,4000,3000,1424,934,2415,1933,albopictus
train_07283.jpeg,2752,5664,841,1868,1544,2603,culex
train_07286.jpeg,2340,4160,570,1837,1156,2167,albopictus
train_07287.jpeg,2976,3968,894,1856,1390,2243,culex
train_07293.jpeg,768,1024,285,384,423,547,culex
train_07295.jpeg,4864,2736,2257,1121,2662,1403,albopictus
train_07302.jpeg,2268,4032,886,1753,1497,2575,culex
train_07306.jpeg,1449,1722,195,255,1219,1322,culex
train_07312.jpeg,3024,4032,419,630,2940,3044,culex
train_07316.jpeg,3024,4032,1238,2017,1682,2487,albopictus
train_07320.jpeg,768,1024,251,328,491,619,culex
train_07322.jpeg,1920,2560,834,1143,1084,1384,albopictus
train_07323.jpeg,836,997,195,188,573,677,culex
train_07324.jpeg,3096,4128,761,1635,2084,2827,culex
train_07325.jpeg,507,523,191,162,355,355,albopictus
train_07329.jpeg,803,960,135,135,772,809,albopictus
train_07330.jpeg,1365,1024,673,369,842,595,culex
train_07334.jpeg,1024,1365,345,541,500,712,culex
train_07336.jpeg,2436,3280,677,1365,1328,1936,albopictus
train_07340.jpeg,2448,3264,1302,1697,1937,2540,japonicus-koreicus
train_07346.jpeg,768,1024,160,456,410,780,albopictus
train_07353.jpeg,768,1024,174,552,573,853,albopictus
train_07360.jpeg,540,584,174,176,401,370,albopictus
train_07362.jpeg,768,1024,305,566,390,654,albopictus
train_07365.jpeg,1439,1570,414,418,1008,1236,culex
train_07367.jpeg,403,318,110,117,308,244,albopictus
train_07372.jpeg,768,1024,275,405,415,570,culex
train_07377.jpeg,1080,1920,264,732,1080,1438,albopictus
train_07379.jpeg,768,1024,122,473,530,798,culex
train_07385.jpeg,954,1538,294,384,822,1027,culex
train_07386.jpeg,4032,1960,1877,742,2272,1065,culex
train_07387.jpeg,765,1024,266,736,374,837,albopictus
train_07388.jpeg,642,482,63,52,552,332,culex
train_07389.jpeg,1024,1365,408,572,760,938,culex
train_07391.jpeg,768,1024,345,371,529,702,culex
train_07392.jpeg,2592,4608,1050,1595,1881,2428,albopictus
train_07393.jpeg,278,278,24,32,240,265,albopictus
train_07395.jpeg,1024,1821,816,406,961,558,albopictus
train_07404.jpeg,512,1024,82,160,319,432,culex
train_07408.jpeg,2304,4608,1012,2086,1359,2504,albopictus
train_07409.jpeg,1197,1100,354,283,689,790,culex
train_07410.jpeg,3024,4032,1042,2777,1566,3234,albopictus
train_07415.jpeg,3024,4032,782,1964,1994,2845,culex
train_07418.jpeg,1765,2104,792,1118,1134,1477,albopictus
train_07419.jpeg,1944,2592,563,951,1312,1579,culex
train_07420.jpeg,4608,2592,2179,473,2727,889,albopictus
train_07427.jpeg,1024,1365,397,709,596,862,culiseta
train_07430.jpeg,3024,4032,1056,1562,2016,2228,culex
train_07433.jpeg,3024,4032,1296,2264,1538,2509,culex
train_07437.jpeg,478,660,89,168,385,516,albopictus
train_07442.jpeg,1200,1600,337,620,734,1051,anopheles
train_07447.jpeg,2000,4000,275,1230,1919,2590,culex
train_07457.jpeg,3024,4032,821,1290,1806,2390,culex
train_07462.jpeg,1470,1668,511,749,874,1282,albopictus
train_07463.jpeg,1663,2407,693,751,1166,1177,culex
train_07468.jpeg,768,1024,205,345,499,648,culex
train_07472.jpeg,3024,4032,1407,1346,1826,1945,albopictus
train_07477.jpeg,3840,5120,1391,2029,2846,3304,albopictus
train_07478.jpeg,3024,4032,1497,1756,2087,2375,culex
train_07482.jpeg,864,1904,258,827,613,1168,japonicus-koreicus
train_07486.jpeg,3024,3024,781,595,1647,1581,albopictus
train_07488.jpeg,152,106,28,14,135,98,albopictus
train_07489.jpeg,1024,1365,449,534,709,670,culex
train_07490.jpeg,768,1024,296,396,390,512,culex
train_07493.jpeg,768,1024,54,301,558,812,culex
train_07494.jpeg,1960,4032,555,1448,952,2093,culex
train_07500.jpeg,768,1024,334,407,437,566,culex
train_07502.jpeg,1920,1280,434,397,1336,1003,albopictus
train_07504.jpeg,3024,4032,1349,1795,2210,2762,culex
train_07505.jpeg,1920,2560,442,72,1913,2007,albopictus
train_07506.jpeg,3456,4608,970,2843,1837,3881,culex
train_07510.jpeg,1024,1365,295,196,537,423,culex
train_07515.jpeg,4000,3000,1874,1180,2351,1609,culex
train_07516.jpeg,768,1024,46,247,684,940,culiseta
train_07517.jpeg,1160,2576,504,698,984,1075,culex
train_07525.jpeg,4000,3000,1137,1314,1704,1741,culex
train_07530.jpeg,3968,2976,3129,1767,3568,2225,albopictus
train_07541.jpeg,5616,2808,1022,355,4305,2450,culex
train_07542.jpeg,3264,2448,1437,951,1809,1289,albopictus
train_07544.jpeg,768,1024,273,491,422,672,culex
train_07545.jpeg,3120,4208,1430,2023,1833,2504,albopictus
train_07548.jpeg,503,546,95,64,448,518,albopictus
train_07549.jpeg,768,1024,306,473,462,609,culex
train_07572.jpeg,3024,4032,797,1583,1588,2817,culex
train_07577.jpeg,1024,2219,262,763,972,1191,culex
train_07579.jpeg,2592,1456,1023,618,1932,1120,albopictus
train_07589.jpeg,828,1792,338,650,612,982,culex
train_07598.jpeg,3024,4032,1212,1484,1537,1817,culex
train_07606.jpeg,2304,4096,904,2529,1386,2961,albopictus
train_07608.jpeg,1024,1820,345,820,666,1017,albopictus
train_07614.jpeg,1024,1365,373,535,606,754,albopictus
train_07617.jpeg,1365,1024,608,325,799,498,culex
train_07623.jpeg,1024,1365,270,458,640,836,albopictus
train_07626.jpeg,1024,2106,359,1084,726,1485,culex
train_07629.jpeg,768,1024,179,620,402,836,culex
train_07631.jpeg,2448,3264,692,1882,1689,2817,albopictus
train_07634.jpeg,768,1024,209,443,537,623,culiseta
train_07637.jpeg,1024,1365,361,559,619,863,culex
train_07644.jpeg,2236,2456,350,870,1635,2049,culex
train_07650.jpeg,1024,1815,403,437,567,589,albopictus
train_07665.jpeg,3024,4032,954,1079,2028,2362,albopictus
train_07669.jpeg,1846,4000,419,936,1104,1475,culex
train_07672.jpeg,1494,1991,682,873,913,1315,culex
train_07673.jpeg,768,1024,233,325,364,448,culex
train_07678.jpeg,1024,1365,341,485,761,1123,albopictus
train_07681.jpeg,3000,4000,874,978,2455,2048,culex
train_07693.jpeg,2336,4160,1029,2124,1654,2490,albopictus
train_07696.jpeg,3024,4032,409,1097,2442,2666,culiseta
train_07697.jpeg,1024,1820,133,191,665,617,albopictus
train_07698.jpeg,604,506,211,69,471,273,culex
train_07700.jpeg,960,540,163,25,601,424,albopictus
train_07702.jpeg,1024,1817,257,885,636,1246,culiseta
train_07712.jpeg,1365,1024,457,274,973,774,culex
train_07713.jpeg,768,1024,283,465,496,569,culex
train_07717.jpeg,1014,1062,312,368,707,755,culex
train_07718.jpeg,3024,4032,787,2041,2082,3065,culex
train_07739.jpeg,768,1024,173,252,544,755,albopictus
train_07741.jpeg,570,570,241,166,532,385,albopictus
train_07745.jpeg,3024,4032,265,1315,1957,2739,albopictus
train_07765.jpeg,768,1024,222,393,321,533,culex
train_07767.jpeg,1080,2340,153,834,919,1370,culex
train_07771.jpeg,508,486,47,53,475,468,albopictus
train_07773.jpeg,2976,3968,937,1529,1484,2130,culex
train_07776.jpeg,768,1024,256,563,463,812,culiseta
train_07778.jpeg,1080,830,304,156,741,698,albopictus
train_07783.jpeg,1353,1320,431,369,946,979,albopictus
train_07785.jpeg,4032,2268,906,0,2548,1960,culex
train_07786.jpeg,2048,1188,804,456,1262,1045,albopictus
train_07795.jpeg,1296,972,477,171,763,436,culex
train_07799.jpeg,1024,1360,17,655,479,1118,japonicus-koreicus
train_07801.jpeg,768,1024,103,179,468,739,culex
train_07804.jpeg,3000,4000,994,1831,1854,2395,albopictus
train_07808.jpeg,736,1600,136,239,632,1018,culex
train_07812.jpeg,3120,4160,1318,2130,1762,2607,culiseta
train_07814.jpeg,1710,1522,420,130,1492,1389,albopictus
train_07820.jpeg,1024,1365,141,540,859,1083,culex
train_07822.jpeg,1024,1365,477,400,938,1048,anopheles
train_07831.jpeg,1024,1365,308,733,503,908,culex
train_07835.jpeg,2448,3264,730,1129,1735,1884,albopictus
train_07840.jpeg,1024,2273,394,842,636,1108,culex
train_07843.jpeg,1622,1620,776,473,1127,840,albopictus
train_07844.jpeg,1024,1365,354,515,784,915,culex
train_07849.jpeg,834,834,267,317,559,643,albopictus
train_07850.jpeg,3264,2448,780,990,2820,1902,albopictus
train_07855.jpeg,2576,1932,1386,1110,1850,1729,albopictus
train_07857.jpeg,3264,2448,2034,1777,2458,2068,albopictus
train_07858.jpeg,3024,4032,863,1398,1440,1840,culex
train_07860.jpeg,768,1024,124,203,693,839,albopictus
train_07861.jpeg,2778,2811,526,600,2333,2342,culex
train_07867.jpeg,2988,5312,1305,3024,1905,3995,albopictus
train_07872.jpeg,3024,4032,471,2042,1633,2891,albopictus
train_07873.jpeg,1552,873,862,410,1046,587,albopictus
train_07876.jpeg,3456,4608,606,1597,2613,3703,culiseta
train_07878.jpeg,1365,1024,311,210,535,432,culex
train_07888.jpeg,768,1024,317,551,453,674,culex
train_07892.jpeg,3024,4032,380,693,2101,2719,culex
train_07894.jpeg,1166,2592,248,1001,680,1640,japonicus-koreicus
train_07903.jpeg,4608,3456,1106,452,3698,2767,culex
train_07906.jpeg,1024,1820,169,282,963,1230,culex
train_07908.jpeg,1024,1365,204,323,609,970,culex
train_07910.jpeg,2160,3840,367,1567,1806,2736,albopictus
train_07911.jpeg,4608,3456,1768,505,3368,2244,albopictus
train_07915.jpeg,3024,4032,508,731,1805,2643,culex
train_07918.jpeg,1024,1365,339,505,732,784,culex
train_07920.jpeg,1024,1820,585,752,803,1001,culex
train_07922.jpeg,768,1024,122,313,346,466,culex
train_07925.jpeg,2048,1024,767,333,1157,530,culex
train_07930.jpeg,4608,2592,2012,655,2726,1289,culex
train_07933.jpeg,1362,1248,603,449,918,786,albopictus
train_07935.jpeg,3120,4160,1392,2415,2778,3764,albopictus
train_07937.jpeg,2400,3200,937,1225,1883,2028,albopictus
train_07939.jpeg,616,616,209,193,411,451,albopictus
train_07942.jpeg,901,1600,494,671,626,829,albopictus
train_07946.jpeg,3024,4032,1519,1744,2574,3118,culex
train_07955.jpeg,1365,1024,393,395,680,632,culex
train_07956.jpeg,1235,1280,433,483,586,618,albopictus
train_07957.jpeg,768,1024,219,489,633,727,culex
train_07966.jpeg,3024,4032,592,1124,1946,2731,culex
train_07968.jpeg,3024,4032,800,1924,1233,2338,culex
train_07969.jpeg,1024,1365,585,411,689,523,culex
train_07974.jpeg,1024,1365,367,638,654,833,culex
train_07976.jpeg,3024,4032,668,1786,1817,3174,culex
train_07983.jpeg,3968,2976,2093,853,3299,1920,albopictus
train_07984.jpeg,1024,1365,461,599,615,800,albopictus
train_07987.jpeg,336,413,48,70,288,354,culex
train_07990.jpeg,3024,4032,891,1548,2008,2805,culex
train_07993.jpeg,1860,4032,580,1592,1083,2178,culex
train_07994.jpeg,1024,1365,287,581,716,1016,culex
train_07998.jpeg,2976,3968,1180,2029,2069,2780,japonicus-koreicus
train_08002.jpeg,762,815,49,102,531,737,albopictus
train_08004.jpeg,1024,1365,227,533,578,926,culex
train_08014.jpeg,1836,3264,308,871,1045,1655,albopictus
train_08016.jpeg,3024,4032,858,1312,1479,2468,albopictus
train_08030.jpeg,1200,1600,536,682,837,979,albopictus
train_08031.jpeg,3024,4032,1016,1443,2260,3055,albopictus
train_08033.jpeg,768,1024,244,285,496,478,culex
train_08038.jpeg,768,1024,349,513,446,616,aegypti
train_08042.jpeg,768,1024,307,469,437,583,culex
train_08057.jpeg,768,1024,294,447,366,528,culex
train_08060.jpeg,3456,4608,1596,630,2544,1317,culex
train_08061.jpeg,1024,1365,88,311,695,1000,culex
train_08066.jpeg,1632,3071,593,765,1191,1389,albopictus
train_08071.jpeg,3456,4608,776,2496,1606,3350,albopictus
train_08075.jpeg,4000,2250,1994,708,3075,1754,albopictus
train_08084.jpeg,3456,4608,200,618,3123,3033,culex
train_08086.jpeg,1170,2532,285,683,1098,1525,culex
train_08090.jpeg,768,1024,299,564,424,665,culex
train_08097.jpeg,5120,3840,1058,69,3356,3185,albopictus
train_08099.jpeg,3000,4000,1170,1982,1560,2577,culex
train_08105.jpeg,1200,1600,427,178,643,512,albopictus
train_08113.jpeg,3024,4032,1015,2527,1629,3123,japonicus-koreicus
train_08114.jpeg,3968,2648,575,214,3921,1972,culex
train_08122.jpeg,3024,4032,1391,1788,1840,2304,albopictus
train_08131.jpeg,1125,2436,157,530,1015,1602,culex
train_08134.jpeg,3000,4000,1087,859,1875,2056,albopictus
train_08145.jpeg,2592,1456,791,406,1709,1039,culiseta
train_08150.jpeg,1365,1024,347,244,931,718,culex
train_08155.jpeg,768,1024,407,570,542,758,culex
train_08159.jpeg,1024,2163,183,666,530,1086,culex
train_08163.jpeg,1456,2592,831,1270,1067,1536,albopictus
train_08164.jpeg,960,1600,205,413,630,885,albopictus
train_08179.jpeg,1024,2273,310,877,706,1225,culex
train_08182.jpeg,1024,1820,440,417,689,644,culex
train_08187.jpeg,1024,2106,403,859,619,1124,culex
train_08198.jpeg,3000,4000,1197,1553,2057,2628,culex
train_08199.jpeg,2988,5312,922,2510,2121,3654,albopictus
train_08204.jpeg,190,339,13,23,180,263,albopictus
train_08211.jpeg,349,620,53,158,299,534,albopictus
train_08216.jpeg,1200,1600,281,152,1087,1469,culiseta
train_08218.jpeg,3096,4128,1082,1245,2171,2604,albopictus
train_08219.jpeg,3000,4000,77,543,2035,3438,albopictus
train_08220.jpeg,4000,3000,1659,807,3061,2325,culex
train_08221.jpeg,2048,1983,318,358,1897,1700,albopictus
train_08226.jpeg,4128,2322,2349,816,2879,1240,albopictus
train_08228.jpeg,1600,1200,460,436,1126,909,culiseta
train_08232.jpeg,3024,4032,1236,1988,2131,2556,culex
train_08235.jpeg,2448,3264,904,1380,2223,2307,albopictus
train_08237.jpeg,2988,5312,711,875,2910,3331,albopictus
train_08243.jpeg,3264,2448,673,1032,1355,1456,albopictus
train_08246.jpeg,2560,1536,961,461,1446,929,albopictus
train_08250.jpeg,4000,3000,2028,1220,2355,1585,culex
train_08254.jpeg,2320,4640,772,1941,1364,2770,culex
train_08256.jpeg,1365,1024,500,493,906,712,culex
train_08263.jpeg,3000,4000,541,840,2322,3006,culex
train_08276.jpeg,640,623,210,37,409,289,albopictus
train_08278.jpeg,1521,1639,173,65,1498,1445,culex
train_08280.jpeg,768,1024,358,514,472,626,culex
train_08288.jpeg,1820,1024,684,404,915,584,culex
train_08290.jpeg,4000,1800,1181,290,2241,1059,culex
train_08294.jpeg,728,707,54,77,634,506,albopictus
train_08299.jpeg,1024,1365,275,441,659,890,culex
train_08304.jpeg,3024,4032,1080,1486,2116,2446,culex
train_08306.jpeg,3024,4032,0,149,3024,3937,albopictus
train_08310.jpeg,4032,3024,1276,1333,2309,2321,culex
train_08312.jpeg,1080,2340,14,476,1080,1957,albopictus
train_08314.jpeg,1247,1206,245,346,1106,1064,albopictus
train_08316.jpeg,2160,3840,837,1957,1253,2460,albopictus
train_08317.jpeg,3000,3000,1219,1183,1588,1599,albopictus
train_08327.jpeg,1024,1365,219,450,716,749,culex
train_08328.jpeg,3024,4032,1067,1488,1616,2146,albopictus
train_08334.jpeg,730,1036,220,301,503,673,culex
train_08340.jpeg,3024,4032,754,924,2243,3181,culex
train_08342.jpeg,3024,4032,450,510,2500,3179,albopictus
train_08362.jpeg,5616,2808,975,0,4259,2371,albopictus
train_08369.jpeg,3024,4032,1385,1897,1788,2425,albopictus
train_08370.jpeg,4160,2080,1644,630,2141,993,culex
train_08371.jpeg,1365,1024,460,445,624,630,culex
train_08373.jpeg,1365,1024,587,572,870,812,culex
train_08374.jpeg,2000,4000,799,1422,1082,1792,culex
train_08376.jpeg,4032,2268,1174,518,1882,1560,culex
train_08387.jpeg,2370,1870,861,558,1546,1148,albopictus
train_08390.jpeg,274,336,40,30,252,310,culex
train_08391.jpeg,2448,3264,1133,1901,1426,2443,culex
train_08395.jpeg,2560,1536,1157,589,1372,807,albopictus
train_08397.jpeg,1800,4000,723,2200,1003,2392,albopictus
train_08407.jpeg,2448,3264,1045,1930,1323,2316,culex
train_08410.jpeg,3120,4160,1129,2284,1731,2903,culex
train_08416.jpeg,3096,4128,729,1097,2829,2261,japonicus-koreicus
train_08417.jpeg,3024,4032,1446,1778,1923,2366,culex
train_08418.jpeg,640,480,44,17,626,463,albopictus
train_08423.jpeg,3213,3993,1141,1278,2198,2891,albopictus
train_08426.jpeg,1160,2576,282,522,1000,1115,culex
train_08430.jpeg,768,1024,191,312,388,588,culex
train_08431.jpeg,1024,2330,48,305,900,1166,culex
train_08442.jpeg,1816,4032,187,1119,1384,2233,culiseta
train_08448.jpeg,768,1024,333,483,563,684,culex
train_08453.jpeg,4000,3000,2073,1776,2589,2130,albopictus
train_08457.jpeg,1491,1724,442,562,1231,1074,culiseta
train_08464.jpeg,3024,4032,1239,1823,1698,2432,albopictus
train_08465.jpeg,3024,4032,755,727,2062,2985,albopictus
train_08466.jpeg,768,1024,173,447,369,582,culex
train_08474.jpeg,5120,3840,1610,1289,2808,2416,albopictus
train_08479.jpeg,1365,1024,644,406,960,805,culex
train_08488.jpeg,2688,1520,735,574,957,792,albopictus
train_08489.jpeg,765,764,221,225,493,489,albopictus
train_08492.jpeg,3024,4032,772,1340,1567,2810,culex
train_08496.jpeg,3024,4032,923,1626,1760,2483,culiseta
train_08500.jpeg,768,1024,433,566,573,680,culex
train_08507.jpeg,3000,4000,616,781,2293,3462,culex
train_08512.jpeg,2592,4608,715,1785,1422,2580,japonicus-koreicus
train_08513.jpeg,1024,1365,102,258,936,698,albopictus
train_08516.jpeg,2066,3672,837,1545,1259,1990,culex
train_08523.jpeg,1088,1920,418,1037,658,1252,albopictus
train_08528.jpeg,4000,2250,2115,599,2503,1011,albopictus
train_08529.jpeg,3120,4160,356,1901,1327,2657,albopictus
train_08531.jpeg,1024,1365,559,919,660,1009,culex
train_08533.jpeg,3000,4000,840,2292,1530,2990,albopictus
train_08542.jpeg,768,1024,274,446,440,695,culex
train_08543.jpeg,768,1024,268,599,410,721,culex
train_08547.jpeg,1070,1099,291,425,565,697,culex
train_08548.jpeg,3024,4032,1405,2194,1917,2574,culex
train_08550.jpeg,1024,1365,457,719,630,931,culex
train_08557.jpeg,3016,4032,1069,1960,1819,2805,albopictus
train_08562.jpeg,1877,1795,457,157,1384,1373,culex
train_08571.jpeg,768,1024,346,306,498,469,culex
train_08572.jpeg,1365,1024,569,566,769,754,albopictus
train_08586.jpeg,3024,4032,561,958,1791,2777,albopictus
train_08587.jpeg,1168,2592,470,1205,673,1486,albopictus
train_08595.jpeg,4032,3024,2355,1172,2944,1647,albopictus
train_08598.jpeg,1024,1365,127,469,806,1034,culex
train_08601.jpeg,765,1024,220,623,352,795,albopictus
train_08602.jpeg,1944,2592,744,754,1624,1578,albopictus
train_08605.jpeg,3024,4032,1274,1751,1792,2393,culex
train_08607.jpeg,3840,5120,30,1371,2430,4693,japonicus-koreicus
train_08611.jpeg,768,1024,270,353,518,614,culex
train_08613.jpeg,4000,3000,1566,1144,2667,1967,albopictus
train_08617.jpeg,1908,4032,361,1366,1289,2397,albopictus
train_08621.jpeg,5312,2988,2190,1383,2645,1868,albopictus
train_08628.jpeg,3024,4032,1554,1591,1846,1842,albopictus
train_08632.jpeg,3024,4032,1041,2024,2182,2777,culex
train_08639.jpeg,1200,1600,471,703,660,960,culex
train_08651.jpeg,2196,1504,657,182,1265,854,albopictus
train_08654.jpeg,2048,1536,837,641,1194,875,culex
train_08655.jpeg,3456,4608,740,1620,2740,3508,japonicus-koreicus
train_08669.jpeg,1200,1600,352,578,767,883,japonicus-koreicus
train_08671.jpeg,1024,768,401,374,480,505,albopictus
train_08675.jpeg,3000,4000,73,571,1893,2385,albopictus
train_08676.jpeg,2129,1024,724,512,1185,845,culex
train_08679.jpeg,3024,4032,920,1090,1866,2658,albopictus
train_08682.jpeg,1932,2576,646,519,1046,948,culex
train_08684.jpeg,2448,3264,619,1437,1689,2073,albopictus
train_08687.jpeg,1024,1365,144,373,891,1264,culex
train_08693.jpeg,1080,1076,395,267,852,739,albopictus
train_08694.jpeg,3024,4032,1131,2083,1737,2673,albopictus
train_08698.jpeg,3024,4032,837,1507,1307,2033,culex
train_08699.jpeg,2295,2241,730,505,1326,1473,culiseta
train_08700.jpeg,3024,4032,1068,1194,2615,2555,albopictus
train_08706.jpeg,768,1024,388,536,485,682,culex
train_08708.jpeg,768,1024,326,409,442,498,culex
train_08710.jpeg,1406,2053,480,913,844,1282,albopictus
train_08720.jpeg,1125,2436,9,695,982,1554,albopictus
train_08724.jpeg,2000,4000,897,1057,1639,2015,culiseta
train_08725.jpeg,4032,3024,717,129,3497,2740,culex
train_08726.jpeg,740,1600,243,600,657,1052,culex
train_08734.jpeg,1024,1365,269,489,578,759,culex
train_08735.jpeg,3024,4032,982,2153,1762,2848,albopictus
train_08739.jpeg,3840,5120,878,2342,2550,3473,culex
train_08741.jpeg,4896,3672,2084,505,3934,2373,culiseta
train_08742.jpeg,3456,4608,887,827,2136,2010,albopictus
train_08743.jpeg,1024,1365,323,700,763,1040,culiseta
train_08746.jpeg,3451,3450,787,893,2542,2975,japonicus-koreicus
train_08750.jpeg,1024,1820,407,1293,645,1498,albopictus
train_08764.jpeg,768,1024,141,300,460,672,culex
train_08773.jpeg,3000,4000,1165,381,2197,1819,culex
train_08775.jpeg,409,427,92,131,263,315,albopictus
train_08778.jpeg,1836,3264,796,1359,1108,1609,albopictus
train_08779.jpeg,1365,1024,503,395,711,596,albopictus
train_08780.jpeg,4608,3456,2387,1807,2928,2238,culex
train_08782.jpeg,3000,3000,1489,1481,2275,2184,albopictus
train_08783.jpeg,3024,4032,948,1845,1881,2599,culiseta
train_08800.jpeg,3000,4000,779,805,2194,1988,albopictus
train_08803.jpeg,3024,4032,862,991,1413,1331,culex
train_08805.jpeg,3000,4000,1597,1139,2074,1638,albopictus
train_08809.jpeg,2448,5120,1085,2502,1436,2946,culex
train_08817.jpeg,1024,1024,75,224,938,944,culex
train_08819.jpeg,1932,2576,464,1351,1124,1874,culex
train_08820.jpeg,1920,1920,313,286,760,1012,culex
train_08834.jpeg,1365,1024,550,431,807,634,japonicus-koreicus
train_08835.jpeg,5616,2808,2058,146,4248,2392,culex
train_08839.jpeg,4032,3024,1605,673,2680,2057,japonicus-koreicus
train_08840.jpeg,1200,1600,460,508,647,797,culex
train_08850.jpeg,3024,4032,1220,2076,1750,2528,culex
train_08851.jpeg,1347,1966,483,567,862,1133,culex
train_08860.jpeg,1024,2275,441,698,865,1435,culex
train_08864.jpeg,1365,1024,419,244,903,765,culiseta
train_08870.jpeg,3456,4608,1408,2489,2472,3498,albopictus
train_08885.jpeg,768,1024,207,357,662,892,culiseta
train_08890.jpeg,768,1024,277,497,441,635,culex
train_08903.jpeg,3024,4032,522,915,1848,2518,albopictus
train_08907.jpeg,933,934,255,177,615,586,culex
train_08909.jpeg,1200,1600,525,494,693,699,albopictus
train_08911.jpeg,3024,4032,1355,1360,2128,2568,albopictus
train_08914.jpeg,1030,1029,462,356,590,601,albopictus
train_08928.jpeg,1960,1961,97,532,1908,1563,japonicus-koreicus
train_08937.jpeg,436,716,35,201,397,534,albopictus
train_08950.jpeg,1080,2336,224,402,1012,1578,japonicus-koreicus
train_08956.jpeg,794,1027,291,339,582,633,culex
train_08960.jpeg,2299,2077,598,435,939,847,albopictus
train_08963.jpeg,768,1024,177,286,555,494,culex
train_08973.jpeg,3000,4000,444,1379,2544,2711,albopictus
train_08977.jpeg,3096,4128,1250,1999,2249,3177,albopictus
train_08979.jpeg,621,621,158,119,536,458,albopictus
train_08981.jpeg,2992,2992,910,630,1654,1861,anopheles
train_08982.jpeg,3024,4032,1030,1645,2334,2513,albopictus
train_08984.jpeg,1024,2106,236,489,1006,1020,culex
train_08989.jpeg,3024,4032,1369,1932,1621,2284,albopictus
train_08999.jpeg,1960,4032,662,1861,1095,2389,albopictus
train_09001.jpeg,3024,4032,256,604,2236,2726,culex
train_09004.jpeg,1024,1365,298,489,852,1258,culex
train_09011.jpeg,738,415,248,82,442,222,albopictus
train_09017.jpeg,3024,3024,924,1182,1586,2051,culiseta
train_09023.jpeg,2268,4032,945,1790,1287,2087,japonicus-koreicus
train_09026.jpeg,1932,2576,782,1141,1105,1487,culex
train_09035.jpeg,1024,2219,210,410,694,918,culex
train_09044.jpeg,768,1024,330,469,482,624,culex
train_09045.jpeg,339,320,81,25,330,213,albopictus
train_09049.jpeg,2736,3648,976,2148,1504,2752,albopictus
train_09052.jpeg,1024,1365,160,414,932,949,culiseta
train_09056.jpeg,768,1024,116,99,609,754,albopictus
train_09057.jpeg,768,1024,375,432,521,564,culex
train_09064.jpeg,3024,4032,1268,2438,1787,2938,albopictus
train_09065.jpeg,768,1024,350,469,505,685,albopictus
train_09067.jpeg,3840,5120,1119,1838,1916,2537,albopictus
train_09070.jpeg,3456,4608,809,1577,2510,2973,albopictus
train_09071.jpeg,1166,988,78,141,938,793,albopictus
train_09074.jpeg,768,1024,288,507,439,620,culex
train_09077.jpeg,768,1024,352,442,464,534,culex
train_09083.jpeg,4032,3024,1173,1121,2533,2049,culiseta
train_09092.jpeg,765,1024,248,468,418,633,albopictus
train_09094.jpeg,1133,1449,395,623,717,945,culex
train_09095.jpeg,2250,4000,558,1528,957,1898,albopictus
train_09098.jpeg,1024,1365,338,598,544,727,culex
train_09108.jpeg,3840,2160,2382,1066,2569,1271,culex
train_09110.jpeg,616,616,52,285,371,529,albopictus
train_09118.jpeg,2076,1167,155,75,1733,1148,culex
train_09125.jpeg,1012,632,348,121,573,524,albopictus
train_09126.jpeg,3120,4160,1586,364,2693,1538,albopictus
train_09127.jpeg,768,1024,316,239,538,703,culex
train_09129.jpeg,768,1024,334,686,411,762,culex
train_09136.jpeg,3000,4000,430,2321,1431,3120,albopictus
train_09141.jpeg,2080,4160,999,915,1241,1157,albopictus
train_09143.jpeg,768,1024,330,473,419,616,albopictus
train_09147.jpeg,1200,1600,360,808,907,1243,culex
train_09150.jpeg,2048,1152,654,239,1655,788,albopictus
train_09152.jpeg,5616,2808,1579,485,4234,2596,albopictus
train_09160.jpeg,2048,1152,819,447,1256,761,albopictus
train_09161.jpeg,4032,3024,1504,667,2589,2291,culex
train_09162.jpeg,848,1131,261,335,764,793,culex
train_09164.jpeg,1536,2048,742,943,911,1142,albopictus
train_09165.jpeg,2160,3840,738,1749,1158,2164,albopictus
train_09167.jpeg,1016,1176,179,325,731,867,culex
train_09170.jpeg,534,618,75,32,424,585,culex
train_09173.jpeg,4160,2340,1802,817,2383,1294,albopictus
train_09176.jpeg,1944,2592,521,708,1934,2160,culex
train_09178.jpeg,3088,3088,749,1667,1339,2208,culex
train_09179.jpeg,1800,4000,159,933,1715,2244,culex
train_09183.jpeg,1368,1024,348,289,595,612,culex
train_09200.jpeg,2448,3264,998,1427,1378,1887,albopictus
train_09203.jpeg,1024,1365,213,510,684,895,culex
train_09207.jpeg,3024,4032,1135,1392,2332,2581,albopictus
train_09217.jpeg,768,1024,158,346,511,713,culex
train_09218.jpeg,1024,1820,444,624,727,838,culex
train_09220.jpeg,3024,4032,1037,1623,1604,2106,albopictus
train_09222.jpeg,992,2176,315,598,720,1290,japonicus-koreicus
train_09229.jpeg,4128,3096,1234,960,2239,2321,albopictus
train_09230.jpeg,3024,4032,1037,1775,1723,2589,albopictus
train_09234.jpeg,3000,4000,415,1310,1971,2315,culex
train_09235.jpeg,1944,1944,752,499,1539,1178,albopictus
train_09239.jpeg,4608,3456,933,1708,1528,2112,culex
train_09244.jpeg,768,1024,226,432,386,526,culex
train_09246.jpeg,768,1024,425,652,580,792,japonicus-koreicus
train_09248.jpeg,4032,3024,1764,1072,2187,1531,albopictus
train_09255.jpeg,3120,4160,1361,2165,1718,2479,culex
train_09264.jpeg,3024,4032,1036,2067,1569,2637,albopictus
train_09266.jpeg,1024,794,427,109,954,752,albopictus
train_09267.jpeg,1080,2160,211,608,836,1417,culex
train_09269.jpeg,758,672,80,105,638,595,culiseta
train_09273.jpeg,768,1024,250,527,392,659,culex
train_09275.jpeg,3024,4032,946,1471,2351,2752,culex
train_09277.jpeg,1080,2400,60,348,1080,1573,albopictus
train_09278.jpeg,1600,1200,735,493,889,682,albopictus
train_09287.jpeg,3000,4000,847,1593,2154,3127,culiseta
train_09288.jpeg,1024,1365,244,476,710,1000,albopictus
train_09290.jpeg,1024,2163,294,773,540,1038,albopictus
train_09292.jpeg,964,628,360,192,658,479,albopictus
train_09299.jpeg,768,1024,271,297,372,495,culex
train_09312.jpeg,1624,2422,366,718,1190,1705,culex
train_09313.jpeg,1014,1204,336,406,708,873,culex
train_09316.jpeg,3717,2805,3031,703,3717,1461,albopictus
train_09318.jpeg,2368,3200,966,1169,1400,1694,albopictus
train_09319.jpeg,3840,5120,1059,2270,2922,3509,culex
train_09326.jpeg,3000,4000,773,2006,1203,2449,culex
train_09331.jpeg,1600,1200,554,189,1589,785,albopictus
train_09332.jpeg,768,1024,213,337,520,554,culex
train_09346.jpeg,1024,1365,257,566,680,902,albopictus
train_09348.jpeg,1223,1420,465,482,740,850,culex
train_09350.jpeg,1260,945,455,121,842,871,japonicus-koreicus
train_09351.jpeg,3024,4032,1650,1608,2228,2251,culex
train_09352.jpeg,3024,4032,1044,2094,1533,2563,culex
train_09356.jpeg,1024,1365,294,705,604,942,albopictus
train_09358.jpeg,3096,4128,833,952,2133,2529,albopictus
train_09359.jpeg,1600,1200,344,385,648,662,culex
train_09369.jpeg,1960,4032,544,1954,1079,2564,albopictus
train_09375.jpeg,5248,3936,927,383,1820,1188,albopictus
train_09378.jpeg,537,551,24,68,382,435,albopictus
train_09385.jpeg,644,621,171,131,350,315,albopictus
train_09402.jpeg,3024,4032,2115,1840,2575,2209,culex
train_09412.jpeg,460,1024,177,555,269,620,albopictus
train_09414.jpeg,1024,1820,223,338,673,874,culex
train_09420.jpeg,3468,4624,577,1464,2716,3833,albopictus
train_09421.jpeg,3024,4032,1312,1551,2490,2203,culex
train_09424.jpeg,3456,4608,1503,1456,2051,1963,culiseta
train_09433.jpeg,3024,4032,881,1039,1937,2191,culex
train_09436.jpeg,3024,4032,1100,1465,2259,2308,culex
train_09438.jpeg,3024,4032,1110,2014,1582,2593,albopictus
train_09440.jpeg,1536,2560,647,1232,913,1494,albopictus
train_09445.jpeg,3264,1836,983,605,1647,1213,culex
train_09446.jpeg,3264,2448,1416,1125,1918,1517,albopictus
train_09457.jpeg,3472,4624,208,465,2696,2882,albopictus
train_09459.jpeg,1039,1157,313,425,669,685,albopictus
train_09463.jpeg,3840,5120,1472,2514,2259,3476,culex
train_09469.jpeg,3456,4608,1252,1920,3103,3471,culex
train_09470.jpeg,1365,1024,594,429,789,624,culex
train_09471.jpeg,3024,4032,1175,2669,1649,3169,culex
train_09472.jpeg,3120,4160,1267,2014,1726,2506,albopictus
train_09473.jpeg,3024,4032,1008,1588,1766,2109,albopictus
train_09478.jpeg,1017,1808,310,825,869,1362,culex
train_09479.jpeg,990,1124,60,318,486,614,culex
train_09484.jpeg,768,1024,209,509,439,652,albopictus
train_09487.jpeg,1024,1820,311,514,745,1086,culex
train_09490.jpeg,1024,1820,559,887,741,1115,culex
train_09493.jpeg,1024,1365,423,743,665,1025,culex
train_09500.jpeg,768,1024,268,581,401,687,culex
train_09505.jpeg,1098,1106,277,415,791,775,culex
train_09509.jpeg,3472,4624,2036,2253,2379,2633,albopictus
train_09510.jpeg,3840,5120,1456,2783,2745,3843,culex
train_09513.jpeg,640,579,230,148,409,308,albopictus
train_09517.jpeg,2448,2448,690,981,1622,1719,albopictus
train_09518.jpeg,3000,4000,576,1755,1456,2566,albopictus
train_09522.jpeg,2448,3264,1028,1397,1464,1850,japonicus-koreicus
train_09533.jpeg,671,582,91,181,579,511,albopictus
train_09535.jpeg,3468,4624,939,2474,1884,3704,culex
train_09536.jpeg,1588,986,772,110,1040,645,culex
train_09541.jpeg,1248,904,376,179,863,688,japonicus-koreicus
train_09542.jpeg,2160,3840,689,1533,1274,2191,albopictus
train_09544.jpeg,1080,1191,298,305,646,737,albopictus
train_09548.jpeg,3024,4032,507,908,2270,2981,culex
train_09550.jpeg,3120,4160,1065,1276,2461,2891,culex
train_09565.jpeg,830,1037,188,284,633,894,albopictus
train_09572.jpeg,2250,4000,915,1979,1285,2367,albopictus
train_09581.jpeg,1080,1423,121,213,883,1031,albopictus
train_09585.jpeg,4096,3072,1254,139,2502,1734,albopictus
train_09586.jpeg,2775,2732,334,13,2579,2378,albopictus
train_09601.jpeg,3024,4032,939,1649,1487,2047,albopictus
train_09604.jpeg,4896,3672,1841,1547,3176,3038,albopictus
train_09605.jpeg,1366,1501,358,527,861,1176,culex
train_09619.jpeg,2048,2048,760,137,1747,667,albopictus
train_09622.jpeg,685,684,325,286,460,438,albopictus
train_09623.jpeg,4032,3024,669,596,3467,1922,culex
train_09626.jpeg,4160,3120,1701,1275,2159,1786,albopictus
train_09627.jpeg,1024,1365,327,560,632,854,culex
train_09630.jpeg,4608,2592,2115,1078,2439,1401,albopictus
train_09635.jpeg,4344,5792,2240,1460,3882,3024,albopictus
train_09639.jpeg,2448,3264,522,947,2336,3052,albopictus
train_09654.jpeg,1080,2280,41,311,1055,1382,culex
train_09657.jpeg,954,1079,221,171,775,751,culiseta
train_09661.jpeg,1024,1365,237,466,504,706,culex
train_09671.jpeg,689,618,167,154,478,532,albopictus
train_09672.jpeg,768,1024,227,464,443,728,culiseta
train_09674.jpeg,3096,4128,1251,985,2589,2181,culex
train_09675.jpeg,1024,1365,392,702,514,841,albopictus
train_09680.jpeg,4128,2322,1788,1017,2128,1419,albopictus
train_09681.jpeg,1750,1343,817,443,1273,838,albopictus
train_09682.jpeg,1024,1365,437,333,684,528,japonicus-koreicus
train_09683.jpeg,768,1024,221,251,506,704,culex
train_09686.jpeg,1024,1820,63,582,855,1044,culex
train_09688.jpeg,768,1024,345,406,442,541,culex
train_09694.jpeg,1267,1184,281,53,1232,1168,japonicus-koreicus
train_09697.jpeg,3000,4000,1715,2958,2029,3298,culex
train_09699.jpeg,1836,3264,599,1580,915,1828,albopictus
train_09703.jpeg,1836,3264,851,1284,1237,1645,albopictus
train_09704.jpeg,3000,4000,1015,763,1617,1375,albopictus
train_09708.jpeg,3024,4032,797,1091,2182,2231,culex
train_09710.jpeg,900,899,238,192,646,776,albopictus
train_09713.jpeg,945,2048,137,645,856,1426,culiseta
train_09717.jpeg,436,632,135,237,309,402,albopictus
train_09719.jpeg,3024,4032,669,1305,2128,3206,culex
train_09724.jpeg,3120,4160,1138,1698,1890,2726,albopictus
train_09727.jpeg,3024,4032,949,1542,2184,3488,culiseta
train_09730.jpeg,3024,4032,1133,1774,1614,2386,culex
train_09731.jpeg,1024,1820,269,684,848,1177,culex
train_09732.jpeg,1024,1024,403,414,653,584,culex
train_09734.jpeg,927,1236,213,186,816,853,albopictus
train_09745.jpeg,1024,1820,294,461,619,864,culex
train_09759.jpeg,1024,1365,369,581,601,840,culex
train_09762.jpeg,3024,4032,836,1887,1549,2692,albopictus
train_09763.jpeg,537,534,139,157,393,374,culex
train_09765.jpeg,2988,5312,1309,2131,2216,2885,albopictus
train_09766.jpeg,972,1220,462,612,722,1016,albopictus
train_09772.jpeg,768,1024,355,400,436,483,culex
train_09773.jpeg,1777,2259,649,772,1045,1265,albopictus
train_09774.jpeg,2448,3264,761,1299,1424,2265,albopictus
train_09775.jpeg,4608,2080,1792,546,2262,1177,albopictus
train_09777.jpeg,1960,4032,500,1155,1257,2139,albopictus
train_09779.jpeg,3024,4032,1245,2105,2406,3196,japonicus-koreicus
train_09780.jpeg,1024,2221,366,899,588,1132,albopictus
train_09786.jpeg,1476,917,533,267,1018,633,albopictus
train_09800.jpeg,3024,4032,1467,1861,2057,2542,albopictus
train_09801.jpeg,960,1280,362,470,533,625,albopictus
train_09805.jpeg,850,893,204,312,654,575,albopictus
train_09806.jpeg,3024,4032,571,2266,1072,2976,albopictus
train_09828.jpeg,768,1024,314,421,411,512,culex
train_09829.jpeg,3072,4080,798,633,2520,2596,culex
train_09834.jpeg,3000,4000,898,1319,2130,2290,culex
train_09835.jpeg,2634,2144,728,310,1046,661,albopictus
train_09840.jpeg,483,1024,138,446,272,584,culex
train_09842.jpeg,1024,1365,399,645,579,832,culex
train_09846.jpeg,1512,2016,652,748,940,986,japonicus-koreicus
train_09847.jpeg,2592,1944,927,155,2437,1331,culex
train_09856.jpeg,620,901,145,228,428,467,albopictus
train_09863.jpeg,598,553,132,212,392,439,albopictus
train_09864.jpeg,768,1024,218,585,314,713,culex
train_09870.jpeg,2368,5120,64,404,2347,4956,albopictus
train_09871.jpeg,869,994,330,365,659,645,culex
train_09879.jpeg,768,1024,289,430,501,658,culex
train_09885.jpeg,2136,4624,726,1732,1224,2199,albopictus
train_09889.jpeg,1536,2048,447,721,905,1162,culex
train_09895.jpeg,3000,4000,609,1347,1784,2402,culex
train_09898.jpeg,1932,2576,641,1687,1107,2181,culex
train_09911.jpeg,3456,4608,1632,2025,2155,2648,albopictus
train_09915.jpeg,768,1024,331,707,420,784,culex
train_09924.jpeg,3000,4000,805,1383,2082,2181,culex
train_09925.jpeg,1242,2208,442,965,732,1394,albopictus
train_09928.jpeg,2248,4000,520,1018,1343,1879,albopictus
train_09929.jpeg,1024,1365,405,431,610,820,culex
train_09937.jpeg,1024,1820,46,764,358,985,culex
train_09940.jpeg,3024,4032,1091,1834,1495,2321,culex
train_09941.jpeg,908,2016,0,396,908,1207,albopictus
train_09942.jpeg,768,1024,290,551,489,689,culex
train_09947.jpeg,2448,3264,604,1604,937,1985,albopictus
train_09949.jpeg,1052,1402,222,442,720,900,albopictus
train_09970.jpeg,1080,1401,125,332,989,945,albopictus
train_09972.jpeg,1600,1200,499,317,1261,1102,aegypti
train_09976.jpeg,805,1343,219,498,551,854,albopictus
train_09978.jpeg,2448,2448,425,466,1893,1526,albopictus
train_09979.jpeg,682,682,161,118,555,520,albopictus
train_09980.jpeg,1024,1365,325,435,877,950,culex
train_09981.jpeg,3000,4000,835,1298,1994,2415,culex
train_09982.jpeg,3264,2448,1080,567,1761,1196,albopictus
train_09987.jpeg,2604,4624,669,1409,1054,1965,albopictus
train_09988.jpeg,1365,1024,542,419,746,620,culex
train_10005.jpeg,1944,1944,104,191,1762,1493,albopictus
train_10008.jpeg,1600,900,662,109,1466,610,albopictus
train_10010.jpeg,2448,3264,1307,1314,1603,1594,albopictus
train_10011.jpeg,2336,4160,1067,1048,1748,1639,albopictus
train_10018.jpeg,750,1334,36,391,744,1294,albopictus
train_10019.jpeg,3024,4032,764,1540,2178,2235,albopictus
train_10022.jpeg,2340,4160,898,1731,1334,2133,albopictus
train_10024.jpeg,905,1379,178,372,676,922,albopictus
train_10029.jpeg,768,1024,289,458,431,603,culex
train_10030.jpeg,3024,4032,1289,1470,1754,2084,albopictus
train_10031.jpeg,4032,3024,2067,935,2681,1537,albopictus
train_10035.jpeg,2016,1134,876,251,1490,909,culiseta
train_10037.jpeg,556,409,87,139,474,388,albopictus
train_10039.jpeg,822,861,75,194,614,692,albopictus
train_10040.jpeg,4344,5792,1221,2131,3082,4618,albopictus
train_10042.jpeg,4000,3000,428,42,1986,2042,culex
train_10044.jpeg,1018,764,215,91,745,577,albopictus
train_10046.jpeg,3456,3456,1229,791,2731,2352,albopictus
train_10048.jpeg,4608,3456,979,1873,2715,3213,culex
train_10049.jpeg,3000,4000,1278,1910,1827,2275,culex
train_10052.jpeg,5120,3840,1915,1388,2668,2111,japonicus-koreicus
train_10053.jpeg,3120,4160,1336,1663,1808,2137,albopictus
train_10061.jpeg,1024,1365,446,746,705,937,culex
train_10062.jpeg,1074,1482,107,200,950,994,albopictus
train_10068.jpeg,1301,1734,407,750,905,1100,albopictus
train_10072.jpeg,3024,3024,1170,1323,1655,1753,culiseta
train_10078.jpeg,3024,4032,926,1434,1866,2548,culex
train_10083.jpeg,3024,4032,1066,1827,1359,2185,culex
train_10084.jpeg,768,1024,235,546,410,645,albopictus
train_10087.jpeg,3024,3024,934,1056,1918,1764,albopictus
train_10097.jpeg,1908,4032,666,1630,1517,2360,culex
train_10102.jpeg,641,501,116,49,470,433,albopictus
train_10107.jpeg,4000,2250,1015,591,1894,1881,albopictus
train_10115.jpeg,1024,1820,327,783,631,1076,culex
train_10121.jpeg,1024,1820,278,703,463,887,culex
train_10122.jpeg,653,1160,167,421,551,820,albopictus
train_10123.jpeg,2448,3264,905,1785,1430,2094,albopictus
train_10124.jpeg,3024,4032,1029,1758,2046,2515,culex
train_10134.jpeg,1080,2400,72,448,1068,1345,japonicus-koreicus
train_10141.jpeg,1024,1365,343,457,551,687,albopictus
train_10143.jpeg,768,1024,308,433,455,588,culex
train_10145.jpeg,1024,1024,321,194,862,508,culex
train_10147.jpeg,1836,3264,656,1350,1005,1781,culex
train_10153.jpeg,1024,1365,432,738,660,974,culex
train_10162.jpeg,2048,1024,1283,353,1478,708,culex
train_10171.jpeg,1084,968,280,258,625,798,culex
train_10173.jpeg,828,1792,208,946,628,1281,japonicus-koreicus
train_10176.jpeg,1365,1024,206,521,477,738,albopictus
train_10181.jpeg,607,620,115,167,490,468,albopictus
train_10190.jpeg,4000,3000,1423,7,3206,2190,culex
train_10195.jpeg,639,824,102,300,410,614,culex
train_10198.jpeg,1816,4032,384,942,1481,2268,albopictus
train_10199.jpeg,460,1024,148,479,261,665,albopictus
train_10209.jpeg,3024,4032,1524,2254,1853,2532,albopictus
train_10210.jpeg,1125,1216,381,527,702,872,albopictus
train_10211.jpeg,1170,2532,101,694,979,1846,culiseta
train_10214.jpeg,524,932,162,338,325,581,culex
train_10219.jpeg,4032,1816,1737,992,2142,1666,culex
train_10229.jpeg,3096,2559,216,257,3070,2248,culex
train_10232.jpeg,1600,900,481,234,753,589,albopictus
train_10235.jpeg,506,652,92,60,459,578,culex
train_10246.jpeg,1328,1346,425,718,844,1201,culex
train_10247.jpeg,3024,4032,248,329,2885,3528,albopictus
train_10249.jpeg,4032,3024,1473,470,2935,2248,albopictus
train_10251.jpeg,3024,4032,1183,1628,1818,2456,culex
train_10256.jpeg,768,1024,413,502,519,620,culex
train_10263.jpeg,768,1024,397,475,508,567,albopictus
train_10266.jpeg,2386,1793,438,107,2124,1165,albopictus
train_10267.jpeg,4032,3024,564,896,1811,2178,culex
train_10272.jpeg,500,523,148,165,315,398,albopictus
train_10286.jpeg,505,717,183,240,399,479,albopictus
train_10295.jpeg,3024,4032,1379,1727,1590,1915,culex
train_10305.jpeg,2268,4032,750,1482,1350,1949,albopictus
train_10307.jpeg,3024,4032,1459,1389,1826,2062,culex
train_10313.jpeg,1024,1820,434,714,664,928,culex
train_10316.jpeg,2340,4160,1017,1833,1504,2357,albopictus
train_10317.jpeg,1024,1024,156,220,717,827,culex
train_10318.jpeg,768,1024,298,725,430,845,albopictus
train_10319.jpeg,3000,4000,515,1809,1636,2887,culex
train_10320.jpeg,1024,1820,263,628,705,940,culiseta
train_10329.jpeg,768,1024,410,272,515,415,culex
train_10331.jpeg,2976,3968,597,1115,2475,2917,culiseta
train_10341.jpeg,919,1024,299,358,612,661,culex
train_10346.jpeg,3024,4032,1235,1457,1608,1813,culex
train_10352.jpeg,2064,1376,0,139,1344,1253,albopictus
