img_fName,img_w,img_h,bbx_xtl,bbx_ytl,bbx_xbr,bbx_ybr,class_label
train_00000.jpeg,2448,3264,1301,1546,1641,2096,albopictus
train_00004.jpeg,1024,1365,129,231,697,1007,culex
train_00009.jpeg,768,1024,180,140,683,744,albopictus
train_00010.jpeg,3168,4224,630,1516,2560,3087,albopictus
train_00016.jpeg,924,697,236,172,592,528,albopictus
train_00024.jpeg,3000,4000,824,1001,1748,2063,culex
train_00027.jpeg,768,1024,276,457,439,675,culex
train_00034.jpeg,3840,5120,1379,965,3603,3155,albopictus
train_00038.jpeg,1024,1365,210,62,926,1155,culex
train_00041.jpeg,2160,3840,796,1601,1519,2508,albopictus
train_00048.jpeg,2250,4000,908,1759,1292,2260,albopictus
train_00053.jpeg,1024,1024,212,34,823,825,culex
train_00061.jpeg,3024,4032,1508,1753,2129,2305,culex
train_00063.jpeg,4032,3024,2249,1253,2464,1589,culex
train_00064.jpeg,4608,3456,1664,1740,2352,2253,albopictus
train_00065.jpeg,3120,4160,1307,1822,1834,2436,albopictus
train_00072.jpeg,461,346,170,121,269,197,albopictus
train_00080.jpeg,2129,1024,620,299,1191,730,albopictus
train_00084.jpeg,3024,4032,1052,1282,1638,1952,albopictus
train_00085.jpeg,768,1024,304,370,386,499,culex
train_00089.jpeg,3024,4032,954,1784,1456,2337,albopictus
train_00092.jpeg,768,1024,212,507,448,660,culex
train_00095.jpeg,2128,4608,259,535,1964,2920,albopictus
train_00099.jpeg,768,1024,308,537,487,674,albopictus
train_00103.jpeg,1024,1365,479,585,754,853,culex
train_00110.jpeg,768,1024,146,368,656,907,albopictus
train_00113.jpeg,1024,1365,381,330,584,617,culex
train_00114.jpeg,1600,719,737,123,1012,364,culex
train_00123.jpeg,1498,1367,438,397,751,834,albopictus
train_00125.jpeg,2336,4160,1097,2042,1439,2350,albopictus
train_00130.jpeg,2048,1024,861,314,1263,735,culex
train_00131.jpeg,1249,823,117,235,766,667,albopictus
train_00132.jpeg,768,1024,375,546,501,676,albopictus
train_00136.jpeg,768,1024,163,310,376,616,culex
train_00137.jpeg,820,1249,389,570,567,792,albopictus
train_00138.jpeg,3000,4000,520,1459,2669,3633,albopictus
train_00140.jpeg,1800,4000,19,767,1574,3175,culex
train_00144.jpeg,1458,2592,493,1421,843,1792,albopictus
train_00146.jpeg,768,1024,275,503,350,602,albopictus
train_00147.jpeg,3024,4032,749,1688,1853,2646,culex
train_00152.jpeg,3120,4208,1338,2039,1772,2444,albopictus
train_00154.jpeg,1088,1920,325,1389,602,1597,albopictus
train_00158.jpeg,3120,4160,1110,1897,1771,2523,japonicus-koreicus
train_00165.jpeg,3120,4160,1067,1538,2617,3450,albopictus
train_00180.jpeg,3024,4032,916,1720,2202,2928,culex
train_00186.jpeg,1459,1157,284,272,1118,1040,culex
train_00188.jpeg,768,1024,285,455,456,629,culex
train_00191.jpeg,650,986,147,235,555,672,albopictus
train_00198.jpeg,3024,4032,1070,2104,1659,2577,culex
train_00199.jpeg,1536,2048,670,936,1000,1388,culiseta
train_00204.jpeg,3968,2976,1277,1234,1776,1794,albopictus
train_00205.jpeg,1116,1381,135,234,1035,1093,albopictus
train_00208.jpeg,4000,3000,1979,926,2477,1243,albopictus
train_00212.jpeg,900,1600,259,593,506,903,albopictus
train_00215.jpeg,1024,2106,327,938,608,1127,albopictus
train_00216.jpeg,3000,4000,217,812,1587,2315,culex
train_00217.jpeg,616,616,159,170,495,502,albopictus
train_00226.jpeg,3024,4032,1163,1765,2092,2862,albopictus
train_00233.jpeg,768,1024,261,369,473,547,culex
train_00237.jpeg,738,1599,165,656,321,844,culex
train_00241.jpeg,4128,3096,914,1244,2764,2106,albopictus
train_00252.jpeg,3024,4032,912,2392,1939,3351,albopictus
train_00254.jpeg,1569,2048,516,782,737,1039,albopictus
train_00257.jpeg,3456,4608,1246,1716,1966,2689,albopictus
train_00266.jpeg,3024,4032,991,1187,1883,2514,albopictus
train_00269.jpeg,1080,1644,66,466,1036,1265,albopictus
train_00274.jpeg,2448,4080,341,1746,1128,2345,albopictus
train_00275.jpeg,2368,4208,1280,1709,1684,2017,albopictus
train_00285.jpeg,3000,4000,611,1228,1916,2633,culex
train_00286.jpeg,1024,1820,101,266,456,1094,culiseta
train_00294.jpeg,768,1024,230,201,697,616,culex
train_00295.jpeg,3024,4032,1265,1842,2327,2669,albopictus
train_00306.jpeg,1820,1024,807,354,1117,693,culex
train_00311.jpeg,1746,2326,734,1183,1283,1587,culex
train_00314.jpeg,1024,1363,386,635,630,841,albopictus
train_00315.jpeg,768,1024,296,509,436,659,culex
train_00316.jpeg,1080,1354,169,177,807,834,albopictus
train_00317.jpeg,768,1024,356,595,434,685,culex
train_00318.jpeg,1024,1365,155,442,647,1020,culex
train_00319.jpeg,8000,6000,3295,2616,4233,3262,albopictus
train_00327.jpeg,1944,2592,822,1065,1188,1541,culex
train_00346.jpeg,4032,1960,1066,145,2109,891,culiseta
train_00348.jpeg,1024,2163,332,841,595,1152,albopictus
train_00350.jpeg,1920,1080,615,15,1522,1023,albopictus
train_00357.jpeg,2448,3264,871,1811,1269,2219,albopictus
train_00358.jpeg,768,1024,234,246,589,573,culex
train_00362.jpeg,768,1024,405,481,482,563,culex
train_00366.jpeg,1920,2560,859,1084,1294,1335,culex
train_00367.jpeg,4032,2268,1775,970,2148,1470,albopictus
train_00371.jpeg,3024,4032,1034,2027,1313,2404,culex
train_00373.jpeg,4032,1960,2060,183,2645,476,albopictus
train_00381.jpeg,2448,3264,1201,1593,1650,2095,albopictus
train_00386.jpeg,3024,4032,1206,1518,1949,2432,albopictus
train_00388.jpeg,3024,4032,1222,1748,2026,2803,culex
train_00392.jpeg,1160,2576,366,748,807,1228,culex
train_00395.jpeg,3024,4032,741,2622,1712,3453,culex
train_00406.jpeg,718,958,60,188,589,751,albopictus
train_00416.jpeg,1200,1600,504,871,802,1114,culex
train_00418.jpeg,768,1024,137,236,575,649,albopictus
train_00422.jpeg,4248,5664,1706,2412,2389,3175,albopictus
train_00429.jpeg,2736,3648,434,1002,1862,2398,culex
train_00430.jpeg,768,1024,264,342,746,701,albopictus
train_00439.jpeg,3024,4032,1132,1512,1576,2026,culiseta
train_00443.jpeg,3000,4000,958,1203,2141,2804,anopheles
train_00444.jpeg,1317,1426,413,608,707,980,culex
train_00445.jpeg,3120,4160,860,1321,1358,1847,culex
train_00451.jpeg,724,966,109,147,709,918,culiseta
train_00452.jpeg,2250,4000,16,1105,2060,2827,culex
train_00454.jpeg,750,1000,286,424,422,581,albopictus
train_00465.jpeg,1232,1643,397,638,751,939,albopictus
train_00468.jpeg,4032,3024,861,859,3783,2923,culex
train_00469.jpeg,3492,4656,1310,2426,1772,2926,culex
train_00475.jpeg,2128,4608,552,1018,1816,2320,albopictus
train_00481.jpeg,2160,3840,701,1970,1061,2280,culiseta
train_00486.jpeg,3000,4000,462,291,2879,2872,culex
train_00487.jpeg,3000,4000,366,530,2922,2645,culex
train_00494.jpeg,4032,2268,55,479,2104,2190,anopheles
train_00496.jpeg,768,1024,312,461,416,625,culex
train_00499.jpeg,2576,1932,772,690,1385,1285,culex
train_00502.jpeg,3024,4032,978,1835,1603,2473,culex
train_00503.jpeg,1798,2050,360,645,1301,1338,culex
train_00508.jpeg,3024,4032,1185,850,2569,2770,culex
train_00511.jpeg,5248,3936,2128,972,3725,2544,albopictus
train_00512.jpeg,1200,1600,278,521,862,922,culex
train_00513.jpeg,1944,2592,364,656,1431,1886,culex
train_00520.jpeg,2268,4032,907,2383,1350,2834,albopictus
train_00521.jpeg,5120,3840,2325,1486,3151,2121,albopictus
train_00523.jpeg,3024,4032,541,783,2910,3302,culiseta
train_00525.jpeg,1365,1024,439,407,867,871,culex
train_00527.jpeg,3024,4032,1039,1417,2183,2129,culex
train_00528.jpeg,1932,2576,706,1104,1149,1555,albopictus
train_00532.jpeg,768,1024,395,530,531,647,culex
train_00534.jpeg,768,1024,377,462,442,550,albopictus
train_00540.jpeg,1365,1024,390,497,587,736,culex
train_00544.jpeg,3024,4032,1329,2416,1736,2829,culex
train_00548.jpeg,1024,2272,469,1057,694,1259,culex
train_00549.jpeg,768,1024,483,454,558,532,albopictus
train_00550.jpeg,750,1334,236,589,461,830,albopictus
train_00554.jpeg,986,1478,45,465,415,891,albopictus
train_00556.jpeg,3264,1836,1314,757,1739,1243,albopictus
train_00557.jpeg,640,480,245,184,383,290,albopictus
train_00562.jpeg,768,1024,217,543,434,713,culex
train_00580.jpeg,630,800,9,17,523,745,albopictus
train_00586.jpeg,768,1024,172,299,610,751,albopictus
train_00587.jpeg,1022,1283,106,108,924,999,albopictus
train_00597.jpeg,3024,4032,922,1128,2005,2343,culex
train_00601.jpeg,2234,1024,1030,395,1326,613,culex
train_00611.jpeg,1365,1024,522,359,728,607,culex
train_00614.jpeg,2592,1944,972,855,1548,1173,culex
train_00615.jpeg,768,1024,75,242,638,867,japonicus-koreicus
train_00617.jpeg,967,1529,441,720,665,958,albopictus
train_00620.jpeg,3024,4032,1202,1363,2114,3019,albopictus
train_00621.jpeg,768,1024,261,440,414,632,culex
train_00622.jpeg,1024,1365,93,245,924,1043,culex
train_00627.jpeg,1080,1231,302,329,791,896,albopictus
train_00629.jpeg,3000,4000,411,612,1315,1937,culex
train_00656.jpeg,1844,4000,687,1347,1168,1943,culiseta
train_00660.jpeg,768,1024,552,507,746,670,culiseta
train_00662.jpeg,1024,1365,171,157,951,1200,japonicus-koreicus
train_00673.jpeg,3000,4000,868,1488,2466,3116,culiseta
train_00676.jpeg,3024,4032,178,1760,2466,3570,albopictus
train_00694.jpeg,640,1136,50,329,535,716,albopictus
train_00699.jpeg,1024,1365,299,422,890,1111,culex
train_00717.jpeg,3456,4608,1123,1957,2194,3072,albopictus
train_00720.jpeg,3024,4032,1121,1388,2191,2365,culex
train_00723.jpeg,3024,4032,947,1300,2215,2623,culex
train_00726.jpeg,768,1024,178,523,423,780,culex
train_00728.jpeg,1024,1820,449,701,692,969,albopictus
train_00735.jpeg,1024,1024,181,222,914,844,culex
train_00739.jpeg,1600,900,552,258,832,451,albopictus
train_00740.jpeg,1944,2592,119,1045,1488,1957,culex
train_00742.jpeg,1200,1600,329,209,1019,990,culiseta
train_00745.jpeg,4032,2268,1067,89,2967,2240,culiseta
train_00753.jpeg,1299,1331,574,586,968,1003,albopictus
train_00754.jpeg,768,1024,203,290,451,523,albopictus
train_00756.jpeg,1080,2340,351,1377,646,1710,albopictus
train_00758.jpeg,3000,4000,801,311,3000,2936,albopictus
train_00764.jpeg,1365,1024,450,171,1054,724,culex
train_00770.jpeg,2539,1748,603,226,1838,1514,culex
train_00771.jpeg,3024,4032,1340,2433,1833,2861,culex
train_00784.jpeg,2560,1536,1470,687,1866,996,albopictus
train_00784.jpeg,2560,1536,920,581,1113,772,albopictus
train_00785.jpeg,2448,3264,759,1036,2329,2364,albopictus
train_00788.jpeg,768,1024,455,417,539,512,culex
train_00790.jpeg,3024,4032,1291,1688,1910,2188,albopictus
train_00792.jpeg,3024,4032,327,736,2661,3178,culex
train_00796.jpeg,3024,4032,781,1551,1585,2171,culex
train_00803.jpeg,768,1024,289,354,496,630,albopictus
train_00810.jpeg,3000,4000,989,1757,2063,2856,culex
train_00814.jpeg,4032,3024,1875,1104,2522,1784,culiseta
train_00818.jpeg,1024,1365,229,529,417,726,albopictus
train_00822.jpeg,3024,4032,1334,2157,1613,2493,culiseta
train_00827.jpeg,1125,844,395,211,672,625,albopictus
train_00829.jpeg,3840,2160,2490,652,2979,993,albopictus
train_00837.jpeg,1284,2778,358,792,895,1530,japonicus-koreicus
train_00842.jpeg,2576,1932,927,867,1528,1362,culex
train_00847.jpeg,1103,983,348,130,671,592,albopictus
train_00848.jpeg,3024,4032,1254,1913,1872,2462,culex
train_00852.jpeg,2217,1024,962,432,1226,761,culex
train_00855.jpeg,1024,1365,201,543,617,925,culex
train_00859.jpeg,750,810,328,331,445,442,albopictus
train_00865.jpeg,3024,4032,695,577,2557,2795,albopictus
train_00877.jpeg,3000,4000,482,966,2509,2714,albopictus
train_00887.jpeg,3000,4000,1134,1889,1894,2442,culex
train_00888.jpeg,953,908,187,112,858,758,albopictus
train_00892.jpeg,4032,3024,1869,1164,2412,1562,albopictus
train_00893.jpeg,4032,2016,1270,546,1769,964,culex
train_00894.jpeg,1024,2163,109,411,869,1008,culex
train_00896.jpeg,4000,3000,303,642,1053,1258,culex
train_00897.jpeg,2576,1160,1154,451,1630,843,culex
train_00899.jpeg,3024,4032,1225,1948,1920,2769,culiseta
train_00902.jpeg,1836,3264,725,1215,1424,1873,albopictus
train_00903.jpeg,1066,1422,121,386,840,1274,albopictus
train_00904.jpeg,2268,4032,1072,1785,1283,1981,albopictus
train_00910.jpeg,3000,3000,1632,1681,1986,2144,japonicus-koreicus
train_00913.jpeg,3472,4640,1629,2861,2079,3240,albopictus
train_00916.jpeg,3024,4032,1101,1578,1967,2193,culex
train_00922.jpeg,3024,4032,1316,1886,1864,2438,culiseta
train_00929.jpeg,768,1024,314,428,656,676,culex
train_00936.jpeg,768,1024,319,540,403,617,albopictus
train_00937.jpeg,1365,1024,437,385,929,733,culex
train_00944.jpeg,1116,1728,339,1029,575,1272,albopictus
train_00947.jpeg,1920,1920,802,596,1189,970,albopictus
train_00951.jpeg,1506,1351,32,95,1308,1252,albopictus
train_00957.jpeg,1024,1365,436,539,554,665,culex
train_00958.jpeg,1365,1024,698,478,815,618,culex
train_00959.jpeg,3024,4032,722,1155,3024,3956,culex
train_00963.jpeg,4032,3024,1563,1658,1974,2103,culex
train_00964.jpeg,2592,4608,957,2116,1788,2945,culex
train_00969.jpeg,2322,4128,1000,1738,1785,2612,culex
train_00971.jpeg,1024,1367,393,231,628,472,culiseta
train_00973.jpeg,751,794,94,30,651,753,albopictus
train_00974.jpeg,3024,4032,31,732,2265,2651,aegypti
train_00978.jpeg,3024,4032,983,1510,1631,2106,japonicus-koreicus
train_00981.jpeg,3024,4032,643,1082,2354,3002,albopictus
train_00985.jpeg,492,1024,64,199,349,363,culex
train_00988.jpeg,3024,4032,1285,2167,1774,2569,culex
train_00995.jpeg,1309,1750,195,370,1020,1555,culex
train_00998.jpeg,768,1024,255,253,424,423,albopictus
train_01001.jpeg,3024,4032,1642,1595,2149,2089,albopictus
train_01002.jpeg,561,579,148,86,392,461,albopictus
train_01006.jpeg,4032,2268,1350,1193,2473,1966,albopictus
train_01011.jpeg,768,1024,281,371,454,649,culex
train_01014.jpeg,403,830,94,150,327,609,culex
train_01016.jpeg,1024,1365,216,401,641,826,japonicus-koreicus
train_01018.jpeg,768,1024,283,511,394,666,culex
train_01020.jpeg,1024,1818,157,556,796,1447,albopictus
train_01030.jpeg,1365,1024,573,390,778,734,culex
train_01033.jpeg,3024,4032,1161,1203,1777,2015,culex
train_01034.jpeg,548,565,270,292,335,367,albopictus
train_01038.jpeg,3024,4032,544,1270,2204,2883,albopictus
train_01042.jpeg,768,1024,200,714,349,913,albopictus
train_01050.jpeg,768,1024,247,406,580,719,japonicus-koreicus
train_01052.jpeg,1056,961,122,272,996,901,albopictus
train_01061.jpeg,3000,3000,1270,1327,1673,1738,culiseta
train_01063.jpeg,1109,755,282,185,776,511,albopictus
train_01064.jpeg,3024,4032,1277,1694,1855,2497,culiseta
train_01069.jpeg,1024,1365,525,786,636,892,culex
train_01071.jpeg,4896,3672,2072,1133,3477,2438,culex
train_01072.jpeg,1547,1130,550,166,1146,818,japonicus-koreicus
train_01076.jpeg,1932,2576,455,1140,1099,1910,culex
train_01080.jpeg,492,1024,18,117,356,541,culex
train_01086.jpeg,3024,4032,1106,2082,1605,2436,culex
train_01091.jpeg,1024,1365,385,466,719,745,albopictus
train_01094.jpeg,4208,2368,1074,823,1867,1399,albopictus
train_01098.jpeg,768,1024,298,441,425,666,culex
train_01100.jpeg,1200,1600,255,725,843,1304,culiseta
train_01103.jpeg,3024,4032,1367,1826,1745,2376,culex
train_01105.jpeg,772,615,205,110,511,465,albopictus
train_01108.jpeg,4608,3456,2736,1072,3160,1546,culex
train_01114.jpeg,3920,2204,2107,835,2579,1296,albopictus
train_01120.jpeg,720,1280,256,459,396,731,albopictus
train_01121.jpeg,768,1024,294,682,428,825,culex
train_01122.jpeg,2808,5616,1082,1988,2325,4237,albopictus
train_01124.jpeg,3024,4032,981,974,2167,2614,culex
train_01125.jpeg,3024,4032,1082,1033,2129,2312,culex
train_01131.jpeg,768,1024,386,570,477,679,albopictus
train_01136.jpeg,1080,2400,33,615,1051,1656,albopictus
train_01141.jpeg,2619,1798,579,62,1826,1221,albopictus
train_01142.jpeg,3264,1836,1332,718,1878,1286,albopictus
train_01144.jpeg,1200,1600,739,93,1041,562,culex
train_01149.jpeg,768,1024,256,282,418,549,japonicus-koreicus
train_01150.jpeg,3096,4128,1012,843,2570,2195,albopictus
train_01151.jpeg,2976,3968,1323,2346,2188,3227,albopictus
train_01155.jpeg,387,483,47,24,352,430,albopictus
train_01158.jpeg,1600,1600,813,589,1014,789,albopictus
train_01161.jpeg,3024,4032,1128,1350,2608,2677,culex
train_01163.jpeg,2454,2431,587,623,2196,2109,culex
train_01169.jpeg,2000,4000,902,478,1208,806,albopictus
train_01173.jpeg,4032,3024,761,491,3223,2163,aegypti
train_01192.jpeg,3024,4032,978,1547,1979,2527,albopictus
train_01210.jpeg,1080,1659,218,458,899,1313,albopictus
train_01213.jpeg,1200,1600,433,589,650,773,albopictus
train_01218.jpeg,1125,2001,411,617,917,1153,albopictus
train_01222.jpeg,1365,1024,492,284,698,465,culex
train_01225.jpeg,945,2048,285,762,730,1197,culex
train_01227.jpeg,3024,4032,1172,1369,1985,2635,culex
train_01228.jpeg,3024,4032,1106,1751,1772,2307,culex
train_01229.jpeg,400,400,95,137,300,301,albopictus
train_01230.jpeg,3024,4032,328,658,2824,3037,culiseta
train_01231.jpeg,3264,2448,1455,714,2210,1370,albopictus
train_01240.jpeg,2309,1912,723,417,1526,1246,culex
train_01245.jpeg,2060,2061,402,270,1708,1696,albopictus
train_01246.jpeg,1072,1440,272,296,570,569,albopictus
train_01252.jpeg,1458,2592,631,1036,1120,1764,culex
train_01256.jpeg,1024,1365,203,334,877,979,culex
train_01257.jpeg,1024,1365,99,292,945,994,culex
train_01262.jpeg,777,673,292,194,564,416,albopictus
train_01268.jpeg,3000,4000,1339,1572,1868,2308,culex
train_01275.jpeg,1600,1329,598,421,877,614,albopictus
train_01277.jpeg,768,1024,208,254,505,788,albopictus
train_01288.jpeg,3000,4000,625,1367,1567,2739,albopictus
train_01289.jpeg,768,1024,298,509,430,659,culex
train_01290.jpeg,1024,1365,407,725,547,837,albopictus
train_01294.jpeg,1024,1365,218,482,394,689,culex
train_01295.jpeg,768,1024,277,374,359,498,albopictus
train_01298.jpeg,768,1024,313,359,623,594,culex
train_01306.jpeg,768,1024,235,338,434,482,culex
train_01307.jpeg,2448,3264,968,1320,1204,1618,albopictus
train_01309.jpeg,768,1024,374,360,521,555,culex
train_01314.jpeg,3024,4032,1430,2097,1741,2364,albopictus
train_01315.jpeg,3024,4032,136,2022,2960,3857,culiseta
train_01316.jpeg,3024,4032,1268,1501,1761,2410,culex
train_01321.jpeg,768,1024,243,396,539,600,culex
train_01325.jpeg,1944,2592,744,754,1624,1578,albopictus
train_01328.jpeg,877,931,161,337,662,755,culex
train_01333.jpeg,3394,3293,1400,1295,2002,1973,albopictus
train_01334.jpeg,1402,1401,381,293,1072,901,japonicus-koreicus
train_01339.jpeg,1276,936,492,306,824,562,albopictus
train_01341.jpeg,3024,4032,1446,3008,1821,3362,albopictus
train_01343.jpeg,4032,3024,1006,456,2974,2301,albopictus
train_01348.jpeg,1513,1434,423,480,1014,983,albopictus
train_01350.jpeg,1365,1024,306,206,1024,826,culex
train_01357.jpeg,2268,4032,914,1837,1547,2474,culiseta
train_01359.jpeg,779,780,189,138,580,631,culex
train_01377.jpeg,3456,4608,1223,1935,2163,2798,culex
train_01383.jpeg,1024,1365,383,627,547,806,culex
train_01405.jpeg,1024,1365,524,529,648,707,culex
train_01406.jpeg,3000,4000,1389,329,1890,992,culex
train_01407.jpeg,4608,3456,1120,619,3317,2317,culex
train_01409.jpeg,1458,3238,222,1370,1458,2831,culiseta
train_01410.jpeg,1024,1365,384,186,621,367,culex
train_01413.jpeg,1365,1024,788,493,908,668,albopictus
train_01414.jpeg,1160,2576,252,784,670,1369,albopictus
train_01417.jpeg,4032,3024,1723,1666,2325,2008,culex
train_01426.jpeg,3096,4128,194,1001,2079,3038,culex
train_01428.jpeg,1600,1200,733,552,994,832,culex
train_01435.jpeg,1024,1820,305,837,585,1025,culex
train_01442.jpeg,3024,4032,1015,1223,2081,2270,culex
train_01443.jpeg,4608,2128,1878,44,3321,1386,albopictus
train_01445.jpeg,3000,4000,1094,1167,1990,2318,culex
train_01446.jpeg,3024,4032,883,768,2156,2064,albopictus
train_01447.jpeg,1960,4032,0,686,1390,2685,albopictus
train_01452.jpeg,2363,2976,921,1382,1516,1770,albopictus
train_01454.jpeg,3024,4032,1301,1575,1692,2057,albopictus
train_01460.jpeg,768,1024,360,469,458,557,culex
train_01461.jpeg,3024,4032,1242,1590,1617,2115,culex
train_01476.jpeg,4000,1800,1284,498,2486,1314,japonicus-koreicus
train_01479.jpeg,768,1024,74,185,561,730,albopictus
train_01481.jpeg,5616,2808,1799,141,3353,2729,culex
train_01483.jpeg,909,1123,274,479,588,938,culex
train_01488.jpeg,768,1024,189,190,563,589,culex
train_01494.jpeg,1600,1200,57,190,1211,1100,culex
train_01497.jpeg,2988,5312,861,2222,1375,2665,albopictus
train_01502.jpeg,1024,1820,423,554,553,733,culex
train_01504.jpeg,1932,2576,616,1134,1276,2040,culex
train_01506.jpeg,1365,1024,440,349,839,642,culex
train_01508.jpeg,3024,4032,1322,1584,1998,2469,culiseta
train_01511.jpeg,768,1024,209,275,435,524,culex
train_01519.jpeg,3024,4032,827,1758,2171,2765,culex
train_01525.jpeg,768,1024,340,459,486,624,culiseta
train_01528.jpeg,1933,1564,914,640,1324,950,culex
train_01536.jpeg,1600,901,334,309,572,496,culex
train_01539.jpeg,3264,2448,1493,871,2026,1584,albopictus
train_01542.jpeg,768,1024,296,377,436,482,culex
train_01544.jpeg,1024,1365,157,514,830,1037,culex
train_01545.jpeg,3024,4032,886,1134,2347,2302,japonicus-koreicus
train_01546.jpeg,3096,4128,1260,1640,1841,2477,culex
train_01547.jpeg,1024,2106,435,721,653,1029,albopictus
train_01548.jpeg,3000,4000,411,1832,2201,3141,albopictus
train_01552.jpeg,768,1024,292,279,435,382,culex
train_01555.jpeg,935,1541,283,503,674,991,albopictus
train_01562.jpeg,720,1600,273,480,512,743,albopictus
train_01564.jpeg,1600,900,801,368,1097,528,albopictus
train_01567.jpeg,2240,4608,1048,1883,1436,2287,albopictus
train_01581.jpeg,1136,990,233,125,813,749,albopictus
train_01583.jpeg,486,513,133,117,350,463,albopictus
train_01597.jpeg,4160,3120,1716,1409,2225,1801,albopictus
train_01605.jpeg,2448,3264,928,1073,1900,2432,albopictus
train_01606.jpeg,3024,4032,1841,1383,2183,1656,albopictus
train_01611.jpeg,3000,4000,47,686,2825,3140,culex
train_01612.jpeg,5120,3840,1426,524,4056,2567,albopictus
train_01614.jpeg,768,1024,242,185,595,485,culiseta
train_01621.jpeg,3024,4032,1103,1633,2081,2832,culex
train_01629.jpeg,900,1600,457,588,738,868,albopictus
train_01635.jpeg,3096,4128,973,1343,2295,2293,albopictus
train_01642.jpeg,2448,3264,463,1057,2172,2351,albopictus
train_01647.jpeg,3024,4032,482,1044,2402,2804,japonicus-koreicus
train_01649.jpeg,1402,1481,215,146,1187,1410,albopictus
train_01652.jpeg,768,1024,137,447,593,868,culex
train_01658.jpeg,768,1024,228,331,437,604,culex
train_01662.jpeg,1440,2880,35,763,1266,2196,albopictus
train_01668.jpeg,3120,4160,993,819,3051,3113,albopictus
train_01670.jpeg,1330,997,712,230,1104,594,albopictus
train_01672.jpeg,3024,4032,1176,1410,1876,2110,albopictus
train_01675.jpeg,1024,1365,449,628,644,831,culex
train_01676.jpeg,3024,4032,1060,1462,2244,1955,culex
train_01679.jpeg,3000,4000,591,270,2433,2843,albopictus
train_01680.jpeg,901,901,364,334,630,558,albopictus
train_01683.jpeg,1024,1365,254,201,993,1024,albopictus
train_01688.jpeg,2110,1186,643,81,1354,912,albopictus
train_01691.jpeg,3024,4032,1351,2427,1867,2859,albopictus
train_01693.jpeg,1200,1600,321,277,575,454,albopictus
train_01694.jpeg,2448,3264,1028,1495,1529,1974,albopictus
train_01697.jpeg,512,516,85,151,489,444,albopictus
train_01701.jpeg,4000,3000,672,810,2791,1980,japonicus-koreicus
train_01703.jpeg,1024,1365,210,680,573,1100,culex
train_01704.jpeg,3456,4608,1519,2359,2191,2890,culex
train_01705.jpeg,768,1024,381,440,513,555,culex
train_01705.jpeg,768,1024,229,555,369,631,culex
train_01710.jpeg,894,1014,280,308,643,680,albopictus
train_01714.jpeg,3104,1746,948,354,1295,647,albopictus
train_01720.jpeg,3456,4608,35,849,2261,4137,culex
train_01721.jpeg,2560,1440,1109,423,1629,1016,albopictus
train_01722.jpeg,3120,4160,1240,1837,2015,3063,albopictus
train_01725.jpeg,3468,4624,626,1340,2787,3251,albopictus
train_01726.jpeg,768,1024,286,386,403,522,culex
train_01728.jpeg,720,837,140,271,480,580,albopictus
train_01730.jpeg,2448,3264,684,1035,1577,2225,culex
train_01733.jpeg,3024,4032,709,1778,1771,2941,culex
train_01742.jpeg,2592,4608,878,2061,1484,2561,albopictus
train_01749.jpeg,3024,4032,823,1970,1852,3113,albopictus
train_01752.jpeg,5344,3006,2023,1630,3305,2397,albopictus
train_01755.jpeg,1200,1600,558,697,850,972,culex
train_01757.jpeg,1125,1124,526,309,753,574,albopictus
train_01759.jpeg,2000,4000,511,924,1088,1678,culex
train_01769.jpeg,1334,750,517,293,765,597,albopictus
train_01776.jpeg,1440,1920,333,644,709,911,albopictus
train_01779.jpeg,768,1024,231,717,347,861,culex
train_01783.jpeg,3000,4000,1198,1224,1856,1763,culex
train_01785.jpeg,768,1024,172,349,430,638,culex
train_01795.jpeg,1365,1024,583,267,1365,873,culiseta
train_01804.jpeg,1024,1365,393,603,590,750,culex
train_01805.jpeg,3000,4000,1172,2181,1812,2704,albopictus
train_01806.jpeg,4160,3120,1799,1209,2328,1842,culex
train_01814.jpeg,768,1024,297,139,662,507,culex
train_01818.jpeg,1920,2560,999,1148,1598,1650,albopictus
train_01819.jpeg,1024,1365,403,603,594,749,culex
train_01826.jpeg,3456,4608,190,1734,3188,3769,albopictus
train_01830.jpeg,2336,4160,864,2242,1332,2660,culex
train_01838.jpeg,3000,4000,378,1555,1758,2476,albopictus
train_01839.jpeg,2438,1836,354,451,2010,1328,culex
train_01845.jpeg,1242,2208,411,809,829,1156,albopictus
train_01846.jpeg,1024,1820,333,269,629,609,culex
train_01850.jpeg,819,614,221,114,487,362,albopictus
train_01853.jpeg,3264,1836,919,32,2046,1669,albopictus
train_01856.jpeg,3024,4032,1447,2245,1723,2471,albopictus
train_01857.jpeg,768,1024,301,578,621,805,culex
train_01862.jpeg,3024,4032,1537,2086,1944,2574,culex
train_01866.jpeg,4000,3000,1294,514,3391,1880,culex
train_01869.jpeg,768,1024,260,512,415,683,culex
train_01870.jpeg,768,1024,219,125,637,483,albopictus
train_01871.jpeg,768,1024,309,475,502,674,culex
train_01872.jpeg,2448,3264,766,1290,1718,2374,albopictus
train_01881.jpeg,3024,4032,965,1721,1527,2289,albopictus
train_01886.jpeg,1225,1426,252,137,1003,1058,culiseta
train_01891.jpeg,1398,947,431,266,978,849,japonicus-koreicus
train_01895.jpeg,3024,4032,988,1611,1588,2638,albopictus
train_01896.jpeg,3024,4032,689,2179,1777,3212,albopictus
train_01903.jpeg,2576,1932,1576,881,1965,1117,albopictus
train_01904.jpeg,3024,4032,1201,1694,1718,2155,albopictus
train_01907.jpeg,3120,4160,1184,1863,1903,2732,albopictus
train_01912.jpeg,768,1024,252,562,423,704,albopictus
train_01914.jpeg,4624,3472,1019,1662,2222,3013,culex
train_01916.jpeg,2988,3984,1271,1587,1704,2201,albopictus
train_01917.jpeg,1024,2106,632,762,961,1248,culex
train_01924.jpeg,768,1024,285,387,446,618,culex
train_01927.jpeg,3024,4032,1447,1807,1790,2176,culex
train_01929.jpeg,240,320,12,40,180,290,culiseta
train_01930.jpeg,3024,4032,1127,1807,2228,2766,culex
train_01933.jpeg,3264,2448,886,66,2600,2380,albopictus
train_01940.jpeg,3024,4032,1133,1464,1512,1764,albopictus
train_01942.jpeg,1024,1365,327,643,549,824,culex
train_01943.jpeg,1024,1818,395,593,587,795,albopictus
train_01947.jpeg,854,854,193,207,453,523,japonicus-koreicus
train_01948.jpeg,1125,2001,144,454,819,1345,albopictus
train_01952.jpeg,4032,3024,1790,1246,2246,1766,albopictus
train_01956.jpeg,4032,2268,1269,769,2225,1731,albopictus
train_01958.jpeg,3264,2448,1522,763,1984,1354,culex
train_01959.jpeg,554,564,91,29,397,494,culiseta
train_01961.jpeg,768,1024,261,527,384,620,albopictus
train_01963.jpeg,2268,4032,705,1640,912,1892,culex
train_01966.jpeg,1024,1365,490,632,624,806,culex
train_01969.jpeg,1303,1302,422,398,959,901,albopictus
train_01970.jpeg,1600,1200,855,288,1101,457,albopictus
train_01971.jpeg,1489,1495,565,470,840,1064,culex
train_01982.jpeg,2736,3648,789,1901,1456,2667,albopictus
train_01984.jpeg,768,1024,247,471,390,589,culex
train_01985.jpeg,1024,1365,311,777,528,943,culex
train_01994.jpeg,745,697,120,127,587,545,culex
train_02004.jpeg,1218,1301,326,290,1003,971,culex
train_02011.jpeg,4000,2250,1212,702,2282,1520,albopictus
train_02012.jpeg,1800,4000,212,795,1601,1804,albopictus
train_02027.jpeg,768,1024,205,486,459,707,culex
train_02032.jpeg,768,1024,323,416,451,522,culex
train_02036.jpeg,4248,5664,1771,2232,2500,2730,albopictus
train_02040.jpeg,848,1391,311,695,465,856,albopictus
train_02041.jpeg,1536,1152,583,404,808,642,albopictus
train_02044.jpeg,540,960,73,274,524,646,albopictus
train_02052.jpeg,2106,1759,714,494,1605,1692,albopictus
train_02054.jpeg,3024,4032,895,1877,1443,2330,culex
train_02055.jpeg,3000,4000,764,1239,2042,2484,culex
train_02056.jpeg,3024,4032,1688,1411,2400,2267,albopictus
train_02065.jpeg,5120,3840,594,727,4434,3260,culiseta
train_02066.jpeg,768,1024,84,502,213,679,culex
train_02067.jpeg,1800,4000,336,1086,1384,2546,japonicus-koreicus
train_02073.jpeg,3264,2448,759,842,1734,2008,albopictus
train_02082.jpeg,765,1024,367,462,476,612,culex
train_02084.jpeg,3024,4032,1067,1697,1731,2327,culiseta
train_02085.jpeg,1200,1600,95,569,758,910,albopictus
train_02095.jpeg,900,1600,97,464,683,1087,albopictus
train_02097.jpeg,1946,1328,201,81,1592,1280,aegypti
train_02099.jpeg,877,877,373,180,657,486,albopictus
train_02100.jpeg,1365,1024,328,408,432,550,culex
train_02101.jpeg,1800,4000,965,1270,1345,1630,culex
train_02102.jpeg,768,1024,125,421,570,784,culex
train_02106.jpeg,1365,1024,549,289,1077,789,culex
train_02108.jpeg,3024,4032,813,979,1914,2909,albopictus
train_02113.jpeg,1365,1024,651,440,766,529,albopictus
train_02118.jpeg,1200,1600,263,550,923,1147,albopictus
train_02127.jpeg,3024,4032,555,1520,2050,2711,culex
train_02132.jpeg,1152,2560,154,789,876,1422,anopheles
train_02134.jpeg,1024,1365,76,345,840,770,culiseta
train_02139.jpeg,946,1075,233,142,645,927,culiseta
train_02145.jpeg,768,1024,316,441,436,562,culex
train_02148.jpeg,3000,4000,1270,1818,1577,2224,culex
train_02152.jpeg,1365,1024,399,444,841,674,culex
train_02156.jpeg,3000,4000,1342,1523,1819,2083,culex
train_02157.jpeg,3648,2736,1469,900,1778,1230,albopictus
train_02158.jpeg,4224,3168,2274,988,3008,1605,albopictus
train_02160.jpeg,2448,3264,901,1753,1335,2176,culex
train_02166.jpeg,4032,3024,2087,812,2652,1386,albopictus
train_02171.jpeg,768,1024,348,571,504,731,albopictus
train_02176.jpeg,3024,4032,790,1442,1658,1943,culex
train_02178.jpeg,3024,4032,1152,1746,1521,2383,albopictus
train_02184.jpeg,3384,6016,1145,2236,2417,3614,albopictus
train_02187.jpeg,2250,4000,788,1784,1480,2320,albopictus
train_02190.jpeg,952,1024,346,299,752,671,albopictus
train_02197.jpeg,1600,900,494,267,806,640,culex
train_02198.jpeg,2016,4032,800,1780,1254,2163,culex
train_02206.jpeg,1080,1920,268,698,825,1045,albopictus
train_02209.jpeg,1024,2106,143,737,656,1351,culex
train_02212.jpeg,3000,4000,1173,1390,2470,2908,albopictus
train_02214.jpeg,4608,3456,2285,1229,3023,2108,albopictus
train_02217.jpeg,768,1024,259,425,600,688,culex
train_02220.jpeg,3000,3000,725,1075,2089,1954,culex
train_02221.jpeg,1024,1365,474,432,643,576,culex
train_02237.jpeg,1365,1024,728,431,902,561,culex
train_02240.jpeg,1365,1024,327,357,846,749,japonicus-koreicus
train_02247.jpeg,768,1024,359,326,516,437,culex
train_02250.jpeg,2255,2469,660,759,1620,1849,culex
train_02252.jpeg,985,986,208,160,705,620,culex
train_02254.jpeg,2448,3264,998,1488,1559,2432,culex
train_02255.jpeg,768,1024,247,384,518,634,culex
train_02260.jpeg,4032,3024,892,710,2431,2233,culiseta
train_02264.jpeg,1080,989,264,279,760,721,albopictus
train_02268.jpeg,1365,1024,684,567,791,661,culex
train_02272.jpeg,587,588,235,240,328,346,albopictus
train_02275.jpeg,4032,3024,386,1231,1645,2323,culex
train_02282.jpeg,2988,5312,678,1653,1495,2522,japonicus-koreicus
train_02283.jpeg,3024,4032,798,1040,2655,3046,aegypti
train_02284.jpeg,1024,1365,269,401,758,978,culex
train_02291.jpeg,821,821,203,267,468,563,albopictus
train_02297.jpeg,1024,1365,269,417,739,1221,culex
train_02304.jpeg,1824,4000,746,1226,1083,1645,culex
train_02313.jpeg,1024,1365,390,455,787,841,culex
train_02314.jpeg,3000,4000,943,1367,1720,1981,culiseta
train_02316.jpeg,3024,4032,1702,1964,2044,2203,culex
train_02317.jpeg,2448,3264,1074,1310,1372,1685,albopictus
train_02321.jpeg,1816,4032,672,1966,1115,2359,culex
train_02322.jpeg,3120,4160,709,2066,1394,2767,albopictus
train_02323.jpeg,1219,759,296,162,759,463,culex
train_02325.jpeg,4032,3024,1670,917,2279,1396,culex
train_02326.jpeg,3456,4608,1147,1566,2740,3324,culex
train_02331.jpeg,768,1024,314,373,482,535,culex
train_02335.jpeg,2006,4128,676,1928,1117,2371,culex
train_02340.jpeg,1024,1024,146,79,718,848,albopictus
train_02344.jpeg,2396,2935,1061,1297,1469,1760,culex
train_02347.jpeg,1160,2576,437,1472,654,1643,culex
train_02350.jpeg,1334,1000,253,251,859,818,albopictus
train_02353.jpeg,2988,5312,1424,2661,1981,3148,albopictus
train_02354.jpeg,4160,2340,1756,1114,2089,1337,albopictus
train_02357.jpeg,768,1024,368,500,447,616,culex
train_02361.jpeg,3024,4032,1187,2228,1592,2890,albopictus
train_02363.jpeg,1394,950,332,415,806,698,culex
train_02365.jpeg,3024,4032,144,1347,1511,2464,culex
train_02367.jpeg,1600,1200,386,274,1108,902,culiseta
train_02368.jpeg,768,1024,466,370,573,511,culex
train_02369.jpeg,3264,2448,1223,992,1718,1411,albopictus
train_02371.jpeg,3006,5344,403,2262,1761,3579,albopictus
train_02375.jpeg,1200,1600,303,643,791,1105,albopictus
train_02376.jpeg,2736,3648,839,1897,1717,2788,culex
train_02384.jpeg,2250,4000,878,1674,1261,2125,culex
train_02388.jpeg,1024,1820,474,916,603,1058,albopictus
train_02389.jpeg,2107,1024,362,28,1495,657,culex
train_02392.jpeg,4032,1960,1755,546,2107,924,japonicus-koreicus
train_02393.jpeg,2068,2000,135,495,1961,1797,culex
train_02394.jpeg,618,1037,78,326,359,682,culex
train_02396.jpeg,4160,3120,2007,1333,2291,1629,albopictus
train_02400.jpeg,3024,4032,1122,1518,1698,2084,albopictus
train_02402.jpeg,1024,1820,318,635,581,944,culex
train_02419.jpeg,3456,4608,522,1023,1222,1773,japonicus-koreicus
train_02420.jpeg,3024,4032,1345,1797,2014,2376,culex
train_02424.jpeg,768,1024,429,562,539,671,culex
train_02425.jpeg,1024,1365,307,750,505,951,culex
train_02426.jpeg,2736,4864,993,1954,1640,2776,albopictus
train_02427.jpeg,4160,2340,1315,858,2450,1711,albopictus
train_02428.jpeg,1024,1365,387,454,954,835,culex
train_02433.jpeg,900,1600,252,677,508,892,culex
train_02434.jpeg,902,865,251,262,651,680,japonicus-koreicus
train_02442.jpeg,1873,962,757,416,1089,831,culex
train_02447.jpeg,1365,1024,448,205,930,744,japonicus-koreicus
train_02459.jpeg,768,1024,184,403,398,681,culex
train_02461.jpeg,2106,1024,521,58,1577,982,culex
train_02467.jpeg,3024,4032,312,445,2771,3576,culiseta
train_02472.jpeg,1024,2272,318,730,461,876,albopictus
train_02473.jpeg,1200,1600,440,741,622,977,albopictus
train_02474.jpeg,3024,4032,1161,1595,2141,2640,albopictus
train_02475.jpeg,768,1024,138,286,568,829,albopictus
train_02484.jpeg,706,706,224,130,438,379,albopictus
train_02487.jpeg,3264,2448,1125,733,1924,1724,albopictus
train_02491.jpeg,3000,4000,1459,2091,2267,2782,albopictus
train_02500.jpeg,768,1024,328,350,569,558,culex
train_02512.jpeg,1960,4032,738,1680,1331,2242,culiseta
train_02513.jpeg,3024,4032,703,944,1943,1992,culex
train_02521.jpeg,720,1600,344,626,496,855,albopictus
train_02531.jpeg,320,480,53,190,173,305,albopictus
train_02535.jpeg,1024,1365,60,403,631,1094,culex
train_02537.jpeg,3024,4032,1295,1720,1663,2073,japonicus-koreicus
train_02541.jpeg,2417,3099,960,1411,1204,1715,culex
train_02547.jpeg,2448,2448,1087,870,1728,1276,albopictus
train_02549.jpeg,1024,1820,502,821,826,1220,culex
train_02554.jpeg,1365,1024,580,390,732,538,culex
train_02560.jpeg,616,634,315,214,553,472,albopictus
train_02563.jpeg,3024,4032,1293,1768,1606,2189,albopictus
train_02564.jpeg,768,1024,288,354,565,610,culex
train_02568.jpeg,2129,1024,714,396,1076,647,culex
train_02575.jpeg,1024,1365,107,529,626,909,culex
train_02581.jpeg,1172,1562,366,586,814,1022,culex
train_02582.jpeg,1024,1820,233,533,413,674,anopheles
train_02585.jpeg,768,1024,281,402,418,545,culiseta
train_02590.jpeg,1365,1024,550,386,788,607,culiseta
train_02592.jpeg,768,1024,176,382,386,636,culex
train_02593.jpeg,768,1024,96,292,702,762,albopictus
train_02598.jpeg,1080,1920,163,956,589,1363,albopictus
train_02599.jpeg,1024,1365,75,174,812,700,culex
train_02600.jpeg,3024,4032,1079,829,2594,2658,culex
train_02602.jpeg,859,860,292,330,477,498,albopictus
train_02610.jpeg,3000,4000,60,1164,2806,3576,culiseta
train_02615.jpeg,2592,1936,975,757,1549,1301,albopictus
train_02622.jpeg,768,1024,258,550,529,804,culex
train_02632.jpeg,1816,4032,786,1605,1413,2171,albopictus
train_02634.jpeg,1908,4032,625,1331,964,1730,culex
train_02637.jpeg,483,1024,172,455,245,534,culex
train_02640.jpeg,1932,2576,803,654,1304,1371,culex
train_02645.jpeg,797,797,205,272,546,489,culex
train_02646.jpeg,1024,1365,625,823,831,1047,culex
train_02648.jpeg,960,1280,431,600,515,693,albopictus
train_02649.jpeg,3024,4032,556,1659,1758,3041,culiseta
train_02660.jpeg,3000,4000,215,885,1451,2526,albopictus
train_02667.jpeg,2976,3968,1595,2163,2514,3224,albopictus
train_02673.jpeg,1908,4032,471,1637,1143,2295,culiseta
train_02681.jpeg,3264,2448,1398,1057,1606,1269,albopictus
train_02682.jpeg,908,904,293,116,603,516,culex
train_02686.jpeg,3000,4000,249,55,2980,3243,culex
train_02688.jpeg,1200,1600,211,206,554,903,albopictus
train_02694.jpeg,2988,3984,1195,1955,1772,2329,albopictus
train_02698.jpeg,3000,4000,819,1346,1697,2745,culex
train_02707.jpeg,3024,4032,415,498,1644,2415,japonicus-koreicus
train_02713.jpeg,2448,3264,1031,1403,1579,1846,albopictus
train_02714.jpeg,900,1600,425,321,612,502,albopictus
train_02716.jpeg,1072,1553,387,890,606,1122,albopictus
train_02718.jpeg,3000,4000,757,2415,1227,2819,culex
train_02722.jpeg,1296,972,498,360,685,583,albopictus
train_02724.jpeg,1080,1920,489,1099,598,1238,culex
train_02728.jpeg,1201,2048,604,1016,749,1149,albopictus
train_02731.jpeg,1187,1600,391,625,914,929,culex
train_02738.jpeg,636,721,18,41,635,713,japonicus-koreicus
train_02742.jpeg,4608,3456,1004,593,3233,2394,culex
train_02743.jpeg,1200,1599,537,872,781,1065,albopictus
train_02744.jpeg,1800,4000,778,1669,1066,1931,albopictus
train_02750.jpeg,3456,4608,915,2086,2274,3125,japonicus-koreicus
train_02760.jpeg,3024,4032,1448,1479,1916,2183,culex
train_02762.jpeg,1080,2400,68,954,959,1483,albopictus
train_02765.jpeg,1024,1820,205,394,657,932,albopictus
train_02768.jpeg,4000,3000,426,284,3451,2132,culex
train_02771.jpeg,854,1012,305,371,526,729,culex
train_02773.jpeg,5184,3888,2093,369,3470,2290,albopictus
train_02780.jpeg,4160,2336,1611,641,2351,1283,albopictus
train_02786.jpeg,3024,4032,915,1321,2273,2833,culex
train_02789.jpeg,3104,1746,1268,826,1580,1090,albopictus
train_02792.jpeg,3024,4032,1305,1574,1683,1909,albopictus
train_02796.jpeg,2340,4160,902,1405,1411,2008,albopictus
train_02800.jpeg,768,1024,293,216,521,631,culex
train_02801.jpeg,768,1024,328,435,438,622,anopheles
train_02803.jpeg,1024,1365,375,665,598,857,culex
train_02805.jpeg,768,1024,364,640,430,726,albopictus
train_02808.jpeg,4032,1860,1525,539,1950,849,albopictus
train_02811.jpeg,1920,1440,911,574,1111,770,culex
train_02815.jpeg,1365,1024,463,343,691,475,culex
train_02821.jpeg,3024,4032,1077,1673,1627,2303,culex
train_02822.jpeg,1844,4000,631,1734,1229,2341,culex
train_02823.jpeg,1024,1820,325,761,486,909,culex
train_02826.jpeg,1920,2560,546,580,1023,1151,albopictus
train_02834.jpeg,768,1024,304,463,485,650,culex
train_02839.jpeg,768,1024,204,436,379,652,culex
train_02841.jpeg,2268,4032,1084,1695,1465,2036,albopictus
train_02844.jpeg,3120,4160,1472,2149,1965,2623,japonicus-koreicus
train_02849.jpeg,900,1600,497,434,736,636,albopictus
train_02851.jpeg,5312,2988,2274,1312,3020,1942,albopictus
train_02852.jpeg,768,1024,266,479,404,701,culiseta
train_02853.jpeg,500,700,79,138,409,623,albopictus
train_02857.jpeg,2448,3264,839,1760,1294,2128,albopictus
train_02860.jpeg,1960,4032,830,2056,1029,2324,albopictus
train_02863.jpeg,797,887,167,105,792,684,culiseta
train_02874.jpeg,3483,5731,1424,2481,2048,3544,albopictus
train_02876.jpeg,3024,4032,1414,1284,2153,2760,culex
train_02884.jpeg,2257,1758,890,648,1180,909,albopictus
train_02885.jpeg,768,1024,353,495,441,591,albopictus
train_02889.jpeg,1024,1365,408,675,643,887,culex
train_02891.jpeg,1024,1365,439,582,552,676,culex
train_02893.jpeg,2976,3968,1104,1597,1944,2415,albopictus
train_02897.jpeg,1115,1301,158,244,1004,1157,albopictus
train_02898.jpeg,2048,1536,246,383,1517,1173,culex
train_02900.jpeg,628,837,14,161,545,731,japonicus-koreicus
train_02903.jpeg,3000,4000,791,1984,1829,2925,culex
train_02904.jpeg,3024,4032,1398,2111,1773,2417,albopictus
train_02905.jpeg,768,1024,308,422,487,584,culex
train_02910.jpeg,3024,4032,934,1403,1913,2464,culex
train_02914.jpeg,2268,4032,564,1012,2015,2606,culex
train_02915.jpeg,3264,2448,1096,944,2072,2073,albopictus
train_02918.jpeg,1024,1365,366,504,593,754,culex
train_02924.jpeg,4160,3120,1973,953,2514,1937,albopictus
train_02927.jpeg,3024,4032,1072,1847,1491,2379,culex
train_02929.jpeg,3000,4000,340,1631,2342,3105,culex
train_02934.jpeg,858,730,159,109,679,638,culex
train_02935.jpeg,3000,4000,915,1808,1858,2783,culex
train_02936.jpeg,2992,4000,1227,2446,2037,3348,culex
train_02941.jpeg,768,1024,198,454,454,648,culex
train_02942.jpeg,1355,1299,405,276,1074,879,culiseta
train_02949.jpeg,4608,3456,1661,1289,2630,2719,culex
train_02959.jpeg,1024,1365,596,640,841,960,culex
train_02960.jpeg,1908,4032,673,1566,1279,2293,culex
train_02962.jpeg,1960,4032,51,164,1960,3370,albopictus
train_02963.jpeg,3024,4032,989,1909,1351,2275,albopictus
train_02967.jpeg,768,1024,162,645,255,735,culex
train_02968.jpeg,1810,1556,826,588,1144,896,albopictus
train_02971.jpeg,4032,2268,1965,1046,2201,1269,culex
train_02977.jpeg,1452,1452,522,585,843,914,culex
train_02984.jpeg,2268,4032,753,1664,1244,2188,culex
train_02988.jpeg,2976,3968,627,1485,1438,2410,albopictus
train_02989.jpeg,1304,1344,454,422,833,927,albopictus
train_02995.jpeg,4032,2268,1729,743,2222,1203,albopictus
train_02998.jpeg,1406,1819,237,60,1406,1496,albopictus
train_03000.jpeg,3024,4032,1195,1654,1870,2219,albopictus
train_03014.jpeg,933,1210,221,233,719,884,culiseta
train_03020.jpeg,4608,3456,2168,1780,3407,2668,albopictus
train_03021.jpeg,1365,1024,635,335,816,619,albopictus
train_03026.jpeg,3120,4160,537,1539,1502,2537,albopictus
train_03033.jpeg,663,591,104,166,396,404,albopictus
train_03039.jpeg,4032,1816,1411,195,2587,1303,culex
train_03046.jpeg,3024,4032,626,1979,2123,2956,culex
train_03053.jpeg,3024,4032,1098,2039,1380,2339,culex
train_03059.jpeg,2448,3264,363,901,1014,1383,albopictus
train_03063.jpeg,768,1024,298,503,416,603,anopheles
train_03067.jpeg,2448,3264,840,1130,1250,1847,culex
train_03075.jpeg,1024,1365,331,288,900,773,culex
train_03077.jpeg,3096,4128,982,2745,1634,3467,albopictus
train_03099.jpeg,3024,2804,987,905,1917,1943,culex
train_03102.jpeg,3000,3000,346,151,2724,2750,albopictus
train_03104.jpeg,524,560,95,84,419,420,albopictus
train_03105.jpeg,4160,3120,1003,1525,1608,2190,culex
train_03109.jpeg,3000,4000,1003,1228,1742,1787,culex
train_03115.jpeg,3024,4032,1326,2092,1679,2384,japonicus-koreicus
train_03116.jpeg,768,1024,295,613,458,767,culex
train_03123.jpeg,783,1044,197,363,650,805,culex
train_03125.jpeg,2604,3280,966,875,2103,2256,culex
train_03126.jpeg,1848,4000,476,1633,890,2198,albopictus
train_03127.jpeg,3000,4000,1145,2389,1521,2793,albopictus
train_03139.jpeg,604,543,73,90,530,472,culex
train_03140.jpeg,768,1024,351,483,466,610,albopictus
train_03142.jpeg,4160,3120,2669,1657,3047,2047,albopictus
train_03144.jpeg,357,540,65,39,343,405,culex
train_03146.jpeg,3000,4000,539,85,2272,3829,culiseta
train_03148.jpeg,4032,1960,603,365,2301,1669,culex
train_03150.jpeg,1024,2272,186,808,800,1303,culex
train_03152.jpeg,768,1024,193,348,327,457,culex
train_03155.jpeg,4032,3024,1241,860,2193,2161,albopictus
train_03157.jpeg,768,1024,184,664,488,864,culex
train_03167.jpeg,3000,4000,1395,1777,1981,2288,culex
train_03168.jpeg,3024,4032,575,1200,1910,2668,culex
train_03171.jpeg,3024,4032,932,1531,1552,2291,culex
train_03176.jpeg,768,1024,279,578,387,649,culex
train_03181.jpeg,1284,2778,387,777,909,1518,albopictus
train_03182.jpeg,3024,4032,629,748,2424,2864,culex
train_03183.jpeg,768,1280,287,443,551,750,albopictus
train_03189.jpeg,502,430,64,91,366,369,albopictus
train_03194.jpeg,1600,1200,523,276,713,425,albopictus
train_03196.jpeg,3024,4032,1551,1852,2196,2381,culiseta
train_03201.jpeg,768,1024,274,406,465,629,albopictus
train_03205.jpeg,2448,3264,568,1304,1366,1958,albopictus
train_03207.jpeg,1024,1820,475,664,736,849,culex
train_03210.jpeg,1365,1024,753,575,957,756,culex
train_03213.jpeg,768,1024,337,448,464,563,culex
train_03215.jpeg,1960,4032,833,2075,1260,2616,albopictus
train_03221.jpeg,1024,1365,311,681,510,951,culex
train_03222.jpeg,503,292,168,20,467,280,culex
train_03227.jpeg,1080,2340,97,709,881,1688,albopictus
train_03228.jpeg,1365,1024,674,469,793,587,culex
train_03230.jpeg,546,970,90,126,470,598,albopictus
train_03242.jpeg,3024,4032,923,2185,1298,2613,albopictus
train_03244.jpeg,1365,1024,543,306,776,501,culex
train_03248.jpeg,3024,4032,925,1796,1623,2265,culiseta
train_03250.jpeg,750,1334,133,502,709,1015,albopictus
train_03259.jpeg,2107,1024,878,363,1121,636,japonicus-koreicus
train_03260.jpeg,1024,1365,371,587,708,954,culex
train_03263.jpeg,1192,1422,447,608,878,967,albopictus
train_03267.jpeg,4608,2240,2253,867,2772,1692,culex
train_03268.jpeg,2304,4096,927,1870,1292,2245,albopictus
train_03281.jpeg,3072,4080,646,1586,2624,3044,culex
train_03282.jpeg,1200,1600,489,573,771,898,culex
train_03289.jpeg,1024,1365,140,87,756,894,albopictus
train_03291.jpeg,1809,2413,956,1833,1334,2273,albopictus
train_03299.jpeg,3024,4032,1678,1695,2007,2184,culex
train_03302.jpeg,4128,3096,2272,1053,2603,1623,albopictus
train_03304.jpeg,926,925,368,258,638,456,albopictus
train_03308.jpeg,1166,2592,330,851,880,1593,culex
train_03309.jpeg,3024,4032,314,1153,1901,2566,culex
train_03310.jpeg,1024,1365,341,624,560,772,culex
train_03311.jpeg,3024,4032,1338,1923,1685,2233,albopictus
train_03315.jpeg,3096,4128,965,1327,2129,2402,albopictus
train_03325.jpeg,3024,4032,712,1367,1938,2962,culex
train_03339.jpeg,1024,1365,60,98,882,1198,culex
train_03343.jpeg,2448,3264,405,678,1603,2289,culiseta
train_03351.jpeg,768,1024,277,301,383,458,culex
train_03355.jpeg,4000,3000,955,121,2741,2324,culex
train_03356.jpeg,1168,2592,371,1087,834,1836,japonicus-koreicus
train_03360.jpeg,1517,1600,599,588,887,1035,albopictus
train_03366.jpeg,1500,2000,511,846,822,1150,culex
train_03367.jpeg,3456,4608,1602,1255,2101,2128,culex
train_03375.jpeg,1932,2576,653,782,1397,1383,culex
train_03376.jpeg,3024,4032,846,1989,1224,2314,albopictus
train_03377.jpeg,3024,4032,219,1031,2470,2921,aegypti
train_03379.jpeg,901,1600,399,739,517,878,albopictus
train_03380.jpeg,768,1024,268,678,374,810,culex
train_03381.jpeg,828,1792,0,605,807,1441,japonicus-koreicus
train_03382.jpeg,3024,4032,1297,1841,1823,2494,culex
train_03383.jpeg,571,571,185,120,499,363,albopictus
train_03388.jpeg,768,1024,345,408,454,559,culex
train_03397.jpeg,3024,4032,848,2009,1311,2790,albopictus
train_03400.jpeg,640,1136,67,157,594,963,albopictus
train_03401.jpeg,4160,3120,746,475,3301,2782,culex
train_03407.jpeg,1820,1024,944,290,1228,578,culex
train_03414.jpeg,1393,1145,204,150,1179,958,albopictus
train_03415.jpeg,1458,2592,266,993,890,1770,albopictus
train_03418.jpeg,575,851,218,431,365,585,albopictus
train_03420.jpeg,3472,4624,859,1650,3373,4254,albopictus
train_03423.jpeg,1024,1365,280,746,578,1071,culex
train_03424.jpeg,1770,1664,708,618,966,991,albopictus
train_03425.jpeg,3000,4000,649,1333,1777,3312,japonicus-koreicus
train_03427.jpeg,768,1024,279,247,515,618,culex
train_03431.jpeg,2129,1024,460,211,819,542,albopictus
train_03433.jpeg,967,1503,370,528,607,789,culex
train_03434.jpeg,902,902,212,201,732,630,culex
train_03435.jpeg,3264,2448,1371,972,1866,1373,albopictus
train_03436.jpeg,3024,4032,748,1841,1615,2434,culex
train_03442.jpeg,4160,3120,1293,504,3091,2272,albopictus
train_03444.jpeg,2448,3264,787,1327,1868,2100,albopictus
train_03445.jpeg,1024,1365,473,635,644,790,culex
train_03449.jpeg,1600,1200,519,177,1282,1045,albopictus
train_03450.jpeg,2576,1932,812,993,1352,1649,albopictus
train_03451.jpeg,2106,1024,1138,228,1397,433,albopictus
train_03454.jpeg,2448,3264,1036,1381,1364,1656,albopictus
train_03455.jpeg,2160,2160,926,878,1259,1254,albopictus
train_03465.jpeg,768,1024,369,480,507,631,albopictus
train_03474.jpeg,2592,1168,872,200,1637,967,japonicus-koreicus
train_03476.jpeg,768,1024,143,262,593,746,albopictus
train_03477.jpeg,1080,2280,129,623,840,1573,culex
train_03479.jpeg,3024,4032,1358,1496,1656,1791,albopictus
train_03484.jpeg,2448,3264,765,737,2364,2208,albopictus
train_03486.jpeg,768,1024,261,558,394,717,albopictus
train_03490.jpeg,1024,2219,364,1243,511,1536,culex
train_03492.jpeg,1365,1024,596,517,841,684,culex
train_03495.jpeg,1365,1024,387,335,924,671,albopictus
train_03499.jpeg,2592,1944,778,570,1433,1380,japonicus-koreicus
train_03506.jpeg,480,960,35,189,418,775,aegypti
train_03507.jpeg,2448,3264,652,1126,1818,2301,albopictus
train_03513.jpeg,3492,4656,2221,1790,2764,2559,culex
train_03514.jpeg,4000,1844,999,343,2429,1448,culex
train_03520.jpeg,3096,4128,477,419,2628,3767,culiseta
train_03526.jpeg,2592,4608,1078,2654,1633,3208,albopictus
train_03536.jpeg,2976,3968,1286,1501,1994,2519,culex
train_03540.jpeg,4312,5760,1872,1808,2577,2569,albopictus
train_03555.jpeg,4608,3456,2185,1167,2746,1801,culex
train_03556.jpeg,617,617,201,153,481,406,culex
train_03557.jpeg,1474,1089,293,204,1096,1040,albopictus
train_03561.jpeg,4000,1800,1431,65,2875,1613,albopictus
train_03568.jpeg,3024,4032,457,914,1944,2280,albopictus
train_03569.jpeg,2781,1829,859,570,1606,1286,albopictus
train_03570.jpeg,1836,3264,699,1456,1149,1863,albopictus
train_03578.jpeg,4000,3000,1060,804,2934,2076,culex
train_03588.jpeg,768,1024,331,402,488,522,culex
train_03591.jpeg,858,829,292,178,733,641,albopictus
train_03592.jpeg,3024,4032,978,1081,2541,3324,culex
train_03593.jpeg,3456,4608,1141,1733,2179,2807,culiseta
train_03604.jpeg,4128,2322,1776,911,2217,1347,albopictus
train_03605.jpeg,3024,4032,162,954,2163,3825,albopictus
train_03606.jpeg,4032,3024,1511,429,3177,2498,culex
train_03608.jpeg,3456,4608,1926,645,2617,1227,culex
train_03617.jpeg,1365,1024,467,137,900,516,anopheles
train_03619.jpeg,768,1024,380,407,503,559,albopictus
train_03622.jpeg,2336,4160,783,1951,1284,2259,albopictus
train_03628.jpeg,3096,4128,1000,1011,2306,2746,albopictus
train_03629.jpeg,1354,1600,412,730,858,1221,culex
train_03632.jpeg,4032,2016,1160,268,2260,1107,albopictus
train_03643.jpeg,768,1024,139,303,467,635,culex
train_03645.jpeg,2988,5312,1135,2753,1528,3082,albopictus
train_03647.jpeg,3024,4032,1103,1249,2233,2439,albopictus
train_03650.jpeg,1816,4032,357,2319,622,2652,albopictus
train_03651.jpeg,5616,2808,1133,953,2382,2171,albopictus
train_03656.jpeg,900,1600,460,162,626,349,albopictus
train_03659.jpeg,768,1024,175,304,676,680,culex
train_03660.jpeg,1242,2208,18,342,1156,1687,japonicus-koreicus
train_03661.jpeg,768,1024,325,445,431,607,culex
train_03663.jpeg,2250,4000,1004,1921,1423,2299,culex
train_03666.jpeg,3000,4000,519,2049,1595,3015,culex
train_03667.jpeg,3096,4128,1252,2031,1691,2655,albopictus
train_03681.jpeg,1916,1716,857,727,1585,1366,culex
train_03682.jpeg,3000,4000,1004,1194,1910,3106,culex
train_03683.jpeg,2099,2478,720,1329,995,1508,albopictus
train_03685.jpeg,4608,2592,2065,629,3763,2316,culex
train_03689.jpeg,1114,921,296,66,919,659,japonicus-koreicus
train_03690.jpeg,2448,3264,1007,1404,1466,1753,albopictus
train_03694.jpeg,3456,4608,1129,2406,1926,3482,albopictus
train_03696.jpeg,3024,4032,683,1246,1843,2277,albopictus
train_03700.jpeg,483,1024,218,495,288,591,culex
train_03703.jpeg,656,613,60,47,638,586,albopictus
train_03704.jpeg,1024,1820,107,325,829,862,culex
train_03714.jpeg,3264,2448,1415,667,2164,1491,japonicus-koreicus
train_03726.jpeg,768,1024,46,191,632,729,albopictus
train_03732.jpeg,768,1024,328,317,442,477,culiseta
train_03736.jpeg,2448,3264,968,944,1869,1903,albopictus
train_03757.jpeg,768,1024,238,413,424,686,culex
train_03760.jpeg,1440,2560,407,1105,937,1632,albopictus
train_03764.jpeg,768,1024,221,470,541,732,culex
train_03771.jpeg,752,808,263,142,517,588,culex
train_03773.jpeg,1536,2048,236,454,1205,1413,culiseta
train_03782.jpeg,3024,4032,1767,1563,2466,1991,culex
train_03785.jpeg,3024,4032,1300,2026,1826,2597,culex
train_03791.jpeg,2268,4032,1010,1894,1670,2436,culex
train_03794.jpeg,1417,1530,210,435,752,923,culex
train_03796.jpeg,795,795,219,134,458,413,albopictus
train_03804.jpeg,3264,2448,1392,1025,2015,1433,albopictus
train_03811.jpeg,768,1024,181,445,473,688,culex
train_03813.jpeg,2048,1536,756,533,1531,1018,albopictus
train_03822.jpeg,1663,1629,680,591,999,965,culex
train_03825.jpeg,3024,4032,798,1354,1722,2405,culex
train_03828.jpeg,2736,3648,1513,1212,2427,2141,japonicus-koreicus
train_03836.jpeg,3016,4032,942,974,2730,2480,anopheles
train_03837.jpeg,768,1024,411,595,516,705,culex
train_03839.jpeg,1080,1920,310,668,779,1013,culex
train_03840.jpeg,3060,4080,854,257,2569,2831,culex
train_03845.jpeg,1024,2163,295,1148,898,1384,culex
train_03846.jpeg,768,1024,347,450,530,715,culex
train_03851.jpeg,1161,1003,284,48,888,909,culex
train_03858.jpeg,768,1024,275,442,417,564,culex
train_03859.jpeg,3024,4032,1217,2201,1566,2499,albopictus
train_03862.jpeg,925,925,107,68,766,832,albopictus
train_03863.jpeg,2048,1536,867,560,1273,1003,albopictus
train_03864.jpeg,1160,2576,312,856,737,1176,culex
train_03865.jpeg,4000,3000,1036,1162,1534,1640,albopictus
train_03867.jpeg,3060,4080,461,909,2833,3799,culex
train_03879.jpeg,1024,1365,605,610,719,750,culex
train_03883.jpeg,1024,1365,324,527,572,771,culex
train_03888.jpeg,768,1024,338,544,475,694,culex
train_03889.jpeg,4224,3168,1731,698,3544,2307,albopictus
train_03892.jpeg,2268,4032,978,1960,1323,2339,culex
train_03893.jpeg,1024,1820,333,622,493,823,culex
train_03896.jpeg,1264,1157,463,393,898,839,culex
train_03907.jpeg,2322,4128,1209,1453,1617,1930,albopictus
train_03909.jpeg,3024,4032,1373,722,2305,1868,albopictus
train_03914.jpeg,3264,1952,1002,340,2378,1479,albopictus
train_03915.jpeg,3264,2448,1117,843,1569,1242,albopictus
train_03917.jpeg,3096,4128,987,842,1660,1432,culex
train_03918.jpeg,3096,4128,608,1957,2488,3619,albopictus
train_03923.jpeg,4000,3000,1026,959,2413,2532,culiseta
train_03925.jpeg,736,1600,230,904,475,1137,albopictus
train_03927.jpeg,768,1024,280,582,355,661,culex
train_03931.jpeg,3024,4032,1140,1252,1567,1934,albopictus
train_03932.jpeg,1192,841,380,215,675,722,albopictus
train_03934.jpeg,1024,1365,384,519,746,915,aegypti
train_03935.jpeg,3120,4160,1323,1651,1681,2002,albopictus
train_03937.jpeg,3840,5120,1911,3607,2443,4351,culex
train_03939.jpeg,4000,2256,1846,770,2578,1367,japonicus-koreicus
train_03944.jpeg,768,1024,351,264,461,349,albopictus
train_03946.jpeg,762,1125,163,118,672,760,culex
train_03948.jpeg,768,1024,281,221,435,364,albopictus
train_03955.jpeg,1160,2576,187,612,879,1312,culex
train_03956.jpeg,1489,1108,847,509,1285,842,albopictus
train_03961.jpeg,3024,5376,627,1408,2875,3468,japonicus-koreicus
train_03964.jpeg,3024,4032,534,1377,2422,3620,albopictus
train_03965.jpeg,2448,3264,1171,1606,1662,2024,albopictus
train_03967.jpeg,3024,4032,564,1545,1918,2711,culiseta
train_03975.jpeg,904,1600,471,742,876,1006,albopictus
train_03977.jpeg,4128,2322,1110,346,2296,1449,albopictus
train_03981.jpeg,3024,4032,1167,1585,1585,2091,culiseta
train_03983.jpeg,3000,4000,375,319,2914,3171,culex
train_03986.jpeg,2976,3968,935,407,2743,2950,japonicus-koreicus
train_04000.jpeg,1024,1365,213,666,827,1044,japonicus-koreicus
train_04005.jpeg,4032,3024,1730,1246,2180,1759,culex
train_04006.jpeg,2160,3840,998,1967,1650,2703,culex
train_04007.jpeg,3000,4000,869,1012,1488,1552,culiseta
train_04009.jpeg,3000,4000,171,1529,2401,3463,albopictus
train_04012.jpeg,900,1600,292,598,424,789,albopictus
train_04022.jpeg,3000,4000,349,1513,1811,3467,albopictus
train_04023.jpeg,3024,4032,948,1478,1419,2002,albopictus
train_04029.jpeg,1700,1699,624,621,975,1001,albopictus
train_04038.jpeg,3456,4608,837,1364,2074,2365,culex
train_04042.jpeg,2448,3264,1010,1788,1296,2057,albopictus
train_04045.jpeg,3096,4128,799,1517,2168,3028,albopictus
train_04048.jpeg,1944,2592,537,538,1524,1991,japonicus-koreicus
train_04050.jpeg,1218,1474,366,167,954,1278,albopictus
train_04055.jpeg,768,1024,320,463,481,594,culex
train_04065.jpeg,768,1024,73,204,476,704,albopictus
train_04066.jpeg,542,723,89,110,396,604,culex
train_04071.jpeg,768,1024,306,262,627,636,anopheles
train_04072.jpeg,3000,4000,73,571,1893,2385,albopictus
train_04076.jpeg,3024,4032,1368,1682,2330,2530,albopictus
train_04081.jpeg,2448,3264,713,1228,1768,2164,albopictus
train_04082.jpeg,768,1024,25,235,496,636,culex
train_04084.jpeg,2448,3264,628,1061,1564,1975,albopictus
train_04085.jpeg,1024,1365,304,706,608,871,culex
train_04097.jpeg,1005,816,210,52,792,667,culex
train_04098.jpeg,451,601,27,29,329,445,albopictus
train_04100.jpeg,1024,1365,407,603,673,804,albopictus
train_04105.jpeg,1334,750,569,227,808,503,albopictus
train_04106.jpeg,2976,3968,1130,2032,1534,2408,albopictus
train_04113.jpeg,3024,4032,942,1269,2571,2746,culex
train_04114.jpeg,720,1280,77,97,691,961,japonicus-koreicus
train_04120.jpeg,4032,3024,1246,548,3621,2119,albopictus
train_04124.jpeg,768,1024,387,563,505,662,culex
train_04125.jpeg,1182,1576,509,726,585,897,culex
train_04128.jpeg,2736,3648,526,1069,1768,2136,japonicus-koreicus
train_04132.jpeg,1024,1365,134,439,745,913,culex
train_04136.jpeg,961,989,222,253,610,651,albopictus
train_04148.jpeg,469,1024,182,362,263,452,culex
train_04156.jpeg,5120,3840,1571,1361,2901,2420,albopictus
train_04161.jpeg,768,1024,125,571,407,854,culex
train_04169.jpeg,2988,5312,1083,2652,1437,3038,culex
train_04182.jpeg,3120,4160,167,1074,2890,2932,culex
train_04186.jpeg,3456,4608,582,1838,2873,3479,culex
train_04190.jpeg,1024,1365,445,519,615,714,culex
train_04191.jpeg,1600,1200,616,350,1032,834,albopictus
train_04192.jpeg,1024,1820,164,340,753,1285,culex
train_04197.jpeg,3024,4032,1369,1514,2130,2359,albopictus
train_04198.jpeg,4032,3024,1316,1178,2006,1854,culex
train_04201.jpeg,2268,4032,568,1726,1042,2188,culex
train_04202.jpeg,768,1024,186,510,329,650,culex
train_04209.jpeg,371,517,111,164,317,320,albopictus
train_04210.jpeg,1024,1815,240,573,642,981,culex
train_04216.jpeg,1365,1024,538,317,796,495,culex
train_04226.jpeg,1365,1024,691,425,868,547,culex
train_04228.jpeg,2374,1939,571,528,1952,1222,culex
train_04231.jpeg,1024,1365,319,328,790,812,culiseta
train_04233.jpeg,1365,1024,416,559,614,776,culex
train_04237.jpeg,2256,4000,654,1175,1301,2189,culex
train_04239.jpeg,2514,3171,788,720,1707,2109,albopictus
train_04244.jpeg,5616,2808,1864,1214,3001,1891,albopictus
train_04245.jpeg,3024,4032,1251,1752,1702,2501,culex
train_04251.jpeg,3024,4032,342,1218,1922,2224,albopictus
train_04253.jpeg,1944,2592,407,875,1157,1765,albopictus
train_04255.jpeg,768,1024,37,84,759,813,culex
train_04256.jpeg,3024,4032,1116,2348,1585,2885,japonicus-koreicus
train_04257.jpeg,1755,1167,291,146,1612,898,culex
train_04265.jpeg,1277,720,482,217,703,467,albopictus
train_04269.jpeg,3024,4032,321,952,1849,2172,culex
train_04270.jpeg,3456,4608,456,2419,2242,3563,japonicus-koreicus
train_04272.jpeg,1365,1024,137,222,842,821,culex
train_04280.jpeg,3264,2448,1507,1008,1802,1345,albopictus
train_04284.jpeg,768,1024,299,438,506,654,culex
train_04285.jpeg,2448,3264,788,932,1540,1726,albopictus
train_04289.jpeg,3024,4032,147,384,2430,3592,albopictus
train_04290.jpeg,1024,1820,432,776,641,947,culex
train_04299.jpeg,3024,4032,932,1440,1678,2632,albopictus
train_04300.jpeg,3024,4032,696,1529,1992,2937,culex
train_04301.jpeg,3024,4032,1407,2465,1801,2914,albopictus
train_04302.jpeg,3024,3024,347,14,2602,2798,albopictus
train_04303.jpeg,1024,1820,479,974,621,1130,culex
train_04307.jpeg,4608,3456,1379,1539,2695,2534,culiseta
train_04311.jpeg,2268,4032,644,1401,1854,2435,culiseta
train_04315.jpeg,1233,788,368,215,703,611,albopictus
train_04318.jpeg,768,1024,102,51,678,729,culiseta
train_04319.jpeg,768,1024,183,268,509,562,culex
train_04327.jpeg,473,1024,162,371,381,579,culex
train_04332.jpeg,2250,4000,1031,1418,1651,2302,culex
train_04337.jpeg,2492,2790,141,490,2119,2284,albopictus
train_04338.jpeg,2217,1024,635,31,1773,815,culex
train_04339.jpeg,2736,3648,1157,641,2237,1887,albopictus
train_04342.jpeg,768,1024,256,356,546,588,culex
train_04347.jpeg,768,1024,286,461,444,583,culex
train_04348.jpeg,1024,2273,275,725,852,1539,albopictus
train_04350.jpeg,1024,2106,301,1021,603,1233,culex
train_04355.jpeg,1365,1024,536,150,1262,759,culex
train_04361.jpeg,2268,4032,939,1247,1435,1886,albopictus
train_04368.jpeg,3024,4032,527,2140,869,2475,albopictus
train_04368.jpeg,3024,4032,850,1590,1209,1881,albopictus
train_04370.jpeg,1024,2106,189,402,733,895,culex
train_04371.jpeg,648,864,182,200,543,672,culex
train_04375.jpeg,1080,1440,314,312,749,909,culex
train_04382.jpeg,302,403,14,64,279,337,albopictus
train_04390.jpeg,2268,4032,573,963,1549,2343,albopictus
train_04391.jpeg,1168,2592,269,903,786,1551,japonicus-koreicus
train_04395.jpeg,764,1024,367,327,520,513,culiseta
train_04403.jpeg,2448,3264,666,833,1045,1163,albopictus
train_04407.jpeg,768,1024,221,372,400,483,culex
train_04415.jpeg,768,1024,214,273,526,634,culex
train_04424.jpeg,3016,4032,1041,1362,2239,3364,albopictus
train_04425.jpeg,3000,4000,591,1285,2652,3007,culex
train_04429.jpeg,2448,3264,1028,1337,1463,1710,culex
train_04430.jpeg,1024,1365,393,744,645,964,culex
train_04431.jpeg,3024,4032,127,1040,2032,3168,culiseta
train_04434.jpeg,1368,1024,381,117,842,569,culex
train_04436.jpeg,3024,4032,831,1942,1719,3163,albopictus
train_04438.jpeg,1365,1024,478,349,684,494,culex
train_04459.jpeg,2248,4000,1276,2610,1585,2918,albopictus
train_04462.jpeg,1024,1365,377,619,699,872,culiseta
train_04464.jpeg,768,1024,281,396,448,543,culex
train_04467.jpeg,1200,744,386,183,895,621,albopictus
train_04474.jpeg,1166,2592,0,784,973,1996,culex
train_04476.jpeg,330,440,105,70,300,384,albopictus
train_04477.jpeg,1280,1129,121,396,1213,971,culex
train_04478.jpeg,2268,4032,63,431,1588,2459,culex
train_04485.jpeg,3024,4032,1382,1742,1667,2103,culex
train_04488.jpeg,3024,4032,456,881,2566,3006,culiseta
train_04489.jpeg,1200,1600,438,611,593,775,culex
train_04490.jpeg,2128,4608,542,1862,1156,2572,culex
train_04491.jpeg,866,1155,298,514,564,746,albopictus
train_04492.jpeg,3468,4624,825,1914,2597,2994,culiseta
train_04495.jpeg,2448,3264,774,1126,1790,2680,culex
train_04503.jpeg,768,1024,240,550,473,767,culex
train_04506.jpeg,576,1280,132,517,320,729,albopictus
train_04507.jpeg,540,960,161,87,484,532,albopictus
train_04514.jpeg,3024,4032,1080,1293,1492,1924,culex
train_04517.jpeg,1998,1966,766,668,1471,1277,culex
train_04518.jpeg,1024,1365,59,103,891,694,culex
train_04527.jpeg,2448,3264,778,704,2154,2072,albopictus
train_04528.jpeg,768,1024,298,163,738,982,albopictus
train_04529.jpeg,460,1024,95,288,289,478,culex
train_04530.jpeg,3024,4032,1282,1542,1586,1909,culex
train_04531.jpeg,1200,1600,430,533,618,762,albopictus
train_04551.jpeg,577,478,114,90,412,415,albopictus
train_04552.jpeg,2217,1024,1045,97,1605,729,culiseta
train_04554.jpeg,2610,4640,1131,2103,1379,2347,culex
train_04559.jpeg,1820,1024,490,376,1182,873,culex
train_04562.jpeg,5312,2988,2259,871,3881,2274,albopictus
train_04565.jpeg,1908,4032,429,755,1470,1805,albopictus
train_04567.jpeg,1024,1365,149,534,689,971,culex
train_04592.jpeg,3024,4032,688,1797,2189,2688,japonicus-koreicus
train_04595.jpeg,768,1024,205,322,637,730,culex
train_04599.jpeg,3000,4000,954,1338,2027,2587,albopictus
train_04603.jpeg,963,980,312,291,608,649,albopictus
train_04605.jpeg,768,1024,272,342,436,586,culex
train_04607.jpeg,4032,2268,1629,712,2562,1732,culex
train_04608.jpeg,1024,1365,434,562,636,791,culex
train_04609.jpeg,768,1024,260,304,387,500,culex
train_04610.jpeg,3024,4032,1429,1988,1853,2445,albopictus
train_04612.jpeg,2448,3264,970,1313,1726,1999,albopictus
train_04617.jpeg,3000,4000,1148,1230,1580,1620,culex
train_04620.jpeg,2448,3264,969,1771,1290,2183,albopictus
train_04629.jpeg,3456,4608,1589,2216,1989,2667,albopictus
train_04636.jpeg,1456,2592,595,1010,953,1382,albopictus
train_04650.jpeg,923,835,238,64,781,738,albopictus
train_04655.jpeg,3024,4032,981,1513,2622,3115,albopictus
train_04657.jpeg,2448,3264,625,989,1642,2059,albopictus
train_04660.jpeg,3024,4032,1229,2071,1929,2711,albopictus
train_04662.jpeg,1908,4032,503,1504,1313,2545,albopictus
train_04664.jpeg,2736,4864,235,2120,960,2869,albopictus
train_04666.jpeg,1200,1600,501,845,653,1001,culex
train_04685.jpeg,720,1600,45,548,405,844,culex
train_04692.jpeg,3264,1836,1198,680,1570,913,albopictus
train_04702.jpeg,4000,3000,1337,1667,1783,2031,albopictus
train_04721.jpeg,3024,4032,868,1429,2052,2511,albopictus
train_04723.jpeg,2976,3968,1418,2263,2191,3130,japonicus-koreicus
train_04724.jpeg,768,1024,166,156,615,952,culex
train_04728.jpeg,3120,4160,1012,1552,1790,2253,culex
train_04740.jpeg,815,905,77,108,702,746,culex
train_04745.jpeg,4000,3000,1642,897,2484,1685,culex
train_04756.jpeg,2561,1927,1101,674,1624,976,culex
train_04762.jpeg,768,1024,314,469,428,607,culex
train_04763.jpeg,450,417,155,158,290,244,albopictus
train_04767.jpeg,2448,3264,1079,1399,1510,1944,albopictus
train_04768.jpeg,1600,1200,640,367,977,692,culex
train_04782.jpeg,3024,4032,1443,1916,1996,2455,albopictus
train_04786.jpeg,1944,2592,100,1084,1347,2209,culex
train_04789.jpeg,821,1321,166,344,449,802,culex
train_04790.jpeg,1639,2005,445,861,955,1454,japonicus-koreicus
train_04793.jpeg,380,326,127,84,256,221,albopictus
train_04795.jpeg,3264,2448,1413,788,2339,1622,albopictus
train_04796.jpeg,1836,3264,649,1314,867,1573,albopictus
train_04797.jpeg,768,1024,204,434,537,661,culex
train_04798.jpeg,1024,1024,244,403,630,682,albopictus
train_04801.jpeg,1175,1173,307,390,695,823,albopictus
train_04808.jpeg,595,595,111,120,460,466,culex
train_04814.jpeg,3024,4032,1110,1815,1582,2374,albopictus
train_04820.jpeg,4608,3456,1518,1114,4191,2791,japonicus-koreicus
train_04827.jpeg,1536,2048,507,1063,827,1374,culiseta
train_04831.jpeg,4032,1960,856,241,2428,1690,culiseta
train_04832.jpeg,720,1280,262,535,407,711,albopictus
train_04835.jpeg,3000,4000,927,2052,1746,2791,culex
train_04836.jpeg,1024,1365,291,525,487,891,culiseta
train_04838.jpeg,668,667,157,117,430,527,albopictus
train_04841.jpeg,1696,1457,289,413,1179,1251,culex
train_04843.jpeg,3024,4032,1144,1535,2221,2394,culex
train_04844.jpeg,1600,900,675,335,1006,646,albopictus
train_04847.jpeg,1440,2560,334,920,715,1374,albopictus
train_04850.jpeg,3024,4032,1053,1793,1807,2584,culex
train_04852.jpeg,3456,4608,575,2041,2013,3232,culex
train_04857.jpeg,1024,1820,325,852,558,1081,culex
train_04866.jpeg,1152,2560,333,996,859,1537,culex
train_04873.jpeg,1365,1024,608,212,1083,640,culiseta
train_04875.jpeg,3024,4032,1072,1590,1841,2275,culex
train_04876.jpeg,2448,3264,1009,1271,1668,1812,albopictus
train_04882.jpeg,1960,4032,598,2145,1188,2430,culex
train_04886.jpeg,3120,4160,1237,2019,1686,2614,albopictus
train_04887.jpeg,1821,1783,502,672,1360,1427,culex
train_04890.jpeg,3024,4032,926,1007,1739,2138,albopictus
train_04891.jpeg,3024,4032,1226,1969,1476,2287,culex
train_04894.jpeg,4608,3456,1616,1112,2703,2184,albopictus
train_04895.jpeg,3024,4032,1060,1986,1664,2629,culiseta
train_04898.jpeg,3024,4032,179,220,2886,3581,albopictus
train_04907.jpeg,1239,941,506,336,834,669,albopictus
train_04913.jpeg,1600,900,687,286,896,567,albopictus
train_04915.jpeg,3264,2448,1529,874,1831,1238,albopictus
train_04916.jpeg,3024,4032,985,1649,1633,2323,culex
train_04917.jpeg,2160,3840,965,1839,1292,2200,albopictus
train_04922.jpeg,3024,4032,925,1531,1582,2125,culex
train_04923.jpeg,3024,4032,1134,1071,1840,1928,albopictus
train_04926.jpeg,3000,4000,1247,112,2906,1494,culex
train_04929.jpeg,1024,1365,82,358,872,1050,culex
train_04934.jpeg,3024,4032,266,1035,2186,3154,japonicus-koreicus
train_04936.jpeg,3000,4000,451,1094,2711,3539,albopictus
train_04937.jpeg,1024,1365,87,247,755,1086,culex
train_04939.jpeg,685,747,42,108,576,637,culex
train_04950.jpeg,1944,2592,591,1093,1335,1626,albopictus
train_04951.jpeg,1836,3264,496,1641,1167,2678,albopictus
train_04955.jpeg,3000,4000,1305,1099,2157,2218,culex
train_04957.jpeg,2336,4160,953,1811,1414,2228,albopictus
train_04958.jpeg,1024,1365,253,215,682,754,culex
train_04962.jpeg,1092,949,423,272,705,607,albopictus
train_04967.jpeg,4032,3024,1583,1212,2152,1760,culex
train_04968.jpeg,1024,1365,498,489,707,738,albopictus
train_04973.jpeg,768,1024,410,493,580,628,culiseta
train_04977.jpeg,593,521,164,1,505,427,albopictus
train_04978.jpeg,3024,4032,1101,1209,1459,1525,albopictus
train_04980.jpeg,1080,1920,167,369,806,1236,albopictus
train_04984.jpeg,1024,1820,343,400,619,830,culex
train_04999.jpeg,3024,4032,865,1126,2346,2378,albopictus
train_05006.jpeg,3024,4032,1349,1922,1753,2281,albopictus
train_05016.jpeg,4608,3456,1256,597,2763,2056,culex
train_05025.jpeg,720,1600,302,655,515,815,albopictus
train_05034.jpeg,768,1024,212,192,690,821,culiseta
train_05036.jpeg,1456,2592,571,929,804,1237,albopictus
train_05039.jpeg,2448,3264,994,1173,1575,1955,albopictus
train_05046.jpeg,1024,1363,316,338,716,687,culex
train_05051.jpeg,3024,4032,1305,1732,1818,2513,culex
train_05054.jpeg,2396,2344,982,340,1181,602,albopictus
train_05055.jpeg,1467,2330,650,1176,1117,1652,culex
train_05064.jpeg,2080,4160,741,1296,1266,1779,albopictus
train_05065.jpeg,1080,2340,646,747,1013,1090,japonicus-koreicus
train_05066.jpeg,1024,1365,430,446,754,862,culex
train_05068.jpeg,2340,4160,949,1914,1322,2229,albopictus
train_05071.jpeg,3000,4000,1100,2223,1617,2795,culex
train_05073.jpeg,513,455,79,40,412,446,albopictus
train_05082.jpeg,3024,4032,1310,2191,1691,2562,albopictus
train_05084.jpeg,1080,2134,69,477,695,1540,culex
train_05085.jpeg,4208,3120,691,906,3784,2595,culiseta
train_05092.jpeg,2252,4000,1008,1459,1324,1839,culex
train_05095.jpeg,5616,2808,1555,58,4041,2243,culex
train_05099.jpeg,1365,1024,924,264,1159,405,culex
train_05108.jpeg,3120,4160,840,1392,1173,1828,albopictus
train_05111.jpeg,839,568,189,128,676,485,culex
train_05112.jpeg,2448,3264,478,1274,1239,2012,albopictus
train_05115.jpeg,2250,4000,619,1555,1257,1911,culex
train_05118.jpeg,4032,3024,1657,1175,2525,1920,culiseta
train_05119.jpeg,1024,1365,170,242,324,418,culex
train_05120.jpeg,5120,3840,2671,1579,3368,2129,culex
train_05122.jpeg,1024,2275,376,841,600,1022,culex
train_05131.jpeg,768,1024,47,621,436,965,albopictus
train_05138.jpeg,2000,4000,103,578,1847,3110,albopictus
train_05140.jpeg,1024,2272,431,854,585,1059,culiseta
train_05143.jpeg,2268,4032,951,827,1580,1511,culex
train_05151.jpeg,2448,3264,866,1391,1463,2077,albopictus
train_05155.jpeg,768,1024,261,206,755,854,culex
train_05160.jpeg,768,1024,350,412,564,631,albopictus
train_05161.jpeg,515,453,166,89,374,353,albopictus
train_05162.jpeg,1080,2220,354,989,792,1362,albopictus
train_05163.jpeg,2016,1512,572,316,1249,1228,culiseta
train_05172.jpeg,3120,4160,1292,1971,1642,2324,albopictus
train_05178.jpeg,720,1600,359,605,481,732,albopictus
train_05185.jpeg,768,1024,214,252,331,414,culex
train_05186.jpeg,1024,1365,368,647,668,967,culex
train_05187.jpeg,768,1024,138,644,397,911,culiseta
train_05192.jpeg,2976,3968,1108,2088,1722,2975,culex
train_05197.jpeg,4032,3024,2030,1628,2445,1968,albopictus
train_05202.jpeg,3240,5760,1509,1438,2639,2772,culex
train_05204.jpeg,1024,1365,171,497,604,924,culex
train_05217.jpeg,1024,1820,379,919,587,1144,albopictus
train_05219.jpeg,1024,2163,326,646,672,1001,culex
train_05224.jpeg,4096,2304,1634,985,1990,1323,albopictus
train_05231.jpeg,1365,1024,611,358,918,744,culex
train_05238.jpeg,2448,3264,557,1297,1811,2270,albopictus
train_05244.jpeg,1618,1620,398,671,736,1051,albopictus
train_05247.jpeg,1024,1365,418,652,632,888,culex
train_05251.jpeg,972,1296,397,396,591,610,albopictus
train_05263.jpeg,1820,1024,713,343,1122,675,albopictus
train_05264.jpeg,3024,4032,950,1549,1347,1934,culex
train_05266.jpeg,720,1280,315,581,403,701,culex
train_05270.jpeg,960,1280,238,305,809,776,culex
train_05275.jpeg,768,1024,355,375,487,515,culex
train_05276.jpeg,5120,3840,1584,1248,4141,2591,albopictus
train_05280.jpeg,1024,1365,378,726,578,927,culex
train_05281.jpeg,1160,2576,271,826,809,1501,culex
train_05283.jpeg,624,616,268,62,505,277,albopictus
train_05284.jpeg,3724,2096,1436,664,2921,1538,culiseta
train_05286.jpeg,1310,1747,431,682,945,1116,japonicus-koreicus
train_05287.jpeg,2576,1932,1089,976,1689,1488,japonicus-koreicus
train_05288.jpeg,4160,3120,1168,933,2403,2432,albopictus
train_05289.jpeg,1936,4000,191,1495,1297,2491,culex
train_05294.jpeg,3968,2976,1844,1165,2621,2442,albopictus
train_05304.jpeg,6000,8000,2318,2835,3450,3807,culex
train_05306.jpeg,768,1024,388,513,472,620,culex
train_05307.jpeg,3024,4032,0,579,2993,3387,culiseta
train_05309.jpeg,1024,1365,463,647,630,761,culex
train_05313.jpeg,3968,2976,1840,1258,3100,2533,japonicus-koreicus
train_05331.jpeg,1200,1600,233,607,963,1344,albopictus
train_05337.jpeg,1024,1365,298,652,561,920,culex
train_05339.jpeg,4000,3000,1670,289,2465,1481,culex
train_05343.jpeg,1024,2107,533,799,876,1125,culex
train_05348.jpeg,3000,4000,893,1142,1740,2181,culex
train_05357.jpeg,4000,3000,1506,830,2841,1918,albopictus
train_05366.jpeg,1488,1984,712,775,1152,1313,japonicus-koreicus
train_05372.jpeg,3024,4032,1279,1621,1846,2018,culex
train_05374.jpeg,3000,4000,682,1348,2360,3220,albopictus
train_05375.jpeg,1433,1074,108,50,1290,929,culiseta
train_05376.jpeg,471,1024,153,441,272,523,albopictus
train_05380.jpeg,2268,4032,346,1470,1284,2360,culex
train_05391.jpeg,2448,3264,944,1412,1577,2105,albopictus
train_05394.jpeg,4160,2340,2071,531,2541,1126,albopictus
train_05395.jpeg,1242,2208,171,607,835,1545,albopictus
train_05396.jpeg,4032,3024,1398,773,2554,1801,albopictus
train_05399.jpeg,1024,1365,444,756,685,933,culex
train_05400.jpeg,768,1024,377,451,469,517,culex
train_05409.jpeg,1820,1024,672,367,905,545,culex
train_05412.jpeg,1024,1365,389,443,958,1141,culex
train_05414.jpeg,1024,1820,409,701,637,1012,culex
train_05419.jpeg,2448,3264,402,785,2209,2742,culex
train_05431.jpeg,3024,4032,1105,902,1551,1341,culex
train_05436.jpeg,768,1024,303,458,415,539,culex
train_05437.jpeg,3000,4000,1020,1762,1707,2407,albopictus
train_05438.jpeg,561,732,123,242,488,586,albopictus
train_05439.jpeg,3024,4032,1231,2186,1723,2746,albopictus
train_05441.jpeg,3000,4000,1170,1600,2288,2494,culex
train_05444.jpeg,3024,4032,1453,1568,2007,2019,albopictus
train_05449.jpeg,3024,4032,1087,2025,1379,2312,albopictus
train_05450.jpeg,1600,1200,632,230,977,624,culex
train_05451.jpeg,3000,4000,383,625,2418,2815,culex
train_05455.jpeg,1024,1365,77,401,903,939,culiseta
train_05456.jpeg,3264,1836,1528,932,1810,1150,albopictus
train_05463.jpeg,3024,4032,1333,1533,2080,2270,culex
train_05477.jpeg,900,1600,405,839,666,1187,albopictus
train_05482.jpeg,3120,4160,693,1181,1782,2396,culex
train_05483.jpeg,768,1024,406,463,524,587,culex
train_05490.jpeg,2268,4032,812,2047,1284,2517,culiseta
train_05491.jpeg,1365,1024,591,445,831,648,culex
train_05492.jpeg,1125,2436,460,1102,944,1542,albopictus
train_05494.jpeg,2560,1920,1305,910,1370,1040,albopictus
train_05495.jpeg,3024,4032,781,1125,2028,2380,albopictus
train_05497.jpeg,397,465,87,121,383,309,albopictus
train_05502.jpeg,2448,2448,1280,221,2448,1209,albopictus
train_05506.jpeg,768,1024,323,504,620,806,culex
train_05514.jpeg,1599,1200,604,310,757,481,albopictus
train_05521.jpeg,945,2048,124,666,894,1216,albopictus
train_05527.jpeg,1016,1384,368,443,636,868,culex
train_05533.jpeg,3000,4000,898,2021,1666,2928,albopictus
train_05535.jpeg,1908,4032,381,1095,1353,2454,culex
train_05541.jpeg,2336,4160,745,1922,1325,2540,albopictus
train_05542.jpeg,768,1024,201,517,528,816,culex
train_05547.jpeg,1200,1600,407,621,588,862,albopictus
train_05554.jpeg,3840,5120,347,2216,2965,4248,culex
train_05561.jpeg,768,1024,192,464,451,694,culex
train_05565.jpeg,1317,1259,447,298,1049,986,albopictus
train_05566.jpeg,2992,4000,1861,1610,2174,2022,culex
train_05571.jpeg,768,1024,110,371,420,801,albopictus
train_05573.jpeg,960,1280,305,514,538,792,albopictus
train_05574.jpeg,619,754,117,114,416,572,culex
train_05581.jpeg,1816,4032,572,1516,1079,1926,culex
train_05582.jpeg,720,1280,202,495,485,752,albopictus
train_05585.jpeg,768,1024,273,499,397,649,culex
train_05590.jpeg,778,1600,190,489,511,921,albopictus
train_05591.jpeg,768,1024,410,544,478,621,albopictus
train_05596.jpeg,3024,4032,785,1743,1859,2485,culex
train_05608.jpeg,3024,4032,818,803,2508,2806,albopictus
train_05610.jpeg,1200,1600,232,545,730,1169,anopheles
train_05611.jpeg,460,1024,125,336,362,628,culex
train_05614.jpeg,1068,1328,347,267,854,1322,albopictus
train_05618.jpeg,1024,1820,641,708,830,822,culex
train_05622.jpeg,768,1024,294,367,484,565,culex
train_05625.jpeg,945,1553,234,398,587,1069,culiseta
train_05629.jpeg,4032,3024,2238,908,2766,1261,albopictus
train_05630.jpeg,3024,4032,563,1922,1889,3694,albopictus
train_05634.jpeg,2560,1920,1033,817,1485,1113,albopictus
train_05637.jpeg,960,1331,273,459,784,799,culex
train_05640.jpeg,1024,1820,140,661,696,1135,culex
train_05643.jpeg,1080,1920,336,917,549,1085,albopictus
train_05646.jpeg,492,541,17,53,452,485,culex
train_05649.jpeg,1024,2106,295,1120,688,1563,culiseta
train_05655.jpeg,873,912,268,297,720,645,culex
train_05659.jpeg,1024,2217,384,911,696,1181,culex
train_05662.jpeg,1002,797,565,400,770,549,albopictus
train_05673.jpeg,3024,4032,1280,1272,2031,2250,culex
train_05679.jpeg,2448,3264,1121,1567,1779,2065,culex
train_05681.jpeg,5616,2808,2337,411,4073,1987,culex
train_05684.jpeg,3024,4032,584,770,2576,3260,culex
train_05685.jpeg,3024,4032,926,1175,2532,2817,albopictus
train_05686.jpeg,2240,4608,638,2030,1082,2263,culex
train_05687.jpeg,1024,1365,304,513,1002,1004,culex
train_05690.jpeg,3024,4032,1135,1769,1880,2331,culex
train_05691.jpeg,2202,2203,695,666,1149,1283,albopictus
train_05694.jpeg,1200,1600,371,517,593,804,culex
train_05695.jpeg,1024,1365,314,398,610,751,japonicus-koreicus
train_05700.jpeg,3024,4032,550,542,2628,3161,culex
train_05703.jpeg,2448,3264,1378,1865,1762,2238,albopictus
train_05704.jpeg,2448,3264,1164,1292,1457,1569,albopictus
train_05706.jpeg,1785,1348,437,348,1317,946,albopictus
train_05715.jpeg,3264,1836,1216,768,1772,1139,albopictus
train_05718.jpeg,1968,2624,656,1642,1108,2214,albopictus
train_05721.jpeg,1932,2576,694,542,1068,1046,culex
train_05723.jpeg,3024,4032,1360,1893,1677,2284,albopictus
train_05738.jpeg,768,1024,192,165,660,709,culiseta
train_05739.jpeg,2268,4032,1027,1111,1824,1882,albopictus
train_05741.jpeg,540,960,158,439,359,705,albopictus
train_05744.jpeg,1808,4000,755,2048,1080,2299,albopictus
train_05745.jpeg,1200,1600,478,504,708,771,culex
train_05748.jpeg,621,636,253,196,409,419,albopictus
train_05755.jpeg,768,1024,282,623,358,715,culex
train_05760.jpeg,2322,4128,838,2081,1286,2575,albopictus
train_05770.jpeg,1600,1200,1002,382,1282,587,culex
train_05771.jpeg,1024,1820,416,1453,667,1646,albopictus
train_05781.jpeg,2322,4128,1001,1765,1509,2440,culex
train_05784.jpeg,768,1024,327,471,491,664,culex
train_05785.jpeg,768,1024,321,244,570,496,albopictus
train_05790.jpeg,2208,3928,489,1189,1239,2032,albopictus
train_05794.jpeg,3096,4128,1126,1013,2527,1631,albopictus
train_05796.jpeg,643,643,244,266,405,420,albopictus
train_05798.jpeg,768,1024,349,470,476,670,culex
train_05800.jpeg,5504,3096,2143,1221,2766,1890,culiseta
train_05801.jpeg,3024,4032,656,1423,2163,2595,culex
train_05808.jpeg,1024,1365,287,546,611,883,anopheles
train_05812.jpeg,3024,4032,1193,1629,1543,1959,culex
train_05815.jpeg,2322,4128,807,1785,1332,2397,albopictus
train_05818.jpeg,1928,1928,752,654,1160,1172,albopictus
train_05820.jpeg,1920,2560,774,962,1256,1810,albopictus
train_05829.jpeg,3024,4032,824,1356,1550,2095,culex
train_05830.jpeg,1024,1365,189,194,883,643,culex
train_05832.jpeg,2128,4608,279,1822,1547,2917,albopictus
train_05833.jpeg,1024,1365,380,416,732,979,culiseta
train_05835.jpeg,3000,4000,1441,1927,2372,3080,albopictus
train_05837.jpeg,1024,1365,464,810,624,967,culex
train_05838.jpeg,3024,4032,590,1448,1773,2439,culex
train_05843.jpeg,720,1280,23,256,720,954,albopictus
train_05844.jpeg,768,1024,381,488,466,578,culex
train_05848.jpeg,1932,2576,761,1053,1110,1719,albopictus
train_05851.jpeg,1024,1365,188,458,705,959,culex
train_05852.jpeg,635,628,18,53,510,516,culex
train_05853.jpeg,2988,5312,723,1640,2505,3715,albopictus
train_05857.jpeg,3472,3472,348,523,3177,2740,albopictus
train_05860.jpeg,768,1024,316,520,496,700,culex
train_05861.jpeg,768,1024,318,419,448,561,culex
train_05865.jpeg,3016,4032,1047,2191,2001,3536,culex
train_05868.jpeg,1440,1920,552,900,1002,1412,culex
train_05871.jpeg,4608,3456,2058,167,3228,2212,culex
train_05875.jpeg,3024,4032,956,1662,1859,2744,albopictus
train_05881.jpeg,768,1024,224,470,467,626,culex
train_05890.jpeg,1920,1080,341,107,1083,874,albopictus
train_05891.jpeg,1365,1024,311,104,947,593,culiseta
train_05902.jpeg,558,744,225,353,337,471,japonicus-koreicus
train_05903.jpeg,3096,4128,622,1621,2491,2983,culex
train_05910.jpeg,1280,960,687,358,831,538,albopictus
train_05912.jpeg,3000,4000,1113,1337,1869,2204,japonicus-koreicus
train_05914.jpeg,1141,1271,447,628,698,842,albopictus
train_05915.jpeg,4000,3000,577,1643,1341,2245,albopictus
train_05917.jpeg,4608,3456,1838,1293,2518,1909,culex
train_05918.jpeg,1024,1365,310,310,748,1050,culex
train_05920.jpeg,3024,4032,1456,1892,1783,2234,albopictus
train_05928.jpeg,768,1024,265,450,571,668,culex
train_05930.jpeg,1600,900,715,328,899,543,albopictus
train_05934.jpeg,1536,2048,595,486,1060,1117,culex
train_05936.jpeg,3000,4000,646,1100,2615,2779,albopictus
train_05941.jpeg,768,1024,203,405,350,573,culex
train_05942.jpeg,1365,1024,191,334,759,786,culex
train_05945.jpeg,3000,4000,954,1148,2009,2657,culex
train_05947.jpeg,1960,4032,292,1276,1103,2218,albopictus
train_05949.jpeg,660,580,350,82,549,338,albopictus
train_05953.jpeg,460,1024,201,287,358,490,culex
train_05956.jpeg,1152,2048,249,945,791,1546,albopictus
train_05966.jpeg,768,1024,202,521,388,710,culiseta
train_05969.jpeg,768,1024,188,333,531,588,albopictus
train_05981.jpeg,4160,3120,1478,1190,2093,1867,albopictus
train_05983.jpeg,3024,4032,666,1024,2517,2640,culiseta
train_05984.jpeg,1024,2245,240,671,638,1147,culex
train_05984.jpeg,1024,2245,732,1801,1018,2237,culex
train_05990.jpeg,1024,1820,214,724,736,1209,culex
train_05992.jpeg,1024,2163,330,527,588,908,albopictus
train_05993.jpeg,887,1379,183,398,722,1314,culex
train_05994.jpeg,1054,923,148,45,686,681,culiseta
train_05997.jpeg,1024,1365,403,696,672,933,japonicus-koreicus
train_06000.jpeg,768,1024,313,462,454,547,culex
train_06006.jpeg,3840,5120,1919,2516,2379,3141,culex
train_06008.jpeg,3024,4032,643,1178,2197,2827,albopictus
train_06009.jpeg,1080,2280,166,438,957,1465,albopictus
train_06015.jpeg,1632,918,651,348,895,506,japonicus-koreicus
train_06016.jpeg,1125,2436,86,748,727,1263,albopictus
train_06024.jpeg,639,859,52,234,583,643,japonicus-koreicus
train_06030.jpeg,3120,4208,1300,1475,1813,1899,albopictus
train_06033.jpeg,788,836,158,121,732,630,albopictus
train_06036.jpeg,992,992,323,258,758,804,albopictus
train_06038.jpeg,607,589,58,165,553,511,albopictus
train_06044.jpeg,1449,1680,460,553,1126,1314,culex
train_06048.jpeg,1024,1820,133,716,614,1155,albopictus
train_06050.jpeg,1024,1365,11,133,749,1027,culex
train_06053.jpeg,3264,2448,1617,1045,2058,1596,albopictus
train_06061.jpeg,1024,1365,171,309,726,844,albopictus
train_06067.jpeg,3096,4128,1254,1214,1626,1694,albopictus
train_06070.jpeg,750,1334,96,515,519,868,culex
train_06075.jpeg,1840,3264,673,1444,1062,1773,albopictus
train_06080.jpeg,345,361,83,96,315,322,albopictus
train_06082.jpeg,1365,1024,412,332,779,690,culex
train_06086.jpeg,1024,1365,478,623,648,835,culex
train_06087.jpeg,768,1024,359,615,500,752,albopictus
train_06090.jpeg,1200,1600,688,741,995,1023,japonicus-koreicus
train_06094.jpeg,768,1024,298,423,435,593,culex
train_06098.jpeg,1024,1365,252,492,792,1025,anopheles
train_06108.jpeg,1024,1365,392,641,624,875,culex
train_06110.jpeg,1860,4032,208,2583,905,3323,anopheles
train_06121.jpeg,1024,2273,152,651,607,1291,culex
train_06129.jpeg,3000,4000,1558,2205,1912,2455,albopictus
train_06131.jpeg,3024,4032,1066,1441,1770,2155,culex
train_06135.jpeg,3840,5120,1335,3017,2005,3874,albopictus
train_06140.jpeg,703,652,49,145,631,571,japonicus-koreicus
train_06159.jpeg,1440,2560,30,97,1403,1914,albopictus
train_06168.jpeg,3000,4000,820,988,1777,2252,culex
train_06170.jpeg,2992,4000,1116,1666,2231,2552,culex
train_06176.jpeg,828,1792,78,529,763,1155,culiseta
train_06177.jpeg,1125,2436,188,968,799,1404,albopictus
train_06184.jpeg,768,1024,296,443,437,564,culex
train_06187.jpeg,3120,4160,215,1870,2234,3711,culex
train_06188.jpeg,768,1280,64,26,618,470,culex
train_06189.jpeg,768,1024,305,478,428,583,culex
train_06192.jpeg,1024,1365,186,539,773,1065,anopheles
train_06194.jpeg,4032,3024,2113,486,2809,1123,albopictus
train_06197.jpeg,3000,4000,1355,736,2173,1507,albopictus
train_06198.jpeg,944,2048,278,677,794,1011,culex
train_06200.jpeg,2084,4624,789,1969,1426,2735,culex
train_06203.jpeg,4608,3456,3315,848,4232,2072,albopictus
train_06208.jpeg,547,506,140,153,403,426,albopictus
train_06210.jpeg,2448,3264,634,1605,1645,2313,albopictus
train_06211.jpeg,1436,1920,676,1103,856,1315,culex
train_06220.jpeg,1816,4032,770,1793,1222,2514,culex
train_06224.jpeg,2340,4160,239,740,1172,2219,albopictus
train_06235.jpeg,3840,5120,669,335,2630,3676,culiseta
train_06240.jpeg,2304,4608,991,2103,1290,2552,albopictus
train_06244.jpeg,1152,2048,332,678,555,982,culiseta
train_06250.jpeg,564,541,52,125,412,494,albopictus
train_06260.jpeg,1365,1024,331,92,859,725,culex
train_06269.jpeg,768,1024,360,427,496,558,albopictus
train_06286.jpeg,768,1024,184,382,348,553,japonicus-koreicus
train_06287.jpeg,768,1024,222,439,395,597,culex
train_06288.jpeg,4000,1846,2130,645,2543,1062,culex
train_06289.jpeg,3968,2976,1831,1217,2324,1645,albopictus
train_06293.jpeg,3120,4160,1146,297,2648,2595,albopictus
train_06294.jpeg,3024,4032,1214,1766,1606,2185,albopictus
train_06296.jpeg,940,1177,124,312,682,874,culex
train_06303.jpeg,768,1024,349,422,438,540,culex
train_06307.jpeg,2160,3840,866,1270,1288,1590,albopictus
train_06315.jpeg,1382,1118,76,32,1277,1087,albopictus
train_06317.jpeg,768,1024,236,481,430,695,culex
train_06318.jpeg,1472,3264,531,1342,996,1766,albopictus
train_06319.jpeg,4160,3120,1223,1055,1723,1461,albopictus
train_06321.jpeg,3024,4032,1330,1337,1772,1958,culex
train_06325.jpeg,5312,2988,1630,1174,2376,1617,albopictus
train_06330.jpeg,5616,2808,1199,229,2949,2216,culex
train_06332.jpeg,2448,3264,1130,1560,1475,1921,albopictus
train_06336.jpeg,1050,1200,286,287,580,658,albopictus
train_06340.jpeg,4000,3000,1177,1268,2255,2382,albopictus
train_06342.jpeg,1024,1365,345,535,547,757,culiseta
train_06343.jpeg,1024,1365,358,414,814,881,culex
train_06350.jpeg,306,332,85,77,196,181,albopictus
train_06355.jpeg,768,1024,231,550,573,947,culex
train_06357.jpeg,1944,2592,486,896,1290,1665,japonicus-koreicus
train_06358.jpeg,1166,2592,316,942,785,1461,culex
train_06365.jpeg,768,1024,273,595,390,699,culex
train_06375.jpeg,1032,859,311,483,581,784,albopictus
train_06379.jpeg,1024,1365,160,574,532,991,culex
train_06388.jpeg,3000,4000,585,1945,1945,3137,culex
train_06392.jpeg,828,1792,112,758,651,1161,culex
train_06397.jpeg,2592,1166,281,219,1384,960,culiseta
train_06401.jpeg,1116,1767,389,687,688,1109,culex
train_06404.jpeg,3024,4032,1043,1635,1890,2466,culex
train_06413.jpeg,3000,4000,663,1302,2761,3073,culex
train_06416.jpeg,678,827,135,106,467,521,culex
train_06417.jpeg,3024,4032,1070,1851,1903,2278,culex
train_06419.jpeg,3120,4160,861,1297,2186,2682,albopictus
train_06429.jpeg,1600,736,460,99,1145,680,albopictus
train_06436.jpeg,3264,2448,1153,1024,1716,1594,albopictus
train_06437.jpeg,3024,4032,1346,1480,1746,1912,albopictus
train_06439.jpeg,1080,1460,275,585,673,1169,albopictus
train_06444.jpeg,3024,4032,211,1048,2786,3223,culex
train_06446.jpeg,768,1024,260,630,563,848,culex
train_06453.jpeg,4032,3024,1551,720,2618,2464,japonicus-koreicus
train_06455.jpeg,3024,4032,191,876,2327,3322,culex
train_06459.jpeg,2462,2556,727,742,1980,1603,culex
train_06473.jpeg,4000,2000,2171,501,2616,830,culex
train_06488.jpeg,4000,3000,1807,1278,2404,1698,culex
train_06501.jpeg,4032,3024,1569,711,2688,1919,albopictus
train_06503.jpeg,915,1033,234,173,412,447,albopictus
train_06507.jpeg,1888,2067,710,668,1470,1333,culex
train_06514.jpeg,768,1024,4,198,527,978,albopictus
train_06533.jpeg,3176,2366,743,554,2580,2066,culex
train_06538.jpeg,2736,3648,1048,1552,1496,2000,culex
train_06549.jpeg,3024,4032,719,1494,1795,2584,culex
train_06553.jpeg,1024,1820,390,813,547,971,culex
train_06554.jpeg,1440,2560,305,817,1097,1411,culex
train_06557.jpeg,768,1024,279,390,543,707,culex
train_06558.jpeg,1024,1365,361,456,569,712,albopictus
train_06559.jpeg,768,512,216,157,589,375,albopictus
train_06560.jpeg,1500,2000,438,1027,773,1376,culex
train_06571.jpeg,1319,1741,68,386,932,1628,japonicus-koreicus
train_06577.jpeg,1024,1365,141,445,973,1191,japonicus-koreicus
train_06586.jpeg,3024,4032,706,750,2745,2742,culex
train_06590.jpeg,3024,4032,1693,2548,2229,3180,albopictus
train_06593.jpeg,2448,3264,1010,1407,1409,1916,culex
train_06594.jpeg,1024,1365,214,340,585,991,anopheles
train_06601.jpeg,4000,3000,1256,748,3491,2657,japonicus-koreicus
train_06607.jpeg,3024,4032,823,1635,1841,2954,culex
train_06616.jpeg,2988,5312,934,2291,1508,3011,albopictus
train_06622.jpeg,3024,4032,1065,2104,1481,2696,culiseta
train_06624.jpeg,1610,2311,393,868,966,1585,culiseta
train_06626.jpeg,3024,4032,1333,2066,1631,2471,albopictus
train_06631.jpeg,1780,4080,644,1529,981,1831,albopictus
train_06632.jpeg,2048,1536,918,652,1138,825,albopictus
train_06633.jpeg,1080,2316,146,425,1057,1040,albopictus
train_06637.jpeg,1365,1024,561,361,783,646,culex
train_06638.jpeg,4032,1728,1159,311,2322,1432,japonicus-koreicus
train_06651.jpeg,3024,4032,986,2053,2082,3166,culex
train_06656.jpeg,437,518,49,122,397,456,albopictus
train_06657.jpeg,3024,4032,1441,2641,1882,3090,culex
train_06660.jpeg,4000,3000,3015,1943,3384,2290,albopictus
train_06663.jpeg,768,1024,276,409,385,538,culex
train_06671.jpeg,750,1144,255,400,583,844,culex
train_06676.jpeg,2448,3264,621,1066,1418,1878,albopictus
train_06681.jpeg,1848,4000,98,1155,1456,3176,culex
train_06683.jpeg,4000,3000,1075,1041,2394,2208,culex
train_06689.jpeg,2025,1702,175,513,1820,1188,albopictus
train_06690.jpeg,1440,2560,214,376,1198,1817,albopictus
train_06691.jpeg,3024,4032,1414,1785,1651,2093,culex
train_06695.jpeg,3000,4000,1471,2203,1790,2604,albopictus
train_06700.jpeg,4032,3024,1561,1483,1976,1883,culex
train_06708.jpeg,3857,2722,436,389,2629,2211,albopictus
train_06722.jpeg,2976,3968,811,770,2976,3707,albopictus
train_06724.jpeg,768,1024,257,548,350,630,albopictus
train_06725.jpeg,3024,4032,1527,1985,1868,2340,culex
train_06729.jpeg,908,2016,204,904,512,1478,culex
train_06730.jpeg,762,717,115,200,606,615,culex
train_06735.jpeg,3264,2448,1476,1028,1720,1282,albopictus
train_06738.jpeg,951,1267,275,337,719,892,albopictus
train_06741.jpeg,3096,4128,1166,1956,2257,2476,albopictus
train_06746.jpeg,1024,1363,401,588,574,738,culiseta
train_06748.jpeg,3024,4032,1065,1423,2068,2481,culex
train_06758.jpeg,4000,3000,482,698,3203,2920,culex
train_06767.jpeg,3024,4032,851,1349,2158,2862,culex
train_06768.jpeg,1024,1365,315,612,528,823,culex
train_06770.jpeg,768,1024,395,436,503,586,culex
train_06777.jpeg,768,1024,332,522,447,655,culex
train_06783.jpeg,3200,2368,1515,1014,1900,1500,albopictus
train_06787.jpeg,1365,1024,684,421,910,637,culex
train_06792.jpeg,3000,4000,718,1928,2573,3401,culex
train_06794.jpeg,3096,4128,582,1171,2725,3426,culex
train_06816.jpeg,2448,3264,948,1297,1779,2188,albopictus
train_06821.jpeg,3840,2160,1797,679,2169,988,albopictus
train_06829.jpeg,3000,4000,1015,1974,1436,2768,culex
train_06831.jpeg,1600,1200,1007,705,1267,1068,albopictus
train_06832.jpeg,2560,1536,1209,577,1609,900,albopictus
train_06835.jpeg,623,424,170,5,429,289,culex
train_06837.jpeg,3024,4032,976,1913,1792,2802,culex
train_06838.jpeg,4032,3024,2070,959,2434,1459,culex
train_06839.jpeg,3024,4032,352,1891,1716,2932,culex
train_06841.jpeg,1024,1820,429,423,654,689,culex
train_06848.jpeg,768,1024,323,543,457,650,culex
train_06851.jpeg,3120,4208,1424,1745,1852,2094,albopictus
train_06853.jpeg,768,1024,320,539,462,689,culex
train_06855.jpeg,2448,3264,985,1462,1405,1887,albopictus
train_06861.jpeg,768,1024,317,288,629,700,culex
train_06864.jpeg,1920,2560,896,1165,1087,1365,albopictus
train_06869.jpeg,3120,4160,443,736,2377,3882,culiseta
train_06873.jpeg,1024,1365,42,264,933,971,culex
train_06874.jpeg,3024,4032,1070,2030,1407,2315,albopictus
train_06880.jpeg,3024,4032,1491,1128,1846,1432,japonicus-koreicus
train_06883.jpeg,2130,1931,691,731,1166,1169,albopictus
train_06897.jpeg,3024,4032,1121,481,2218,1176,albopictus
train_06899.jpeg,1024,2219,466,1067,645,1248,culex
train_06902.jpeg,1024,1365,253,607,690,1223,culex
train_06910.jpeg,3264,2448,1248,790,1897,1398,culex
train_06917.jpeg,4608,3456,2422,2088,3053,2780,culex
train_06921.jpeg,1125,2436,134,258,986,1536,albopictus
train_06925.jpeg,3024,4032,698,1881,1337,2392,culex
train_06933.jpeg,3120,4208,980,2100,1454,2651,albopictus
train_06935.jpeg,1203,843,486,174,750,405,culex
train_06943.jpeg,3120,4160,812,1847,1559,2941,culex
train_06945.jpeg,919,1074,371,560,568,728,albopictus
train_06945.jpeg,919,1074,346,69,551,300,albopictus
train_06945.jpeg,919,1074,625,270,918,499,albopictus
train_06945.jpeg,919,1074,81,469,325,676,albopictus
train_06945.jpeg,919,1074,70,782,286,968,albopictus
train_06945.jpeg,919,1074,334,792,526,978,albopictus
train_06947.jpeg,768,1024,343,486,404,584,culex
train_06949.jpeg,3024,4032,773,915,2819,2739,culex
train_06952.jpeg,768,1024,307,455,447,565,culex
train_06954.jpeg,3024,4032,581,1282,2094,3153,culiseta
train_06957.jpeg,2322,4128,691,1787,1908,2974,albopictus
train_06961.jpeg,1024,2272,369,948,658,1210,culex
train_06971.jpeg,2448,3264,767,1404,1278,1986,albopictus
train_06974.jpeg,3024,4032,1047,1546,1664,2133,albopictus
train_06975.jpeg,768,1024,272,470,471,750,culex
train_06977.jpeg,1848,4000,418,977,1842,2932,culex
train_06982.jpeg,5312,2988,1893,981,2629,1692,culiseta
train_06985.jpeg,750,1334,191,566,486,870,albopictus
train_06989.jpeg,1079,1076,229,166,959,956,culex
train_07005.jpeg,4128,2322,1929,852,2233,1193,albopictus
train_07010.jpeg,2336,4160,955,1655,1337,2201,albopictus
train_07019.jpeg,469,1024,128,466,341,581,culex
train_07022.jpeg,3024,4032,1588,2036,1923,2415,albopictus
train_07025.jpeg,974,947,130,91,885,866,culex
train_07026.jpeg,4000,2250,1813,632,2958,1580,albopictus
train_07029.jpeg,3024,4032,1579,1484,1946,2047,albopictus
train_07034.jpeg,3000,4000,504,1317,1573,2084,culex
train_07038.jpeg,3024,4032,184,336,2631,2760,japonicus-koreicus
train_07039.jpeg,768,1024,235,369,426,648,culex
train_07040.jpeg,3096,4128,1194,183,2216,1517,albopictus
train_07043.jpeg,1008,955,400,213,882,738,albopictus
train_07047.jpeg,635,732,146,93,527,600,culex
train_07048.jpeg,4608,3072,1488,942,2976,1725,culex
train_07052.jpeg,1024,1365,156,599,784,1167,albopictus
train_07053.jpeg,3024,4032,935,1578,1688,2002,culex
train_07056.jpeg,3000,4000,456,606,2578,2995,culex
train_07067.jpeg,3024,4032,618,1707,2528,3578,culex
train_07074.jpeg,3000,4000,631,1152,1784,2842,culex
train_07075.jpeg,1168,2592,328,816,937,1308,japonicus-koreicus
train_07079.jpeg,3000,4000,1346,2039,1758,2504,albopictus
train_07082.jpeg,1024,1024,340,478,586,628,culex
train_07093.jpeg,3000,4000,442,779,2121,2689,albopictus
train_07094.jpeg,2448,3264,1157,1937,1448,2186,albopictus
train_07096.jpeg,8000,6000,3071,2183,4048,2752,albopictus
train_07097.jpeg,1080,1495,142,439,842,1106,albopictus
train_07099.jpeg,2448,3264,393,845,1943,2328,albopictus
train_07100.jpeg,3024,4032,924,1541,1829,2565,culiseta
train_07101.jpeg,2336,4160,889,1350,1878,2004,albopictus
train_07103.jpeg,768,1024,326,317,463,550,culex
train_07113.jpeg,2275,1024,679,366,1076,762,culex
train_07113.jpeg,2275,1024,1469,426,2007,826,culex
train_07115.jpeg,3024,4032,1218,1688,2114,2314,culex
train_07125.jpeg,768,1024,296,269,737,966,albopictus
train_07130.jpeg,1024,1365,392,576,579,744,albopictus
train_07131.jpeg,460,1024,125,345,360,590,culex
train_07140.jpeg,768,1024,199,397,623,718,culex
train_07142.jpeg,3000,4000,1152,2196,1662,2596,culiseta
train_07143.jpeg,591,571,212,51,372,338,culex
train_07144.jpeg,640,960,190,353,474,696,albopictus
train_07146.jpeg,1932,2576,844,1074,1517,1760,culex
train_07154.jpeg,768,1024,305,459,451,556,culex
train_07157.jpeg,698,756,211,261,456,452,albopictus
train_07159.jpeg,3024,4032,1498,629,2072,1194,culex
train_07159.jpeg,3024,4032,1453,2139,1943,2569,culex
train_07165.jpeg,1844,4000,325,209,1580,2151,albopictus
train_07166.jpeg,2304,4096,986,2034,1381,2390,culex
train_07167.jpeg,1024,1365,225,325,811,858,culex
train_07169.jpeg,768,1024,14,368,754,846,culiseta
train_07171.jpeg,3456,4608,976,1368,2806,2880,culex
train_07173.jpeg,1024,2219,285,842,610,1276,culiseta
train_07174.jpeg,3024,4032,1039,1956,1478,2310,culex
train_07176.jpeg,3456,4608,217,2087,1660,3303,culex
train_07178.jpeg,3456,4608,927,1508,2121,2933,albopictus
train_07179.jpeg,3024,4032,1453,1333,1756,1880,culex
train_07180.jpeg,4032,3024,1057,1441,1992,2074,albopictus
train_07184.jpeg,1392,1303,449,441,819,715,albopictus
train_07186.jpeg,765,1024,304,245,628,578,culex
train_07193.jpeg,3840,5120,1069,1815,2959,3017,culex
train_07196.jpeg,1200,1600,282,796,524,1009,albopictus
train_07213.jpeg,1738,1783,478,570,1047,1415,albopictus
train_07217.jpeg,1024,1024,77,41,770,706,albopictus
train_07219.jpeg,768,1024,307,388,621,702,culex
train_07220.jpeg,3264,1836,1707,875,2000,1184,albopictus
train_07233.jpeg,1312,1489,410,613,695,978,albopictus
train_07236.jpeg,768,1024,277,484,413,643,culex
train_07238.jpeg,768,1024,249,426,471,603,culex
train_07239.jpeg,2248,4000,1178,719,1792,1221,culiseta
train_07239.jpeg,2248,4000,710,392,1126,958,culiseta
train_07239.jpeg,2248,4000,764,1235,1286,1634,culiseta
train_07239.jpeg,2248,4000,194,1439,684,2031,culiseta
train_07239.jpeg,2248,4000,1637,1347,2205,1911,culiseta
train_07239.jpeg,2248,4000,923,1813,1569,2246,culiseta
train_07239.jpeg,2248,4000,59,2182,593,2671,culiseta
train_07239.jpeg,2248,4000,946,2367,1716,3105,culiseta
train_07239.jpeg,2248,4000,1818,2167,2214,3120,culiseta
train_07239.jpeg,2248,4000,336,3050,910,3562,culiseta
train_07249.jpeg,2336,4160,731,2150,1034,2444,albopictus
train_07252.jpeg,3072,1728,1026,245,2544,1194,culex
train_07258.jpeg,2448,3264,832,729,1549,1830,albopictus
train_07260.jpeg,1365,1024,818,397,1055,622,culex
train_07262.jpeg,1458,1827,578,490,1034,1175,culex
train_07264.jpeg,768,1024,375,391,486,517,culex
train_07267.jpeg,768,1024,97,154,590,534,albopictus
train_07272.jpeg,1024,1365,277,265,825,748,culex
train_07278.jpeg,350,612,88,95,293,375,albopictus
train_07284.jpeg,3024,4032,1024,1567,1730,2208,culex
train_07289.jpeg,3120,4160,425,1127,2391,3383,culex
train_07291.jpeg,768,1024,272,590,371,668,albopictus
train_07296.jpeg,1024,1820,369,835,536,1066,culex
train_07303.jpeg,1280,960,408,209,892,784,albopictus
train_07307.jpeg,768,1024,157,568,375,782,albopictus
train_07309.jpeg,3120,4160,914,2692,1552,3572,culex
train_07319.jpeg,768,1024,297,346,496,530,japonicus-koreicus
train_07328.jpeg,1600,736,530,175,1031,633,culex
train_07337.jpeg,3024,4032,1299,1683,2105,2646,culex
train_07341.jpeg,772,668,132,82,601,597,culex
train_07345.jpeg,2976,3968,293,1473,2116,2573,albopictus
train_07351.jpeg,1024,1365,471,850,600,1034,culex
train_07354.jpeg,1024,2273,393,817,693,1224,culex
train_07357.jpeg,2268,4032,251,688,1981,3244,albopictus
train_07359.jpeg,1365,1024,570,462,710,680,culex
train_07369.jpeg,1120,1495,362,528,695,1034,albopictus
train_07370.jpeg,3024,4032,1576,1887,1995,2450,culex
train_07371.jpeg,4160,3120,2284,1538,2720,2025,albopictus
train_07374.jpeg,3024,4032,922,1781,1727,2580,albopictus
train_07375.jpeg,1820,1875,561,950,1080,1259,albopictus
train_07376.jpeg,3024,4032,1021,1993,1942,2982,anopheles
train_07380.jpeg,1024,1820,380,648,683,1060,culex
train_07383.jpeg,1960,4032,820,1676,1486,2350,culex
train_07394.jpeg,765,1020,115,131,648,901,albopictus
train_07397.jpeg,1024,2106,331,774,591,1086,culex
train_07417.jpeg,3000,4000,56,1065,2726,3410,culiseta
train_07422.jpeg,3024,4032,1660,738,2950,2683,culiseta
train_07422.jpeg,3024,4032,398,1475,1504,2871,culiseta
train_07424.jpeg,904,1600,128,520,517,957,albopictus
train_07425.jpeg,5616,2808,1448,772,3998,2319,albopictus
train_07428.jpeg,2448,3264,618,1416,830,1752,albopictus
train_07431.jpeg,292,273,47,38,246,250,albopictus
train_07438.jpeg,2988,5312,1315,1936,1807,2404,albopictus
train_07444.jpeg,3024,4032,1036,1614,1455,1911,culex
train_07450.jpeg,768,1024,41,318,594,998,anopheles
train_07452.jpeg,4032,3024,1008,857,1866,1622,culex
train_07453.jpeg,2448,3264,774,724,1750,2006,albopictus
train_07455.jpeg,1418,942,441,328,910,666,albopictus
train_07459.jpeg,2448,3264,1289,1688,1637,2013,albopictus
train_07460.jpeg,768,1024,246,340,488,556,culex
train_07464.jpeg,900,1600,364,807,691,1216,culex
train_07469.jpeg,3024,4032,1790,1609,2217,2317,albopictus
train_07473.jpeg,1024,1365,435,487,640,663,culex
train_07474.jpeg,2268,4032,238,242,1474,2729,japonicus-koreicus
train_07483.jpeg,3024,4032,1223,1952,1532,2399,culex
train_07484.jpeg,6144,8160,2269,4019,4032,5156,culex
train_07491.jpeg,925,925,233,272,725,686,culex
train_07497.jpeg,900,1600,64,597,853,1099,albopictus
train_07507.jpeg,768,1024,163,392,589,737,culex
train_07508.jpeg,2688,1520,1210,629,1493,903,albopictus
train_07509.jpeg,2304,4096,932,1987,1310,2325,albopictus
train_07512.jpeg,1024,1024,66,469,334,709,culex
train_07512.jpeg,1024,1024,777,149,978,348,culex
train_07513.jpeg,1272,1440,365,737,633,985,albopictus
train_07514.jpeg,4032,3024,1856,1212,2557,1873,culex
train_07519.jpeg,3024,4032,987,1550,1250,1834,culiseta
train_07520.jpeg,920,1227,237,438,625,861,albopictus
train_07522.jpeg,3264,1836,1327,765,1836,1281,albopictus
train_07523.jpeg,3840,5120,1676,2185,2836,3332,culex
train_07534.jpeg,1080,1753,530,846,1070,1224,albopictus
train_07535.jpeg,768,1024,146,265,449,598,culex
train_07536.jpeg,1024,1365,449,585,580,697,culex
train_07552.jpeg,5616,2808,1934,141,3812,2321,culex
train_07554.jpeg,2340,4160,753,2462,1415,3111,albopictus
train_07554.jpeg,2340,4160,725,1765,1460,2341,albopictus
train_07556.jpeg,484,682,21,322,409,650,albopictus
train_07559.jpeg,3024,4032,842,1357,2055,2445,culex
train_07561.jpeg,1242,2208,104,738,1088,1479,albopictus
train_07567.jpeg,1024,1365,414,222,762,583,culex
train_07568.jpeg,1024,1365,154,462,493,804,culex
train_07570.jpeg,3000,4000,997,1823,1224,2082,albopictus
train_07573.jpeg,3024,4032,1281,1886,1805,2268,culex
train_07575.jpeg,3024,4032,652,1001,1743,2192,culiseta
train_07580.jpeg,3024,4032,1653,2424,2026,2772,albopictus
train_07582.jpeg,434,721,77,13,388,311,albopictus
train_07582.jpeg,434,721,77,338,345,629,albopictus
train_07584.jpeg,3024,4032,1175,1829,1605,2290,albopictus
train_07592.jpeg,1080,2336,314,862,679,1157,albopictus
train_07594.jpeg,1024,1365,409,667,718,926,albopictus
train_07595.jpeg,1365,1024,521,481,867,797,albopictus
train_07597.jpeg,1458,2592,628,1072,937,1434,albopictus
train_07600.jpeg,4032,3024,1506,1380,2092,1871,albopictus
train_07602.jpeg,600,844,264,367,376,512,albopictus
train_07604.jpeg,831,868,111,60,615,731,culex
train_07611.jpeg,3024,4032,1473,1579,1983,2067,culiseta
train_07616.jpeg,2400,3200,1262,1619,1466,1920,albopictus
train_07618.jpeg,3024,4032,1144,1355,1844,1897,albopictus
train_07619.jpeg,469,1024,160,309,378,460,japonicus-koreicus
train_07620.jpeg,736,1600,84,223,602,834,culex
train_07624.jpeg,1080,2160,122,539,871,1157,albopictus
train_07628.jpeg,949,949,145,172,771,629,culex
train_07632.jpeg,3024,4032,752,1940,2069,3082,culex
train_07633.jpeg,2592,1456,1205,575,1456,797,albopictus
train_07639.jpeg,1365,1024,531,586,701,732,culex
train_07643.jpeg,2448,2448,1120,999,1591,1460,albopictus
train_07645.jpeg,4032,3024,1044,938,1913,1761,albopictus
train_07646.jpeg,803,803,155,267,604,562,culex
train_07647.jpeg,768,1024,286,335,412,468,culex
train_07649.jpeg,4032,3024,1274,1777,2563,2922,albopictus
train_07651.jpeg,2475,1996,475,562,2048,1542,culex
train_07652.jpeg,640,480,262,204,356,265,albopictus
train_07655.jpeg,2268,4032,828,2026,1255,2357,albopictus
train_07662.jpeg,2080,4160,976,2135,1495,2572,albopictus
train_07666.jpeg,1024,1365,194,407,686,942,culex
train_07671.jpeg,3024,4032,1195,1625,2783,3708,albopictus
train_07675.jpeg,1690,1530,695,754,1007,1181,albopictus
train_07682.jpeg,1024,1365,436,637,662,843,albopictus
train_07683.jpeg,492,1024,155,266,370,507,culex
train_07688.jpeg,1820,1024,914,498,1134,727,culex
train_07692.jpeg,1270,1660,113,160,1194,1418,albopictus
train_07699.jpeg,913,1177,215,293,659,996,japonicus-koreicus
train_07701.jpeg,469,1024,130,351,351,594,culex
train_07704.jpeg,3468,4624,1276,432,1978,1587,culex
train_07708.jpeg,4032,1960,1412,394,2555,1417,culex
train_07711.jpeg,768,1024,235,450,543,693,culex
train_07720.jpeg,2896,2896,1795,967,2799,1651,culex
train_07720.jpeg,2896,2896,71,845,1350,2125,culex
train_07727.jpeg,2592,1944,819,725,1468,1171,culex
train_07730.jpeg,719,1294,281,733,457,986,culex
train_07736.jpeg,3000,4000,1023,2061,1457,2489,albopictus
train_07756.jpeg,1024,1365,154,257,593,799,culex
train_07758.jpeg,768,1024,351,437,444,541,culex
train_07759.jpeg,3024,4032,1288,2144,1770,2578,culex
train_07766.jpeg,3264,2448,1222,1072,1736,1415,culex
train_07770.jpeg,2240,4608,863,2190,1583,2607,culex
train_07774.jpeg,2976,3968,964,1942,1476,2444,albopictus
train_07779.jpeg,730,730,129,82,344,504,culex
train_07780.jpeg,4032,3024,2259,1120,2831,1505,albopictus
train_07789.jpeg,1024,1365,472,592,586,680,albopictus
train_07790.jpeg,2448,3264,496,1335,2402,2680,culex
train_07791.jpeg,960,1566,160,72,712,1066,albopictus
train_07792.jpeg,583,582,136,172,570,406,albopictus
train_07793.jpeg,955,1082,343,427,591,655,culex
train_07794.jpeg,1024,2273,251,906,659,1255,culex
train_07796.jpeg,3024,4032,738,1859,1715,2985,albopictus
train_07797.jpeg,1024,2106,407,613,686,842,culex
train_07798.jpeg,3120,4160,452,295,2530,2675,albopictus
train_07816.jpeg,1536,2048,483,346,1485,1182,japonicus-koreicus
train_07821.jpeg,2221,2221,869,836,1262,1341,albopictus
train_07824.jpeg,3024,4032,1089,1484,1702,2190,culex
train_07826.jpeg,1440,2560,618,1011,932,1367,albopictus
train_07839.jpeg,4032,3024,1726,1272,2275,1916,albopictus
train_07841.jpeg,2448,3264,941,1502,1208,1749,albopictus
train_07845.jpeg,768,1024,312,351,559,599,culex
train_07846.jpeg,2448,3264,765,1298,1416,1796,albopictus
train_07847.jpeg,3024,4032,1283,1670,2472,2763,culex
train_07848.jpeg,1944,2592,789,1056,1357,1433,albopictus
train_07854.jpeg,4128,2322,1700,813,2463,1496,albopictus
train_07866.jpeg,3096,4128,836,2091,1660,2707,albopictus
train_07871.jpeg,568,564,107,37,320,333,albopictus
train_07874.jpeg,768,1024,326,423,449,554,culex
train_07877.jpeg,918,919,374,283,449,368,albopictus
train_07881.jpeg,1600,1200,395,350,760,671,culex
train_07882.jpeg,733,733,324,109,566,444,albopictus
train_07886.jpeg,4160,3120,1230,957,2377,2015,albopictus
train_07889.jpeg,1024,1365,176,207,924,1301,culex
train_07891.jpeg,1024,2163,0,158,961,1058,culiseta
train_07895.jpeg,3024,4032,523,1519,2099,2556,albopictus
train_07909.jpeg,629,582,136,84,441,320,culex
train_07914.jpeg,3000,4000,683,1823,987,2124,culex
train_07917.jpeg,2240,4608,715,2162,1570,2996,albopictus
train_07928.jpeg,1365,1024,619,221,1068,503,albopictus
train_07941.jpeg,1960,4032,499,1768,1381,2737,anopheles
train_07944.jpeg,3024,4032,739,1686,1757,3038,albopictus
train_07945.jpeg,1024,1365,280,720,573,972,culex
train_07947.jpeg,1080,1920,474,865,599,1005,albopictus
train_07953.jpeg,768,1024,272,551,403,686,culex
train_07958.jpeg,2268,4032,957,1901,1382,2343,albopictus
train_07959.jpeg,906,1561,366,674,486,826,albopictus
train_07960.jpeg,768,1024,440,507,530,632,culex
train_07964.jpeg,4128,2322,2060,634,2794,1314,culex
train_07970.jpeg,874,1123,145,323,560,661,culex
train_07978.jpeg,462,615,62,65,396,425,culex
train_07982.jpeg,4608,3456,2118,1274,2544,1674,albopictus
train_07985.jpeg,2219,1024,812,310,1095,550,albopictus
train_07986.jpeg,1024,1820,366,835,806,1440,culex
train_07991.jpeg,1024,1365,374,525,646,973,albopictus
train_07992.jpeg,3024,4032,1246,1756,1594,2185,culex
train_07997.jpeg,5472,7296,1227,2259,3887,4996,albopictus
train_07999.jpeg,1932,2576,611,1266,917,1535,albopictus
train_08000.jpeg,3024,4032,1241,1415,2918,3745,culex
train_08006.jpeg,711,711,220,237,418,363,albopictus
train_08008.jpeg,1024,1365,333,547,546,785,albopictus
train_08009.jpeg,3024,4032,1091,2163,1710,2851,culex
train_08010.jpeg,3024,4032,701,1265,1763,2773,culex
train_08018.jpeg,768,1024,239,377,491,591,culex
train_08021.jpeg,1024,1820,156,619,787,1239,culiseta
train_08028.jpeg,2301,2441,232,90,1953,2114,albopictus
train_08035.jpeg,768,1024,130,363,624,703,albopictus
train_08036.jpeg,4032,2268,1216,398,2906,1732,culiseta
train_08039.jpeg,768,1024,275,423,457,631,culex
train_08041.jpeg,3024,4032,1093,1263,2168,2822,culex
train_08045.jpeg,3468,4624,1644,1794,2479,2715,albopictus
train_08050.jpeg,3000,4000,212,1513,2367,2919,culex
train_08051.jpeg,1200,1600,473,556,789,867,albopictus
train_08052.jpeg,2988,5312,980,2777,1650,3966,albopictus
train_08053.jpeg,3024,4032,1151,1464,1771,2107,albopictus
train_08055.jpeg,1365,1024,574,446,729,627,culex
train_08058.jpeg,448,447,122,93,376,312,albopictus
train_08059.jpeg,4608,3456,1320,749,3007,1937,albopictus
train_08069.jpeg,856,870,361,313,603,492,albopictus
train_08076.jpeg,1024,1820,254,535,385,667,culex
train_08077.jpeg,3000,4000,1108,1570,2103,2797,albopictus
train_08079.jpeg,1029,1306,304,383,906,989,albopictus
train_08083.jpeg,524,505,129,99,363,343,albopictus
train_08088.jpeg,1152,2048,249,945,791,1546,albopictus
train_08094.jpeg,1080,1920,592,901,799,1106,albopictus
train_08094.jpeg,1080,1920,231,859,424,1025,albopictus
train_08100.jpeg,1024,2275,204,918,645,1343,culex
train_08102.jpeg,1024,1365,452,665,615,826,culex
train_08103.jpeg,768,1024,245,505,440,705,culiseta
train_08108.jpeg,2120,2827,821,1168,1177,1654,culex
train_08109.jpeg,821,1006,105,102,787,855,albopictus
train_08110.jpeg,3024,4032,775,1919,1873,3311,culex
train_08112.jpeg,492,1024,80,212,360,483,culex
train_08115.jpeg,1365,1024,878,561,1026,719,culex
train_08117.jpeg,3000,4000,902,1244,1740,2159,albopictus
train_08119.jpeg,1024,1820,243,381,760,985,culex
train_08123.jpeg,743,1047,95,141,538,987,culex
train_08132.jpeg,3264,1836,1119,859,1585,1226,albopictus
train_08133.jpeg,1024,1365,402,319,569,503,culex
train_08135.jpeg,2592,1166,447,521,962,1053,culiseta
train_08138.jpeg,2976,3968,1042,2143,1521,2561,albopictus
train_08143.jpeg,768,1024,319,290,590,619,culex
train_08144.jpeg,1512,2688,287,877,1155,1805,albopictus
train_08147.jpeg,4000,1844,1037,250,2575,1582,culex
train_08148.jpeg,2160,3840,898,2067,1335,2478,culex
train_08157.jpeg,1368,1024,115,155,502,641,japonicus-koreicus
train_08168.jpeg,1365,1024,597,482,843,638,japonicus-koreicus
train_08169.jpeg,1800,4000,638,1123,982,1742,culex
train_08180.jpeg,3024,4032,603,1643,2262,2744,culex
train_08181.jpeg,958,957,379,364,707,642,albopictus
train_08184.jpeg,492,1024,220,281,304,385,culex
train_08185.jpeg,1509,1508,601,441,991,809,albopictus
train_08190.jpeg,3024,4032,1101,1639,1622,2081,albopictus
train_08191.jpeg,4160,3120,1619,1237,3120,2019,albopictus
train_08195.jpeg,1506,3264,574,1518,840,1786,albopictus
train_08201.jpeg,1024,1365,492,765,655,907,albopictus
train_08202.jpeg,1600,1200,476,462,791,691,culex
train_08203.jpeg,2048,1152,958,437,1150,690,albopictus
train_08205.jpeg,768,1024,222,768,436,929,culex
train_08212.jpeg,3264,1836,1409,465,2197,1010,albopictus
train_08224.jpeg,1204,1117,74,235,919,1003,albopictus
train_08229.jpeg,3456,4608,1502,2253,2017,2776,culex
train_08230.jpeg,6936,9248,2989,3254,4178,4222,culex
train_08239.jpeg,3840,5120,1381,3276,2301,4238,culiseta
train_08240.jpeg,1932,2576,403,636,885,1013,albopictus
train_08242.jpeg,1024,1365,226,389,1013,1018,culex
train_08245.jpeg,2136,4624,944,1533,1369,1919,albopictus
train_08248.jpeg,2268,4032,336,1433,1146,2140,albopictus
train_08252.jpeg,1024,2273,349,951,526,1175,anopheles
train_08261.jpeg,3024,4032,1124,1573,1935,2099,albopictus
train_08264.jpeg,4032,2268,1283,280,3740,2164,albopictus
train_08265.jpeg,4000,3000,815,144,2232,1126,culex
train_08268.jpeg,3096,4128,472,1720,1843,2754,albopictus
train_08269.jpeg,542,965,95,332,482,676,albopictus
train_08270.jpeg,768,1024,407,425,529,537,culex
train_08271.jpeg,768,1024,92,54,665,728,culex
train_08272.jpeg,1908,4032,987,1479,1547,1907,albopictus
train_08279.jpeg,575,575,163,175,350,340,albopictus
train_08284.jpeg,768,1024,51,227,496,850,culex
train_08285.jpeg,3456,4608,1092,2285,1593,2742,albopictus
train_08293.jpeg,3024,4032,1071,1602,2403,2864,albopictus
train_08295.jpeg,1024,1365,468,515,698,672,culex
train_08297.jpeg,2221,1024,757,310,1132,665,culiseta
train_08301.jpeg,3096,4128,366,1468,2133,3210,culex
train_08313.jpeg,3000,4000,325,1129,2522,3259,culiseta
train_08319.jpeg,4128,2322,1749,686,2323,1237,culex
train_08324.jpeg,768,1024,83,249,653,689,culex
train_08325.jpeg,3024,4032,1769,922,2309,1348,culex
train_08325.jpeg,3024,4032,1101,567,1510,898,culex
train_08325.jpeg,3024,4032,2405,1240,2717,1665,culex
train_08325.jpeg,3024,4032,1447,1646,1904,1898,culex
train_08325.jpeg,3024,4032,1180,1837,1519,2193,culex
train_08325.jpeg,3024,4032,300,2364,698,2650,culex
train_08325.jpeg,3024,4032,913,2530,1292,2858,culex
train_08329.jpeg,3000,4000,1033,1525,1742,2332,japonicus-koreicus
train_08330.jpeg,1365,1024,593,434,723,566,culex
train_08332.jpeg,1024,1365,432,1009,554,1154,culex
train_08332.jpeg,1024,1365,439,750,639,899,culex
train_08333.jpeg,3024,4032,1489,2683,1744,3010,albopictus
train_08338.jpeg,3000,4000,877,894,2104,2114,albopictus
train_08339.jpeg,3840,5120,1592,1938,3421,3577,japonicus-koreicus
train_08348.jpeg,764,626,265,193,502,442,albopictus
train_08351.jpeg,2448,3264,765,1102,1049,1432,albopictus
train_08353.jpeg,2160,3840,1058,1798,1237,1995,albopictus
train_08357.jpeg,3024,4032,641,1540,2518,2800,albopictus
train_08363.jpeg,2336,4160,752,1717,1238,2188,albopictus
train_08364.jpeg,3024,4032,34,854,2596,3436,albopictus
train_08366.jpeg,768,1024,184,258,720,803,albopictus
train_08367.jpeg,1168,876,247,163,738,622,culex
train_08384.jpeg,3024,3024,1102,1163,1884,2240,albopictus
train_08388.jpeg,2736,3648,810,1135,1157,1584,culex
train_08389.jpeg,4000,3000,739,236,2634,2497,culex
train_08392.jpeg,1024,1024,73,88,804,790,culex
train_08398.jpeg,1024,1365,310,472,676,861,culex
train_08400.jpeg,1024,1365,357,413,533,630,culex
train_08403.jpeg,1080,1559,257,706,822,1162,albopictus
train_08405.jpeg,4608,2128,1536,356,2417,1176,albopictus
train_08406.jpeg,2576,1160,900,497,1099,837,albopictus
train_08408.jpeg,1366,1154,553,396,871,635,albopictus
train_08415.jpeg,2240,4608,738,1755,1515,2426,albopictus
train_08421.jpeg,1200,1600,338,453,548,725,albopictus
train_08429.jpeg,2268,4032,931,906,1537,1935,albopictus
train_08437.jpeg,1932,2576,615,1010,1088,1278,albopictus
train_08449.jpeg,768,1024,238,351,554,607,culex
train_08452.jpeg,3024,4032,1224,1638,1661,2064,culex
train_08456.jpeg,3000,4000,1380,1873,1816,2273,culex
train_08458.jpeg,3024,4032,1274,1579,1887,2470,culiseta
train_08463.jpeg,1080,1620,193,501,877,1146,albopictus
train_08471.jpeg,1365,1024,419,264,1121,673,culex
train_08475.jpeg,1024,1365,121,275,683,1015,culex
train_08476.jpeg,2988,5312,223,1919,1587,3997,culex
train_08480.jpeg,747,746,162,161,439,450,albopictus
train_08482.jpeg,2592,1936,1417,893,1742,1152,albopictus
train_08487.jpeg,690,621,86,205,417,506,albopictus
train_08491.jpeg,3328,1872,1760,673,1958,914,albopictus
train_08493.jpeg,1024,1365,244,547,703,860,culex
train_08494.jpeg,3472,4624,950,1470,2085,3262,japonicus-koreicus
train_08501.jpeg,768,1024,234,468,678,825,culex
train_08503.jpeg,3024,4032,154,283,2191,2809,culex
train_08508.jpeg,768,1024,339,394,453,603,culex
train_08515.jpeg,3264,2448,1309,503,2101,1490,albopictus
train_08518.jpeg,4032,3024,1107,559,3660,2103,japonicus-koreicus
train_08519.jpeg,768,1024,439,212,597,455,culex
train_08519.jpeg,768,1024,104,214,287,352,culex
train_08519.jpeg,768,1024,314,154,443,316,culex
train_08519.jpeg,768,1024,136,466,369,607,culex
train_08519.jpeg,768,1024,295,660,445,777,culex
train_08519.jpeg,768,1024,503,571,644,720,culex
train_08519.jpeg,768,1024,308,798,474,891,culex
train_08519.jpeg,768,1024,194,74,353,196,culex
train_08519.jpeg,768,1024,560,221,690,313,culex
train_08525.jpeg,504,508,87,95,318,320,culex
train_08530.jpeg,1989,1967,877,770,1210,1206,albopictus
train_08535.jpeg,3024,4032,1226,1725,1656,2162,culex
train_08537.jpeg,696,1238,243,495,498,701,albopictus
train_08541.jpeg,768,1024,148,219,659,646,culex
train_08553.jpeg,1200,1600,351,678,799,1133,albopictus
train_08560.jpeg,3264,2448,689,361,2306,2360,albopictus
train_08561.jpeg,3024,4032,1406,2045,1734,2411,culex
train_08565.jpeg,3024,4032,1358,2081,1884,2568,albopictus
train_08567.jpeg,3016,4032,1864,1696,2319,2050,japonicus-koreicus
train_08568.jpeg,3264,2448,710,750,1930,1520,albopictus
train_08570.jpeg,3096,4128,1132,992,1920,1847,albopictus
train_08573.jpeg,768,1024,110,254,313,484,albopictus
train_08574.jpeg,1024,2215,390,403,957,836,culex
train_08575.jpeg,1024,1365,363,637,505,815,albopictus
train_08576.jpeg,1024,1365,193,256,823,1075,culex
train_08578.jpeg,3120,4160,1273,1845,1723,2530,culex
train_08580.jpeg,3024,4032,123,1375,890,2229,culex
train_08582.jpeg,385,513,93,105,347,365,albopictus
train_08583.jpeg,4032,3024,1722,1338,2335,1939,culex
train_08590.jpeg,2560,1440,985,413,1488,816,albopictus
train_08592.jpeg,2250,4000,1340,1760,1660,2075,culex
train_08604.jpeg,2336,4160,924,2006,1636,2725,albopictus
train_08610.jpeg,5568,3712,2125,1168,4125,2529,culex
train_08612.jpeg,2448,3264,747,506,1804,2246,albopictus
train_08616.jpeg,1024,1365,431,882,613,1091,albopictus
train_08618.jpeg,1200,1600,425,682,914,1159,culex
train_08620.jpeg,3024,4032,380,1597,1984,3152,culex
train_08622.jpeg,1200,1600,178,360,633,907,culex
train_08622.jpeg,1200,1600,694,441,1080,872,culex
train_08625.jpeg,1707,2208,422,710,1129,1492,culex
train_08627.jpeg,2976,3968,912,1115,1864,1995,albopictus
train_08629.jpeg,1024,2217,414,1063,629,1303,culex
train_08633.jpeg,1024,2163,316,526,878,1178,culex
train_08634.jpeg,2448,3264,971,1551,1452,1926,albopictus
train_08635.jpeg,4032,2268,2654,1026,2966,1423,culex
train_08638.jpeg,4128,3096,1380,930,2403,1724,albopictus
train_08642.jpeg,3456,4608,1237,2466,1741,2862,albopictus
train_08643.jpeg,1024,2106,331,818,847,1375,culiseta
train_08649.jpeg,1836,3264,934,1375,1231,1671,albopictus
train_08652.jpeg,3024,4032,320,695,2428,3019,culiseta
train_08656.jpeg,768,1024,289,468,475,677,culex
train_08662.jpeg,2448,3264,705,902,1647,1976,albopictus
train_08664.jpeg,3472,4624,1108,2290,1598,2648,culex
train_08670.jpeg,1365,1024,493,349,784,515,albopictus
train_08673.jpeg,3120,4160,416,1640,2582,3708,culex
train_08678.jpeg,768,1024,221,374,476,566,culex
train_08681.jpeg,3024,4032,1412,2078,1745,2393,albopictus
train_08685.jpeg,767,706,340,231,578,520,albopictus
train_08688.jpeg,1024,2272,495,815,698,1009,culex
train_08690.jpeg,1024,1365,401,654,561,788,albopictus
train_08692.jpeg,459,480,0,107,437,449,albopictus
train_08695.jpeg,3000,4000,1224,1685,1630,2170,culex
train_08711.jpeg,3000,4000,806,1656,1654,2790,culex
train_08714.jpeg,768,1024,336,440,508,638,albopictus
train_08715.jpeg,2084,4624,31,709,1549,2618,albopictus
train_08717.jpeg,2592,1944,402,21,2097,1747,culex
train_08718.jpeg,768,1024,283,541,477,766,culex
train_08721.jpeg,1932,2576,793,1127,1160,1598,albopictus
train_08722.jpeg,2988,5312,1187,2529,1554,3005,albopictus
train_08744.jpeg,4032,3024,1556,1153,1940,1602,culex
train_08749.jpeg,3096,4128,848,1319,1570,2588,culex
train_08752.jpeg,1600,1200,336,105,966,1078,aegypti
train_08753.jpeg,1947,2596,398,337,1423,2046,culex
train_08758.jpeg,2240,3968,490,1081,1387,1943,albopictus
train_08762.jpeg,3024,4032,813,1839,1904,3074,culex
train_08768.jpeg,2448,3264,724,1036,2428,2149,albopictus
train_08771.jpeg,1512,2016,129,302,1114,1486,culex
train_08777.jpeg,3120,4160,887,1926,2082,2720,albopictus
train_08785.jpeg,3024,4032,232,1431,2265,2947,culex
train_08786.jpeg,768,1024,289,384,439,542,albopictus
train_08791.jpeg,3000,4000,570,1138,2179,2607,albopictus
train_08793.jpeg,768,1024,361,658,460,748,culex
train_08804.jpeg,414,328,148,20,288,218,albopictus
train_08810.jpeg,1024,1365,294,631,468,772,culex
train_08811.jpeg,4032,2268,1728,979,2070,1447,culex
train_08816.jpeg,1080,2400,13,756,995,1773,albopictus
train_08818.jpeg,2340,4160,974,2349,1363,2854,albopictus
train_08823.jpeg,1024,1365,479,509,578,618,culex
train_08827.jpeg,380,675,45,151,353,570,culex
train_08828.jpeg,2448,3264,960,1399,1405,1759,albopictus
train_08829.jpeg,4032,3024,1820,1203,2132,1544,albopictus
train_08832.jpeg,3024,4032,919,1707,1759,2617,culex
train_08836.jpeg,1024,1365,191,22,1024,1285,culex
train_08844.jpeg,758,896,158,42,536,726,culex
train_08845.jpeg,1807,1751,710,706,1369,1265,albopictus
train_08847.jpeg,5312,2988,1336,406,3460,2707,albopictus
train_08858.jpeg,2368,4208,998,1999,1472,2357,albopictus
train_08861.jpeg,3024,4032,0,184,2636,3379,culiseta
train_08868.jpeg,3000,4000,651,1824,1102,2329,albopictus
train_08879.jpeg,1440,2560,436,315,1016,915,culex
train_08882.jpeg,2336,4160,996,2190,1321,2618,albopictus
train_08883.jpeg,1200,2592,514,1277,824,1595,albopictus
train_08889.jpeg,900,1600,388,187,745,486,albopictus
train_08901.jpeg,1024,1365,397,453,595,650,culex
train_08902.jpeg,2129,1024,552,244,1012,645,albopictus
train_08906.jpeg,1600,1200,681,606,876,814,albopictus
train_08910.jpeg,3120,4160,1296,2254,1719,2606,albopictus
train_08913.jpeg,768,1024,87,402,591,778,albopictus
train_08916.jpeg,768,1024,184,438,349,616,culex
train_08918.jpeg,4032,1960,1719,904,2268,1341,culex
train_08922.jpeg,1125,2436,10,394,841,1335,albopictus
train_08923.jpeg,1024,2107,413,948,674,1219,culex
train_08927.jpeg,1197,1600,413,509,817,1099,albopictus
train_08929.jpeg,4032,3024,2242,1818,2800,2221,culex
train_08930.jpeg,768,1024,323,359,444,507,culex
train_08932.jpeg,1200,1600,123,395,838,1346,culiseta
train_08938.jpeg,3120,4160,1428,1906,1730,2241,albopictus
train_08942.jpeg,674,669,177,268,437,492,albopictus
train_08943.jpeg,3024,4032,503,656,1953,2555,albopictus
train_08944.jpeg,3264,2448,1220,354,2371,1115,albopictus
train_08951.jpeg,3024,4032,1206,1435,1507,1805,albopictus
train_08955.jpeg,1080,1079,293,292,893,686,albopictus
train_08959.jpeg,768,1024,145,268,593,720,culex
train_08964.jpeg,3024,4032,131,51,2443,2602,culex
train_08965.jpeg,768,1024,167,248,542,871,culiseta
train_08966.jpeg,1024,1365,281,364,891,996,culex
train_08968.jpeg,991,1199,216,198,756,961,albopictus
train_08971.jpeg,3024,4032,413,196,2892,2921,culiseta
train_08974.jpeg,1860,4032,936,2164,1190,2516,culex
train_08980.jpeg,1908,4032,554,1404,1531,2102,albopictus
train_08988.jpeg,1600,960,544,184,1146,723,albopictus
train_08990.jpeg,1024,1365,374,759,561,985,culex
train_08992.jpeg,1500,2000,288,746,733,1252,culex
train_08993.jpeg,2256,4000,753,1013,1203,1457,japonicus-koreicus
train_08996.jpeg,540,960,23,319,524,789,albopictus
train_09007.jpeg,2268,4032,716,1420,1912,2676,albopictus
train_09010.jpeg,3496,3496,1594,1775,2095,2234,albopictus
train_09012.jpeg,1028,781,153,74,829,588,culex
train_09019.jpeg,768,1024,112,175,597,831,culex
train_09020.jpeg,768,1024,328,199,707,484,albopictus
train_09022.jpeg,1052,1158,348,364,667,739,albopictus
train_09027.jpeg,2448,3264,913,1333,1482,1881,albopictus
train_09029.jpeg,768,1024,327,496,434,615,culex
train_09037.jpeg,1024,1820,310,774,731,1109,albopictus
train_09038.jpeg,768,1024,154,421,599,759,albopictus
train_09039.jpeg,1200,1600,478,382,718,626,albopictus
train_09040.jpeg,1024,2273,200,727,716,1317,culex
train_09043.jpeg,768,1024,265,216,389,363,culex
train_09046.jpeg,1200,1600,335,514,584,671,culex
train_09048.jpeg,1267,1003,343,293,761,939,albopictus
train_09051.jpeg,492,1024,236,613,391,808,albopictus
train_09053.jpeg,738,641,206,127,637,571,culex
train_09062.jpeg,3024,4032,1415,1906,1856,2274,culex
train_09066.jpeg,3000,4000,937,1197,2329,2583,albopictus
train_09072.jpeg,4032,2268,1771,969,1975,1173,culex
train_09076.jpeg,3096,4128,1069,1163,1997,2149,albopictus
train_09082.jpeg,621,803,194,248,421,571,albopictus
train_09084.jpeg,1024,1367,124,404,617,871,culex
train_09089.jpeg,768,1024,139,436,436,712,culex
train_09093.jpeg,3024,4032,1029,2085,1790,2937,culex
train_09096.jpeg,3024,4032,1082,1427,1664,2310,culex
train_09102.jpeg,1368,1024,601,373,850,782,albopictus
train_09104.jpeg,1080,1920,314,446,834,1382,culex
train_09107.jpeg,1024,1820,303,888,529,1104,culex
train_09115.jpeg,1334,750,339,58,807,610,japonicus-koreicus
train_09116.jpeg,1024,1365,345,1002,603,1225,culex
train_09122.jpeg,4160,3120,815,314,2687,2779,albopictus
train_09133.jpeg,3120,4160,163,1517,2328,3914,albopictus
train_09140.jpeg,768,1024,290,337,402,454,culex
train_09145.jpeg,3024,4032,1670,885,2327,1437,albopictus
train_09159.jpeg,1836,3264,781,1903,1186,2409,albopictus
train_09163.jpeg,765,1024,389,521,488,633,albopictus
train_09168.jpeg,768,1024,124,316,576,728,culex
train_09169.jpeg,768,1024,165,427,619,768,culiseta
train_09172.jpeg,768,1024,312,406,463,546,culex
train_09175.jpeg,3120,4160,1487,2134,1779,2539,culex
train_09181.jpeg,1024,1365,391,543,709,901,culiseta
train_09182.jpeg,3024,4032,1205,2094,1762,2723,albopictus
train_09184.jpeg,759,866,194,79,485,724,culiseta
train_09187.jpeg,904,1600,171,568,548,1006,culex
train_09188.jpeg,1994,2349,790,816,1211,1289,culex
train_09191.jpeg,1908,4032,856,2064,1466,2554,albopictus
train_09216.jpeg,1080,1920,169,117,1080,1160,albopictus
train_09226.jpeg,720,1280,184,451,620,859,albopictus
train_09233.jpeg,3024,4032,1010,1843,1771,2958,albopictus
train_09236.jpeg,1500,2000,512,895,782,1105,culex
train_09237.jpeg,768,1024,241,527,378,628,culex
train_09238.jpeg,3024,4032,1045,1482,2095,2475,japonicus-koreicus
train_09247.jpeg,4032,3024,1971,1779,2563,2505,culex
train_09247.jpeg,4032,3024,2020,410,2568,719,culex
train_09247.jpeg,4032,3024,1710,656,2168,1055,culex
train_09247.jpeg,4032,3024,1245,1036,1662,1341,culex
train_09247.jpeg,4032,3024,617,1205,997,1605,culex
train_09247.jpeg,4032,3024,662,1760,1245,2077,culex
train_09247.jpeg,4032,3024,2084,1246,2483,1670,culex
train_09247.jpeg,4032,3024,615,1410,1007,1673,culex
train_09250.jpeg,768,1024,340,527,429,599,culex
train_09253.jpeg,1600,1200,358,403,872,851,albopictus
train_09254.jpeg,4608,2592,848,503,2081,2117,albopictus
train_09256.jpeg,3120,4160,480,663,2855,2294,albopictus
train_09257.jpeg,885,664,184,49,837,632,culiseta
train_09271.jpeg,579,772,43,41,546,683,albopictus
train_09272.jpeg,1800,4000,210,613,1746,2029,culiseta
train_09274.jpeg,929,1053,130,176,771,744,culiseta
train_09279.jpeg,3456,4608,1391,2340,1835,2946,culex
train_09283.jpeg,768,1024,239,254,617,590,culex
train_09284.jpeg,1292,1426,371,463,659,785,albopictus
train_09285.jpeg,1024,1365,136,351,587,933,anopheles
train_09291.jpeg,1041,954,522,370,639,525,albopictus
train_09293.jpeg,3096,4128,945,1053,1758,2147,albopictus
train_09294.jpeg,2880,2160,796,241,2759,2060,japonicus-koreicus
train_09295.jpeg,4032,3024,1900,712,2566,1542,albopictus
train_09307.jpeg,768,1024,322,405,540,669,culex
train_09309.jpeg,1365,1024,327,65,1019,846,culex
train_09310.jpeg,1932,2576,615,1010,1088,1278,albopictus
train_09314.jpeg,3456,4608,1674,2039,2093,2488,albopictus
train_09323.jpeg,768,1024,145,478,333,625,albopictus
train_09329.jpeg,2976,3968,1251,1592,2198,2512,albopictus
train_09333.jpeg,736,1600,87,260,591,991,culex
train_09334.jpeg,1024,2106,329,1365,653,1557,culex
train_09335.jpeg,3024,4032,928,967,2520,3246,culex
train_09336.jpeg,575,394,52,60,502,311,albopictus
train_09340.jpeg,2084,4624,650,2130,1059,2697,culex
train_09341.jpeg,2048,1533,1055,652,1208,879,albopictus
train_09342.jpeg,3024,4032,1228,2093,1564,2439,albopictus
train_09361.jpeg,886,886,237,148,706,634,japonicus-koreicus
train_09366.jpeg,3024,4032,847,1410,1770,2691,culex
train_09368.jpeg,768,1024,325,467,436,612,culex
train_09372.jpeg,511,609,112,126,412,390,albopictus
train_09376.jpeg,768,1024,114,278,514,684,culex
train_09377.jpeg,923,2048,267,644,478,827,japonicus-koreicus
train_09387.jpeg,2160,3840,1015,1636,1310,2050,culex
train_09388.jpeg,642,642,271,67,497,329,albopictus
train_09389.jpeg,4128,3096,1146,489,2408,1663,culex
train_09391.jpeg,1024,1820,155,572,779,996,albopictus
train_09392.jpeg,768,1024,88,160,355,378,culex
train_09393.jpeg,1024,1365,379,430,550,686,albopictus
train_09396.jpeg,2091,1876,448,330,1677,1404,albopictus
train_09401.jpeg,3024,4032,827,1321,1982,2577,aegypti
train_09413.jpeg,657,685,224,328,547,509,albopictus
train_09429.jpeg,788,892,255,275,582,681,albopictus
train_09431.jpeg,2268,4032,947,1482,1720,2193,culex
train_09435.jpeg,810,810,206,152,699,549,culex
train_09441.jpeg,3024,4032,422,751,2240,3109,culex
train_09442.jpeg,2448,3264,528,735,2022,2408,albopictus
train_09444.jpeg,1920,1080,419,73,1174,954,aegypti
train_09447.jpeg,1024,1820,554,888,729,1073,culex
train_09449.jpeg,498,505,106,121,374,380,culex
train_09451.jpeg,3024,4032,1191,1439,2500,2302,albopictus
train_09456.jpeg,1365,1024,299,181,900,742,culex
train_09461.jpeg,1080,1920,227,756,381,894,albopictus
train_09462.jpeg,3024,4032,958,1521,1254,1874,culex
train_09464.jpeg,3024,4032,566,699,1836,1869,culex
train_09465.jpeg,2560,1920,1040,785,1474,1174,albopictus
train_09466.jpeg,3060,4080,776,1699,2277,3390,albopictus
train_09467.jpeg,3264,1836,1279,55,2103,1075,albopictus
train_09477.jpeg,1024,2106,293,1098,674,1385,culex
train_09481.jpeg,3456,4608,399,1812,2470,4139,culex
train_09482.jpeg,3024,4032,1287,1877,1787,2266,culex
train_09483.jpeg,768,1024,137,424,431,710,albopictus
train_09488.jpeg,1024,2273,84,377,964,1477,culex
train_09492.jpeg,3000,4000,647,877,2084,2202,albopictus
train_09494.jpeg,1024,1365,45,450,676,1119,culex
train_09498.jpeg,3120,4160,555,1911,2006,3329,albopictus
train_09499.jpeg,3120,4160,1294,1815,1619,2130,albopictus
train_09501.jpeg,453,452,109,139,311,325,albopictus
train_09508.jpeg,3024,4032,1441,1856,1731,2106,culex
train_09528.jpeg,3000,4000,637,1091,2690,3585,japonicus-koreicus
train_09529.jpeg,2080,4160,1124,1643,1465,2077,albopictus
train_09530.jpeg,3120,4160,1013,2524,1479,3124,albopictus
train_09531.jpeg,1290,1177,489,514,783,844,albopictus
train_09534.jpeg,768,1024,307,476,410,597,culex
train_09551.jpeg,2016,4480,662,1649,1173,2210,albopictus
train_09554.jpeg,768,1024,269,451,486,842,culex
train_09556.jpeg,1024,1365,262,126,883,1258,culex
train_09557.jpeg,2393,2443,757,429,1558,1697,culex
train_09559.jpeg,1216,1362,26,41,980,1017,albopictus
train_09567.jpeg,1024,1365,320,468,636,1127,culex
train_09568.jpeg,827,575,260,149,486,425,albopictus
train_09575.jpeg,3968,2976,271,303,3537,2907,culex
train_09577.jpeg,1536,2048,11,120,1533,1800,japonicus-koreicus
train_09587.jpeg,1024,1365,329,491,690,877,culex
train_09589.jpeg,3024,4032,850,1666,1952,2872,culex
train_09595.jpeg,1536,2560,627,1155,812,1318,albopictus
train_09598.jpeg,3000,4000,558,1192,1970,2715,albopictus
train_09599.jpeg,1086,634,442,304,647,514,culex
train_09606.jpeg,1024,1365,211,383,578,603,japonicus-koreicus
train_09609.jpeg,4608,3456,2127,1368,2575,1615,culex
train_09624.jpeg,3024,4032,1198,1470,2012,2450,culex
train_09633.jpeg,6000,8000,2554,4423,3309,5337,albopictus
train_09638.jpeg,3000,4000,1132,1419,1614,1816,albopictus
train_09641.jpeg,768,1024,178,428,536,673,culex
train_09643.jpeg,1564,1316,365,197,1092,1188,albopictus
train_09645.jpeg,3024,4032,559,535,2294,2353,culex
train_09649.jpeg,1264,1265,393,352,653,631,albopictus
train_09655.jpeg,1231,1070,233,201,698,833,albopictus
train_09656.jpeg,1200,1600,483,499,673,681,aegypti
train_09662.jpeg,3072,1728,1162,594,1649,993,albopictus
train_09666.jpeg,1024,1365,85,244,1003,1112,culex
train_09667.jpeg,3024,4032,924,1634,2010,2609,culex
train_09669.jpeg,3024,4032,1299,1821,1670,2238,albopictus
train_09676.jpeg,1860,2147,674,700,1295,1399,albopictus
train_09684.jpeg,3024,4032,713,1758,1802,2619,culex
train_09690.jpeg,768,1024,211,558,370,743,culex
train_09691.jpeg,469,1024,208,410,304,565,culex
train_09692.jpeg,3024,4032,1832,2397,2141,2807,albopictus
train_09701.jpeg,2257,2257,84,248,1570,2187,culiseta
train_09706.jpeg,3024,4032,1108,1860,2376,2872,albopictus
train_09709.jpeg,768,1024,284,565,355,666,culex
train_09712.jpeg,1024,1024,164,388,859,791,culiseta
train_09715.jpeg,674,526,21,110,462,363,culex
train_09718.jpeg,1599,1186,892,354,1143,556,albopictus
train_09721.jpeg,2896,2896,613,0,1884,1357,culex
train_09721.jpeg,2896,2896,854,1852,1865,2765,culex
train_09728.jpeg,1024,2275,268,960,848,1471,culex
train_09733.jpeg,2592,4608,821,1888,1389,2288,albopictus
train_09733.jpeg,2592,4608,1272,2152,1629,2437,albopictus
train_09735.jpeg,2592,1458,883,590,1196,1003,albopictus
train_09739.jpeg,3264,2448,645,430,1804,1068,albopictus
train_09740.jpeg,2592,1944,1111,521,1882,1526,albopictus
train_09741.jpeg,2592,1168,957,133,1948,1052,culex
train_09749.jpeg,4032,3024,521,949,1434,2017,albopictus
train_09750.jpeg,844,595,212,103,727,519,japonicus-koreicus
train_09756.jpeg,3024,4032,753,2108,1422,2543,albopictus
train_09768.jpeg,768,1024,282,484,387,567,albopictus
train_09771.jpeg,3024,4032,1528,1763,1778,2016,albopictus
train_09782.jpeg,3024,4032,873,867,2161,2567,albopictus
train_09784.jpeg,3024,4032,862,1282,2680,2615,culex
train_09793.jpeg,1024,1365,325,690,492,889,culex
train_09794.jpeg,3024,4032,1574,2640,2043,3253,albopictus
train_09796.jpeg,3000,4000,482,1201,2208,2981,albopictus
train_09798.jpeg,1365,1024,597,392,750,576,albopictus
train_09802.jpeg,2048,1536,568,619,829,922,albopictus
train_09804.jpeg,3456,4608,1514,2349,1929,2829,albopictus
train_09807.jpeg,2548,2812,463,304,1300,1262,japonicus-koreicus
train_09809.jpeg,768,1024,304,497,436,663,culiseta
train_09813.jpeg,1130,1110,303,318,626,732,albopictus
train_09818.jpeg,2448,3264,887,884,1580,1759,albopictus
train_09820.jpeg,2592,1944,442,551,1213,1810,culex
train_09821.jpeg,3024,4032,1109,1260,2128,2931,culex
train_09822.jpeg,3000,4000,690,1213,2525,3137,japonicus-koreicus
train_09823.jpeg,1024,1365,332,591,1013,1122,albopictus
train_09826.jpeg,720,1280,169,495,450,755,albopictus
train_09830.jpeg,3024,4032,1089,2077,1664,2516,culiseta
train_09831.jpeg,1024,1818,481,1001,599,1147,albopictus
train_09839.jpeg,768,1024,263,50,768,620,culex
train_09854.jpeg,1024,1365,114,452,797,907,culex
train_09855.jpeg,1836,3264,631,1375,1020,1837,albopictus
train_09857.jpeg,3024,4032,1251,1944,1644,2284,albopictus
train_09858.jpeg,3000,4000,1165,1896,1860,2594,culiseta
train_09860.jpeg,1024,1365,404,654,579,813,culex
train_09861.jpeg,2448,3264,719,1419,1168,1890,albopictus
train_09873.jpeg,3468,4624,1127,1168,2351,2302,culex
train_09874.jpeg,1024,1365,217,416,811,1236,culex
train_09877.jpeg,1908,4032,385,1159,1380,3220,culex
train_09878.jpeg,1024,1365,66,87,843,859,culex
train_09882.jpeg,4032,1908,1272,898,2234,1538,culex
train_09883.jpeg,1936,2592,615,873,978,1337,albopictus
train_09884.jpeg,1024,1820,369,705,523,886,culex
train_09888.jpeg,1024,1365,368,765,545,910,japonicus-koreicus
train_09890.jpeg,2160,2160,731,652,1367,1305,albopictus
train_09897.jpeg,1200,1600,369,617,663,906,culex
train_09899.jpeg,542,463,84,126,486,387,albopictus
train_09900.jpeg,1844,4000,0,464,1480,2683,albopictus
train_09902.jpeg,2268,4032,927,1793,1606,2722,albopictus
train_09905.jpeg,768,1024,338,443,421,517,culex
train_09906.jpeg,1080,1590,342,554,628,925,albopictus
train_09918.jpeg,3472,4624,1735,1938,2215,2516,culex
train_09919.jpeg,2736,4864,652,2188,1227,2805,albopictus
train_09921.jpeg,1124,1491,430,468,764,950,albopictus
train_09927.jpeg,3456,4608,1078,1763,2417,2896,albopictus
train_09931.jpeg,1024,1024,351,343,850,731,culex
train_09932.jpeg,1464,1435,841,752,1004,936,albopictus
train_09934.jpeg,1024,1365,295,468,472,700,culex
train_09938.jpeg,1024,1365,202,716,349,866,albopictus
train_09938.jpeg,1024,1365,484,713,614,816,albopictus
train_09946.jpeg,3024,4032,1381,1811,1849,2433,culex
train_09950.jpeg,1920,1080,595,196,1234,874,albopictus
train_09951.jpeg,2128,4608,122,790,1703,2329,albopictus
train_09953.jpeg,1024,1365,271,532,834,1107,culex
train_09955.jpeg,3024,4032,800,1767,1479,2484,albopictus
train_09958.jpeg,768,1024,226,228,711,842,albopictus
train_09961.jpeg,4000,3000,1594,1377,2137,2064,culex
train_09965.jpeg,3840,2160,1295,731,2007,1524,japonicus-koreicus
train_09966.jpeg,3024,4032,413,908,1956,2594,culex
train_09968.jpeg,3000,4000,1161,1566,1668,2400,culex
train_09971.jpeg,2448,3264,1000,1256,1373,1695,albopictus
train_09974.jpeg,736,1600,166,641,396,810,albopictus
train_09975.jpeg,2992,4000,639,2487,1939,3182,culex
train_09983.jpeg,3024,4032,967,1375,1977,2566,albopictus
train_09997.jpeg,1200,1600,408,530,939,1053,culiseta
train_09999.jpeg,3024,4032,327,1376,2569,3382,culex
train_10000.jpeg,2268,4032,110,1356,2045,2376,albopictus
train_10002.jpeg,1024,1820,148,155,1019,1142,culex
train_10006.jpeg,3096,4128,1131,416,2505,2557,albopictus
train_10007.jpeg,4224,5632,1654,2721,2125,3283,albopictus
train_10020.jpeg,768,1024,241,300,438,494,albopictus
train_10021.jpeg,2448,3264,755,1390,1399,2352,albopictus
train_10025.jpeg,768,1024,228,247,487,615,albopictus
train_10028.jpeg,3456,4608,1677,2182,2142,2632,albopictus
train_10032.jpeg,768,1024,219,419,458,744,albopictus
train_10036.jpeg,3072,4080,1161,1816,1991,2409,albopictus
train_10041.jpeg,1365,1024,424,197,667,539,culex
train_10043.jpeg,1800,4000,21,465,1779,2933,culex
train_10045.jpeg,4000,2248,1740,750,2064,1273,albopictus
train_10047.jpeg,1393,1553,175,218,1153,1393,albopictus
train_10054.jpeg,3024,4032,1403,1753,1732,2172,culex
train_10055.jpeg,3024,4032,909,1345,1752,2287,culiseta
train_10058.jpeg,1216,1470,404,796,662,1046,culex
train_10059.jpeg,2268,4032,254,602,2245,2392,culiseta
train_10063.jpeg,4640,2610,2726,1436,3079,1710,albopictus
train_10069.jpeg,1365,1024,173,610,342,755,culex
train_10069.jpeg,1365,1024,485,470,662,627,culex
train_10069.jpeg,1365,1024,801,425,941,550,culex
train_10073.jpeg,3120,4208,892,1284,1720,2493,albopictus
train_10081.jpeg,1024,2163,420,958,612,1108,albopictus
train_10082.jpeg,1086,781,410,207,821,543,albopictus
train_10085.jpeg,882,773,268,159,706,570,culex
train_10086.jpeg,2271,1854,720,550,1401,1078,albopictus
train_10094.jpeg,4608,3456,1983,1343,2723,1817,japonicus-koreicus
train_10095.jpeg,1024,1820,347,983,579,1271,culex
train_10095.jpeg,1024,1820,603,651,819,792,culex
train_10096.jpeg,1200,1600,354,649,717,893,albopictus
train_10103.jpeg,3968,2976,768,1154,1147,1539,albopictus
train_10104.jpeg,1024,1820,376,641,618,990,culiseta
train_10105.jpeg,3024,4032,1236,1609,1837,2231,culex
train_10109.jpeg,4160,3120,1073,880,3429,2716,albopictus
train_10114.jpeg,1024,2048,555,727,746,884,albopictus
train_10117.jpeg,4032,3024,1310,561,2617,1386,culex
train_10119.jpeg,2592,4608,1011,1752,1472,2309,albopictus
train_10120.jpeg,541,406,129,20,326,273,albopictus
train_10128.jpeg,3024,4032,726,1682,2142,2921,culex
train_10130.jpeg,2340,4160,640,1837,1107,2336,albopictus
train_10135.jpeg,3120,4160,804,1403,1842,2682,culiseta
train_10144.jpeg,3024,4032,1269,1898,1641,2248,albopictus
train_10146.jpeg,768,1024,333,425,430,518,culex
train_10151.jpeg,768,1024,255,549,443,689,culex
train_10157.jpeg,4032,3024,619,1444,1964,2204,culiseta
train_10161.jpeg,3024,4032,1157,1617,1717,2360,culex
train_10165.jpeg,4032,3024,2003,1552,2398,1910,albopictus
train_10177.jpeg,768,1024,334,402,514,561,culex
train_10180.jpeg,1024,1365,139,30,913,784,culex
train_10182.jpeg,1024,1820,421,861,565,1057,culex
train_10186.jpeg,5616,2808,878,496,3864,2704,culex
train_10191.jpeg,3000,3000,193,668,2773,2647,culex
train_10197.jpeg,4000,3000,1695,1254,2232,1834,culiseta
train_10200.jpeg,853,730,216,60,663,634,culex
train_10201.jpeg,3264,1840,1663,767,2078,1106,albopictus
train_10202.jpeg,1024,1820,387,675,663,993,culiseta
train_10203.jpeg,1458,2592,375,837,1135,1847,albopictus
train_10205.jpeg,1024,1820,391,610,708,1065,culex
train_10213.jpeg,1024,1363,679,470,828,632,albopictus
train_10217.jpeg,2448,3264,904,691,1351,1145,albopictus
train_10223.jpeg,5616,2808,1966,395,3434,1995,albopictus
train_10230.jpeg,2448,3264,1129,1407,1422,1780,albopictus
train_10233.jpeg,2293,2326,823,911,1359,1386,culex
train_10236.jpeg,1944,2592,669,1212,1313,1723,albopictus
train_10237.jpeg,4032,3024,958,0,3096,1854,culex
train_10243.jpeg,3024,4032,1342,1816,1922,2530,culex
train_10248.jpeg,768,1024,236,334,640,888,albopictus
train_10250.jpeg,3024,4032,1401,1849,1979,2591,albopictus
train_10265.jpeg,1705,2273,667,999,927,1269,albopictus
train_10270.jpeg,768,1024,345,273,427,351,culex
train_10271.jpeg,3024,4032,774,733,988,968,albopictus
train_10277.jpeg,1024,1024,215,206,888,861,anopheles
train_10278.jpeg,1156,1131,213,302,1028,1014,culex
train_10279.jpeg,4000,3000,2064,1062,3034,1629,culiseta
train_10287.jpeg,1944,2592,514,1401,1364,2113,culex
train_10288.jpeg,3024,3024,996,732,1919,2015,culiseta
train_10290.jpeg,768,1024,244,405,326,519,culex
train_10292.jpeg,3096,4128,1666,1707,2103,2064,albopictus
train_10299.jpeg,4608,3456,2279,1210,3341,2363,culiseta
train_10304.jpeg,897,898,305,265,581,568,albopictus
train_10309.jpeg,1024,1365,304,438,614,785,culex
train_10312.jpeg,768,1024,234,195,576,536,japonicus-koreicus
train_10315.jpeg,2448,3264,624,772,1850,2035,albopictus
train_10321.jpeg,1920,1080,1,72,1644,1062,culex
train_10330.jpeg,1024,1820,325,817,735,1167,culex
train_10334.jpeg,2592,1944,772,936,1199,1176,albopictus
train_10340.jpeg,4128,3096,1587,1135,2233,1975,culex
train_10344.jpeg,4000,1800,1144,580,1609,1307,culex
train_10347.jpeg,3024,4032,666,956,2799,3531,culex
train_10355.jpeg,3000,4000,1064,2463,1442,2917,albopictus
train_10356.jpeg,1536,2048,350,641,985,1360,culex
