img_fName,img_w,img_h,bbx_xtl,bbx_ytl,bbx_xbr,bbx_ybr,class_label
train_00003.jpeg,3456,4608,1169,2364,1586,2826,albopictus
train_00006.jpeg,3072,4080,1104,1030,2458,2911,anopheles
train_00013.jpeg,768,1024,272,628,374,735,culex
train_00014.jpeg,1800,4000,727,1561,1005,1757,culex
train_00019.jpeg,1627,2081,672,644,1222,1194,culex
train_00021.jpeg,3000,4000,1075,1355,1854,2111,albopictus
train_00022.jpeg,3024,4032,949,796,1857,1633,culiseta
train_00023.jpeg,1024,1365,316,646,588,901,culex
train_00029.jpeg,768,1024,161,251,474,725,japonicus-koreicus
train_00030.jpeg,1024,1365,370,688,503,841,culex
train_00035.jpeg,4032,3024,1886,1375,2231,1653,albopictus
train_00045.jpeg,1024,1024,465,380,699,610,culex
train_00051.jpeg,4032,1908,2140,62,3393,920,culex
train_00055.jpeg,1024,1365,304,417,788,850,culex
train_00068.jpeg,3024,4032,1199,1986,1795,2466,culex
train_00071.jpeg,3024,4032,931,2208,1050,2335,albopictus
train_00083.jpeg,2627,2370,227,316,2287,1955,albopictus
train_00086.jpeg,2146,2861,955,1766,1351,2303,culex
train_00087.jpeg,1200,1600,278,574,802,1276,culex
train_00090.jpeg,3000,4000,692,1699,1769,2732,culex
train_00091.jpeg,3024,4032,973,500,2093,2299,culiseta
train_00093.jpeg,1200,1600,209,402,1015,1091,japonicus-koreicus
train_00101.jpeg,768,1024,225,278,592,650,culex
train_00106.jpeg,1094,1675,232,443,863,1335,albopictus
train_00107.jpeg,768,1024,151,151,664,828,culex
train_00111.jpeg,750,1334,134,389,529,816,albopictus
train_00122.jpeg,1024,1365,260,383,791,1013,culex
train_00129.jpeg,795,749,115,145,682,622,culex
train_00134.jpeg,3024,4032,1017,2061,1939,2757,culex
train_00139.jpeg,1536,2048,159,392,1005,1339,albopictus
train_00142.jpeg,3000,4000,1570,2924,1919,3251,albopictus
train_00148.jpeg,768,1024,122,298,472,700,albopictus
train_00149.jpeg,938,771,255,101,828,581,culex
train_00150.jpeg,1423,1493,326,495,911,1074,culiseta
train_00157.jpeg,2250,4000,734,1091,2098,2171,culex
train_00160.jpeg,3024,4032,1165,1512,1728,2181,culex
train_00162.jpeg,3024,4032,898,910,2651,2719,culex
train_00163.jpeg,3024,4032,1282,1995,1595,2350,culex
train_00170.jpeg,2128,4608,545,1976,1025,2753,japonicus-koreicus
train_00184.jpeg,1242,2208,369,706,890,1362,albopictus
train_00193.jpeg,3024,4032,1602,2735,1885,3127,albopictus
train_00195.jpeg,720,1280,27,292,620,1069,albopictus
train_00197.jpeg,3000,4000,1217,1159,1642,1901,albopictus
train_00202.jpeg,4032,3024,2112,1402,2649,1810,japonicus-koreicus
train_00203.jpeg,1816,4032,648,1537,1250,2255,culex
train_00209.jpeg,1280,720,593,417,657,486,albopictus
train_00210.jpeg,616,616,223,277,429,526,albopictus
train_00211.jpeg,3024,4032,1247,1561,2132,2282,culex
train_00213.jpeg,3024,4032,665,1569,2122,3003,albopictus
train_00214.jpeg,768,1024,445,452,688,742,culex
train_00220.jpeg,1024,1365,391,530,632,715,albopictus
train_00222.jpeg,1200,1600,493,653,699,985,albopictus
train_00230.jpeg,1234,1324,543,251,960,792,japonicus-koreicus
train_00231.jpeg,3120,4160,669,1441,2323,2922,albopictus
train_00234.jpeg,626,542,172,159,401,356,albopictus
train_00236.jpeg,768,1024,245,391,593,657,culex
train_00238.jpeg,4000,3000,936,1654,2375,2880,culex
train_00243.jpeg,3024,4032,1397,1852,1682,2223,japonicus-koreicus
train_00246.jpeg,1024,1365,333,477,761,869,culex
train_00249.jpeg,1824,1824,367,386,1216,1104,albopictus
train_00251.jpeg,2129,1024,502,344,903,709,culex
train_00253.jpeg,4032,3024,1252,798,2521,2601,albopictus
train_00273.jpeg,768,1024,321,372,434,501,culex
train_00277.jpeg,1600,900,716,380,1094,712,albopictus
train_00280.jpeg,3000,4000,1083,985,1747,1837,albopictus
train_00283.jpeg,3024,4032,1278,1683,1912,2259,culex
train_00289.jpeg,1024,1365,236,441,570,855,culiseta
train_00290.jpeg,1458,1449,440,411,1021,923,culex
train_00296.jpeg,828,1792,282,726,479,885,albopictus
train_00297.jpeg,1024,1365,78,74,744,893,culex
train_00298.jpeg,6000,8000,2376,3099,3319,4242,culex
train_00301.jpeg,900,1600,312,753,530,994,albopictus
train_00303.jpeg,3468,4624,790,1483,1938,2512,albopictus
train_00309.jpeg,3120,4160,41,404,2893,3099,culex
train_00320.jpeg,3000,4000,340,340,2420,3232,albopictus
train_00322.jpeg,1960,4032,668,2134,1154,2520,culex
train_00325.jpeg,1626,2340,273,699,902,1431,japonicus-koreicus
train_00326.jpeg,1024,1365,83,306,899,957,culex
train_00329.jpeg,3024,3024,1215,1004,1923,1726,albopictus
train_00331.jpeg,3024,4032,1238,1859,1630,2140,culex
train_00334.jpeg,768,1024,245,361,530,637,culex
train_00335.jpeg,768,1024,155,229,577,749,culex
train_00336.jpeg,1080,790,484,185,576,266,albopictus
train_00338.jpeg,3096,4128,570,1644,1498,2956,culex
train_00340.jpeg,3000,4000,1839,1650,2282,2079,albopictus
train_00352.jpeg,1024,1363,305,687,466,889,japonicus-koreicus
train_00363.jpeg,985,984,394,263,610,462,albopictus
train_00364.jpeg,1024,2273,356,888,605,1149,culex
train_00365.jpeg,1024,1820,406,735,650,1151,culex
train_00369.jpeg,1024,1365,361,584,589,707,culex
train_00370.jpeg,523,651,100,18,485,539,culex
train_00376.jpeg,3024,4032,1279,1842,1520,2085,culex
train_00377.jpeg,1024,1365,340,736,572,889,culex
train_00379.jpeg,3024,4032,1038,1801,1601,2333,culex
train_00380.jpeg,3264,2448,1335,428,2249,1262,albopictus
train_00383.jpeg,976,1475,352,535,667,853,culex
train_00393.jpeg,2448,3264,823,1207,1715,2123,albopictus
train_00394.jpeg,1024,1365,154,550,898,1244,japonicus-koreicus
train_00402.jpeg,1024,1365,388,623,534,731,culex
train_00409.jpeg,821,821,291,229,543,557,albopictus
train_00414.jpeg,768,1024,168,268,703,796,albopictus
train_00415.jpeg,4000,3000,1060,566,3092,2454,culex
train_00421.jpeg,2736,3648,402,463,1201,1308,culex
train_00425.jpeg,1818,1024,554,462,828,651,culex
train_00440.jpeg,768,1024,206,545,337,730,culiseta
train_00442.jpeg,768,1024,221,423,515,685,culex
train_00450.jpeg,2163,1024,839,325,1236,644,culex
train_00455.jpeg,4160,3120,1796,804,2592,1942,albopictus
train_00456.jpeg,3024,4032,1438,2075,1718,2292,albopictus
train_00461.jpeg,1024,1365,98,395,755,1250,culiseta
train_00462.jpeg,3024,4032,661,1645,1103,2196,albopictus
train_00467.jpeg,1717,1837,271,296,1468,1366,culex
train_00470.jpeg,768,1024,346,567,441,659,culex
train_00472.jpeg,720,1280,114,750,638,1205,albopictus
train_00478.jpeg,1679,2000,262,739,1181,1408,culex
train_00480.jpeg,2448,3264,616,1562,1429,2242,albopictus
train_00497.jpeg,2448,3264,696,1553,1128,2042,albopictus
train_00498.jpeg,1261,1423,526,506,812,914,culex
train_00506.jpeg,1820,1024,883,469,1119,636,culex
train_00509.jpeg,3024,4032,805,328,2588,2600,culex
train_00514.jpeg,1024,1365,410,733,517,835,japonicus-koreicus
train_00522.jpeg,3024,4032,837,1057,2419,2519,culex
train_00524.jpeg,1980,3520,109,1013,1448,2326,culiseta
train_00531.jpeg,2448,3264,273,1495,1492,3021,culex
train_00536.jpeg,1152,1536,69,215,955,1169,culex
train_00537.jpeg,1200,1600,426,512,563,675,albopictus
train_00538.jpeg,1066,1370,261,433,558,767,albopictus
train_00542.jpeg,943,863,296,288,697,513,culex
train_00543.jpeg,3648,2736,1266,737,2408,2168,albopictus
train_00545.jpeg,3000,4000,1285,540,1668,1033,albopictus
train_00551.jpeg,3096,4128,1743,1619,2380,2423,albopictus
train_00553.jpeg,4624,3468,1274,705,3130,2788,culex
train_00558.jpeg,881,776,294,255,616,579,albopictus
train_00561.jpeg,2088,4640,513,1476,974,2044,culiseta
train_00567.jpeg,3024,4032,717,1705,1527,2463,culex
train_00568.jpeg,1340,1376,434,409,937,1065,albopictus
train_00569.jpeg,1200,1600,425,611,654,890,albopictus
train_00571.jpeg,2268,4032,1177,2029,1592,2391,albopictus
train_00577.jpeg,1052,1095,107,103,947,1006,culex
train_00578.jpeg,767,1024,232,470,429,718,culex
train_00581.jpeg,3024,4032,1339,1861,1986,2455,albopictus
train_00582.jpeg,3000,4000,518,814,2235,3010,culex
train_00584.jpeg,1200,1600,213,546,810,923,albopictus
train_00585.jpeg,1421,1004,364,189,1207,881,albopictus
train_00590.jpeg,3024,4032,1183,1474,1707,2292,culiseta
train_00591.jpeg,1365,1024,557,341,748,480,culex
train_00595.jpeg,720,1600,283,433,512,616,albopictus
train_00598.jpeg,935,1278,264,448,604,857,albopictus
train_00613.jpeg,1205,1524,203,356,865,1252,albopictus
train_00616.jpeg,2976,3968,804,1609,2356,3138,albopictus
train_00618.jpeg,5376,3024,3076,364,3756,998,albopictus
train_00619.jpeg,1932,2576,654,1207,1124,1627,albopictus
train_00623.jpeg,2560,1440,255,261,1149,958,albopictus
train_00625.jpeg,3264,2448,2494,976,2781,1188,albopictus
train_00633.jpeg,1024,1365,326,501,474,698,culex
train_00637.jpeg,768,1024,226,484,415,675,culex
train_00643.jpeg,1536,2048,607,135,1161,566,culex
train_00644.jpeg,1024,1820,387,597,552,924,culex
train_00645.jpeg,2160,3840,248,1463,1669,2469,albopictus
train_00653.jpeg,845,713,244,84,477,499,culex
train_00663.jpeg,3024,4032,1276,2016,1728,2516,culex
train_00665.jpeg,1960,4032,268,1230,1228,2308,albopictus
train_00666.jpeg,4608,3456,1718,1523,2217,1972,culex
train_00667.jpeg,3024,4032,1260,1502,1852,2196,culiseta
train_00670.jpeg,3096,4128,803,786,2902,2408,albopictus
train_00672.jpeg,1024,1365,289,557,697,1184,culex
train_00674.jpeg,1365,1024,781,330,950,531,albopictus
train_00677.jpeg,3456,4608,1186,1366,2496,2678,albopictus
train_00678.jpeg,768,1024,355,517,445,614,albopictus
train_00682.jpeg,2448,3264,796,1385,1605,2097,albopictus
train_00687.jpeg,3456,4608,1529,2038,2061,2628,albopictus
train_00691.jpeg,1024,1365,345,538,786,887,culiseta
train_00693.jpeg,3024,4032,801,1679,2008,2685,albopictus
train_00698.jpeg,768,1024,461,465,618,574,culex
train_00701.jpeg,3468,4624,1373,2073,1801,2527,culex
train_00702.jpeg,1024,1365,299,486,636,986,culex
train_00704.jpeg,768,1024,153,200,481,536,culex
train_00706.jpeg,2448,3264,943,1548,1259,1911,albopictus
train_00711.jpeg,679,767,249,248,522,484,albopictus
train_00712.jpeg,1024,2273,439,896,657,1167,culex
train_00713.jpeg,768,1024,229,106,653,739,albopictus
train_00714.jpeg,766,1024,266,478,484,718,culex
train_00725.jpeg,2576,1932,1209,301,2096,1201,culex
train_00729.jpeg,4032,2268,502,441,2636,1914,albopictus
train_00731.jpeg,768,1024,312,460,435,621,culex
train_00736.jpeg,3024,4032,1020,2022,1447,2529,albopictus
train_00738.jpeg,1024,2245,490,1032,778,1367,culex
train_00743.jpeg,3024,4032,1538,1884,1824,2165,albopictus
train_00746.jpeg,1024,1365,288,280,616,749,albopictus
train_00759.jpeg,949,1309,269,540,839,1009,japonicus-koreicus
train_00761.jpeg,1080,2280,44,295,1045,1502,aegypti
train_00768.jpeg,768,1024,382,514,494,600,albopictus
train_00773.jpeg,3024,4032,803,1057,2282,2765,culex
train_00775.jpeg,1024,1820,15,160,696,1459,culex
train_00778.jpeg,768,1024,70,215,626,800,albopictus
train_00780.jpeg,3024,4032,645,1953,1412,2802,albopictus
train_00793.jpeg,3264,1836,1506,531,2165,1169,albopictus
train_00797.jpeg,3024,4032,941,1048,2973,3168,albopictus
train_00806.jpeg,1024,1365,418,576,648,730,culex
train_00821.jpeg,1260,1685,434,389,824,1047,culex
train_00828.jpeg,2472,2114,939,760,1596,1537,culex
train_00830.jpeg,3264,1836,1324,645,2007,1224,culex
train_00839.jpeg,768,1024,314,516,428,616,culex
train_00845.jpeg,3000,4000,957,1177,1716,2002,culex
train_00849.jpeg,768,1024,360,344,501,462,albopictus
train_00860.jpeg,1844,4000,510,1547,1137,2380,albopictus
train_00862.jpeg,1024,1365,242,393,753,1039,albopictus
train_00863.jpeg,3024,4032,1510,2026,1895,2446,culex
train_00878.jpeg,3024,4032,348,102,3024,3803,albopictus
train_00882.jpeg,3120,4160,974,1585,1662,2288,albopictus
train_00883.jpeg,768,1024,183,329,368,573,culex
train_00905.jpeg,1024,1365,180,147,752,797,culex
train_00906.jpeg,768,1024,328,465,424,530,culex
train_00909.jpeg,3024,4032,542,1233,1930,2582,culex
train_00912.jpeg,1024,1365,420,559,666,795,culex
train_00915.jpeg,768,1024,277,391,396,577,culex
train_00917.jpeg,1024,1820,200,1003,409,1201,culiseta
train_00919.jpeg,1024,1365,438,549,687,806,culiseta
train_00921.jpeg,3024,4032,825,1429,2712,2871,culex
train_00923.jpeg,2336,4160,1025,1803,1616,2340,albopictus
train_00925.jpeg,513,845,37,143,484,583,albopictus
train_00931.jpeg,3024,4032,1381,368,2196,1152,culex
train_00941.jpeg,1024,1365,313,812,589,1092,culex
train_00946.jpeg,3968,2976,1730,575,2517,1789,albopictus
train_00950.jpeg,768,1024,250,340,400,544,culiseta
train_00953.jpeg,4160,2340,1256,501,2409,1706,albopictus
train_00954.jpeg,900,1315,203,253,764,874,albopictus
train_00962.jpeg,3024,4032,891,1839,1887,2505,albopictus
train_00966.jpeg,3024,4032,561,1076,2300,3326,culex
train_00968.jpeg,4160,3120,1149,609,2945,2052,albopictus
train_00972.jpeg,4128,3096,786,1109,1756,2091,albopictus
train_00977.jpeg,1024,1820,420,649,702,1002,culex
train_00992.jpeg,3024,4032,1102,1708,1492,2111,culex
train_00999.jpeg,1160,2576,78,232,651,749,culex
train_01003.jpeg,2240,4608,648,2617,1576,3403,albopictus
train_01009.jpeg,1024,2106,483,998,634,1133,culex
train_01031.jpeg,2976,3968,1087,1772,1499,2271,albopictus
train_01032.jpeg,1024,1365,480,564,776,868,culex
train_01035.jpeg,1960,4032,683,1575,1080,2262,culex
train_01040.jpeg,2379,1547,1193,817,1646,1241,culex
train_01044.jpeg,1365,1024,274,412,435,636,culex
train_01051.jpeg,2976,3968,1563,2421,1935,2810,albopictus
train_01054.jpeg,3000,4000,174,1658,1561,3088,albopictus
train_01057.jpeg,768,1024,300,359,442,547,albopictus
train_01060.jpeg,1024,1818,442,752,750,1068,culex
train_01062.jpeg,3024,4032,1446,2139,1725,2632,culex
train_01065.jpeg,768,1024,273,525,566,747,japonicus-koreicus
train_01068.jpeg,3024,4032,1148,1862,1744,2296,culex
train_01070.jpeg,1024,1818,457,762,644,1019,culex
train_01074.jpeg,4032,3024,770,1240,1773,2226,albopictus
train_01087.jpeg,768,1024,327,472,440,581,culex
train_01089.jpeg,768,1024,297,508,536,727,culex
train_01090.jpeg,1381,1080,227,167,997,888,albopictus
train_01095.jpeg,720,1280,373,401,675,630,albopictus
train_01097.jpeg,1935,1380,86,179,1546,1268,albopictus
train_01099.jpeg,768,1024,149,319,689,731,albopictus
train_01107.jpeg,1464,1099,496,387,980,716,albopictus
train_01113.jpeg,3840,5120,908,921,2853,4348,albopictus
train_01117.jpeg,1557,1168,578,475,1038,853,albopictus
train_01127.jpeg,2592,1458,1179,114,1672,891,albopictus
train_01129.jpeg,4160,3120,3467,1186,3877,1748,albopictus
train_01134.jpeg,4032,1960,1396,456,2014,1367,culex
train_01135.jpeg,4032,3024,1097,291,3442,2449,albopictus
train_01138.jpeg,2448,3264,883,1799,1224,2182,albopictus
train_01140.jpeg,3264,2448,887,1459,1435,1807,albopictus
train_01145.jpeg,768,1024,189,220,608,748,culex
train_01152.jpeg,2736,3648,1162,1281,2154,2389,albopictus
train_01154.jpeg,3968,2976,1206,437,2636,1899,albopictus
train_01157.jpeg,524,724,64,111,477,603,japonicus-koreicus
train_01160.jpeg,1644,1644,235,71,1575,1579,albopictus
train_01162.jpeg,3024,4032,326,804,2552,3426,culiseta
train_01164.jpeg,638,638,151,141,563,483,culex
train_01167.jpeg,1944,2592,719,1073,1462,1732,culex
train_01168.jpeg,3024,4032,261,899,2108,3292,culiseta
train_01171.jpeg,2084,4624,164,1362,1646,3543,culex
train_01178.jpeg,2448,3264,1093,1577,1449,1929,albopictus
train_01179.jpeg,768,1024,320,595,456,736,albopictus
train_01182.jpeg,3840,2160,1728,1211,2081,1592,albopictus
train_01188.jpeg,1492,1478,853,807,1105,1096,albopictus
train_01190.jpeg,768,1024,222,443,483,607,culex
train_01193.jpeg,1024,2163,399,547,650,852,culex
train_01195.jpeg,3468,4624,789,1699,2908,3167,albopictus
train_01196.jpeg,1024,1820,99,445,702,843,culex
train_01199.jpeg,900,1600,303,710,675,953,japonicus-koreicus
train_01201.jpeg,1024,1365,209,621,607,1094,culex
train_01202.jpeg,2272,4032,842,1774,1640,2493,albopictus
train_01203.jpeg,4000,3000,1610,854,3345,2893,culex
train_01206.jpeg,3024,4032,1041,1554,1757,2795,culex
train_01207.jpeg,628,462,159,68,440,359,culex
train_01209.jpeg,3000,4000,891,1687,1968,3389,albopictus
train_01216.jpeg,4608,2592,1476,931,2425,1624,albopictus
train_01219.jpeg,2248,1080,657,73,1649,967,culex
train_01226.jpeg,1024,1365,273,548,691,945,culiseta
train_01233.jpeg,1024,1024,414,379,658,552,albopictus
train_01236.jpeg,2368,5120,634,2233,1425,2900,albopictus
train_01248.jpeg,1024,1365,400,628,573,912,culex
train_01249.jpeg,1024,1365,702,797,804,907,culex
train_01253.jpeg,1080,2400,71,629,1050,1638,albopictus
train_01254.jpeg,3024,4032,1025,2281,1295,2623,japonicus-koreicus
train_01258.jpeg,1024,1820,340,433,878,1242,albopictus
train_01260.jpeg,1024,1365,432,467,614,658,culex
train_01261.jpeg,4624,2604,2530,1299,3318,2444,albopictus
train_01263.jpeg,1846,4000,747,1756,1030,2068,albopictus
train_01264.jpeg,1024,1818,256,515,515,792,albopictus
train_01265.jpeg,925,924,169,196,573,559,albopictus
train_01267.jpeg,2448,3264,1342,1868,1828,2293,albopictus
train_01276.jpeg,768,1024,53,93,746,761,albopictus
train_01287.jpeg,3468,4624,125,1014,3388,4382,albopictus
train_01291.jpeg,768,1024,312,426,564,655,culex
train_01292.jpeg,3264,1840,1209,640,1550,1021,culex
train_01296.jpeg,512,641,170,206,420,432,albopictus
train_01300.jpeg,1816,4032,559,1548,1075,2076,culex
train_01302.jpeg,3024,4032,995,1436,1780,2376,albopictus
train_01312.jpeg,4000,3000,1500,1037,2652,1720,japonicus-koreicus
train_01313.jpeg,3024,4032,567,1264,1886,3082,culex
train_01317.jpeg,3000,4000,555,1122,1547,2294,albopictus
train_01319.jpeg,3024,4032,1012,2222,1396,2529,albopictus
train_01329.jpeg,798,851,60,84,781,569,culiseta
train_01330.jpeg,3000,4000,957,900,2277,2355,culex
train_01336.jpeg,2988,5312,1317,2082,2182,3134,albopictus
train_01342.jpeg,790,1500,93,541,622,988,culex
train_01347.jpeg,3120,4160,1334,1806,1951,2405,japonicus-koreicus
train_01353.jpeg,3024,4032,800,1863,1698,2589,albopictus
train_01354.jpeg,1024,2270,312,832,938,1228,culex
train_01360.jpeg,1800,4000,50,461,1800,2364,culiseta
train_01361.jpeg,2448,3264,889,786,2422,2238,albopictus
train_01365.jpeg,2576,1932,1046,631,1734,1261,albopictus
train_01366.jpeg,1024,1365,411,533,679,868,culex
train_01367.jpeg,1024,1820,402,822,650,1131,culex
train_01368.jpeg,3000,4000,823,927,1825,2363,culex
train_01370.jpeg,3024,4032,195,1138,2655,2503,culiseta
train_01379.jpeg,733,789,191,204,562,558,culex
train_01382.jpeg,3120,4208,1207,1871,1721,2576,albopictus
train_01384.jpeg,1024,1365,178,287,750,903,culex
train_01386.jpeg,1600,904,364,166,966,771,culex
train_01392.jpeg,1100,1100,185,400,943,967,albopictus
train_01393.jpeg,3024,4032,2013,2603,2339,3161,albopictus
train_01395.jpeg,768,1024,46,61,665,679,culex
train_01398.jpeg,3024,4032,1868,2391,2179,2779,albopictus
train_01399.jpeg,3024,4032,1147,1523,1631,2089,culex
train_01403.jpeg,610,875,195,319,387,519,culex
train_01404.jpeg,1852,2470,702,935,1134,1450,culex
train_01412.jpeg,3000,4000,667,322,2103,2137,albopictus
train_01415.jpeg,768,1024,286,368,560,609,culex
train_01416.jpeg,768,1024,256,370,388,478,culex
train_01418.jpeg,1024,1365,464,619,597,791,culex
train_01422.jpeg,610,343,194,92,394,217,albopictus
train_01423.jpeg,768,1024,281,429,493,596,culex
train_01427.jpeg,768,1024,245,413,465,658,culiseta
train_01438.jpeg,3024,4032,1156,1876,1478,2253,albopictus
train_01439.jpeg,3024,4032,693,931,2509,2505,culex
train_01448.jpeg,2340,4160,674,1262,1664,2177,albopictus
train_01449.jpeg,1024,1820,369,797,561,971,culex
train_01453.jpeg,1024,2163,150,828,901,1505,culex
train_01456.jpeg,2000,4000,981,1806,1261,2048,albopictus
train_01459.jpeg,1481,1259,513,569,852,832,culex
train_01462.jpeg,765,1024,274,281,521,678,culex
train_01463.jpeg,621,621,338,30,489,300,albopictus
train_01465.jpeg,4032,3024,1738,684,3393,2056,albopictus
train_01469.jpeg,2448,3264,236,520,1526,1498,culex
train_01470.jpeg,768,1024,63,123,714,713,culex
train_01474.jpeg,2112,4608,927,1882,1367,2405,culex
train_01475.jpeg,2592,1944,1026,470,1770,1180,albopictus
train_01477.jpeg,2976,3968,367,619,2891,2819,culex
train_01480.jpeg,2988,5312,1116,3205,1281,3403,albopictus
train_01482.jpeg,1842,1746,457,358,1247,1213,albopictus
train_01490.jpeg,1024,2272,170,769,344,1001,albopictus
train_01493.jpeg,1908,4032,527,1306,967,1781,culex
train_01498.jpeg,3024,4032,1112,1710,1759,2283,culex
train_01500.jpeg,1944,2592,710,1187,1166,1956,albopictus
train_01509.jpeg,1024,2106,360,681,575,1003,culex
train_01513.jpeg,891,845,172,173,632,715,albopictus
train_01514.jpeg,3456,4608,1069,2134,1907,2942,culex
train_01518.jpeg,3024,4032,1437,2316,2394,3153,culex
train_01522.jpeg,4000,1800,2150,726,2616,1193,culex
train_01524.jpeg,3264,1836,1236,88,2119,1724,albopictus
train_01534.jpeg,4000,1800,1607,384,2284,1056,culex
train_01537.jpeg,2688,1520,678,40,1753,849,albopictus
train_01543.jpeg,1166,2592,226,1251,772,1809,albopictus
train_01553.jpeg,1200,1600,324,718,650,1059,culex
train_01557.jpeg,3000,4000,1333,1393,1723,1917,culex
train_01560.jpeg,1024,2273,125,458,1015,1571,culiseta
train_01566.jpeg,768,1024,286,382,427,515,culex
train_01572.jpeg,2304,4096,968,1875,1441,2351,albopictus
train_01573.jpeg,1816,4032,847,1833,1308,2251,culex
train_01574.jpeg,2976,3968,1254,1342,1577,1733,albopictus
train_01578.jpeg,1359,1806,412,624,1155,1249,albopictus
train_01580.jpeg,768,1024,526,632,614,709,culex
train_01584.jpeg,3000,4000,389,1341,1695,2739,culex
train_01586.jpeg,3024,4032,443,1575,1772,3051,albopictus
train_01587.jpeg,3024,4032,1089,1623,1659,2232,culex
train_01588.jpeg,2019,2019,520,568,1683,1410,culex
train_01589.jpeg,1024,1820,353,870,566,1140,culex
train_01592.jpeg,1056,845,448,292,630,524,albopictus
train_01593.jpeg,768,1024,305,348,520,591,anopheles
train_01594.jpeg,1024,1365,336,841,430,947,culex
train_01596.jpeg,2988,5312,494,2330,1864,4116,albopictus
train_01598.jpeg,3120,4160,923,1527,1426,2007,albopictus
train_01608.jpeg,1024,1365,301,497,669,991,culex
train_01609.jpeg,2576,1932,700,912,1371,1508,japonicus-koreicus
train_01613.jpeg,4000,1800,2221,1078,2386,1238,albopictus
train_01616.jpeg,768,1024,372,604,464,700,albopictus
train_01617.jpeg,2976,3968,770,1687,2156,2969,japonicus-koreicus
train_01624.jpeg,1024,1365,110,330,717,894,culex
train_01625.jpeg,768,1024,202,386,475,627,albopictus
train_01626.jpeg,3024,4032,775,1595,1790,2673,culex
train_01628.jpeg,2742,2981,607,432,2420,2126,culex
train_01640.jpeg,768,1024,303,235,497,541,albopictus
train_01645.jpeg,1884,3282,52,1313,716,1979,culex
train_01651.jpeg,1885,1858,607,63,1677,1685,culex
train_01653.jpeg,768,1024,294,253,469,419,culex
train_01654.jpeg,3024,4032,204,382,2406,2751,japonicus-koreicus
train_01660.jpeg,2129,1024,472,443,923,717,culex
train_01665.jpeg,777,1600,315,817,542,995,albopictus
train_01666.jpeg,2736,3648,526,2178,1442,2995,albopictus
train_01669.jpeg,3024,4032,438,723,2205,2687,culex
train_01671.jpeg,4096,2304,1742,891,3066,1755,culex
train_01673.jpeg,1253,1253,249,237,913,1000,culex
train_01682.jpeg,1448,1437,538,472,917,968,albopictus
train_01689.jpeg,3024,4032,981,1273,1881,2466,culex
train_01698.jpeg,3024,4032,521,1451,2335,3338,albopictus
train_01699.jpeg,1908,4032,86,396,1352,1726,culex
train_01711.jpeg,3000,3000,1453,1234,2974,2349,albopictus
train_01712.jpeg,1729,920,602,253,1220,831,albopictus
train_01713.jpeg,1408,1437,553,518,813,822,culex
train_01715.jpeg,1024,1365,452,672,632,856,culex
train_01723.jpeg,5616,2808,849,347,4478,2539,culex
train_01727.jpeg,3024,4032,997,1691,1689,2668,albopictus
train_01731.jpeg,2448,3264,860,1429,1774,2250,albopictus
train_01735.jpeg,4032,3024,2189,1030,2824,1520,culex
train_01736.jpeg,720,1600,359,605,481,732,albopictus
train_01737.jpeg,1944,2592,558,921,1837,2006,culex
train_01738.jpeg,723,723,158,147,462,536,albopictus
train_01739.jpeg,582,681,187,218,390,491,albopictus
train_01743.jpeg,1024,1365,335,429,717,902,culex
train_01745.jpeg,1944,2592,378,796,1397,2303,culex
train_01748.jpeg,1365,1024,607,438,888,825,culex
train_01750.jpeg,2992,4000,855,1063,2393,2184,albopictus
train_01751.jpeg,2976,3968,656,1696,1829,2612,albopictus
train_01765.jpeg,3024,4032,235,852,981,1682,albopictus
train_01766.jpeg,2448,3264,642,866,1484,2255,albopictus
train_01771.jpeg,3456,4608,1347,2240,2182,3188,culex
train_01772.jpeg,3024,4032,475,1271,2692,2936,culex
train_01775.jpeg,3000,4000,84,1532,2241,3598,culex
train_01788.jpeg,3024,4032,684,1550,2179,2942,japonicus-koreicus
train_01792.jpeg,1365,1819,588,668,956,1280,albopictus
train_01794.jpeg,902,903,251,332,671,620,culex
train_01800.jpeg,1024,2217,174,652,952,1657,culex
train_01801.jpeg,1200,1600,525,563,799,753,culex
train_01811.jpeg,2448,3264,1030,703,1392,977,albopictus
train_01828.jpeg,4032,3024,1620,1432,2600,2063,albopictus
train_01834.jpeg,2592,1168,1176,36,2008,1065,albopictus
train_01835.jpeg,1024,2163,200,778,788,1303,culex
train_01837.jpeg,478,746,53,82,423,702,albopictus
train_01840.jpeg,1200,1200,350,587,840,1051,albopictus
train_01844.jpeg,1816,4032,572,1484,1216,2057,japonicus-koreicus
train_01847.jpeg,1102,1469,117,229,833,1072,culiseta
train_01848.jpeg,4032,2268,993,445,2124,1425,culex
train_01855.jpeg,3000,4000,1212,1918,1471,2203,culex
train_01860.jpeg,1365,1024,497,274,814,495,albopictus
train_01861.jpeg,3024,4032,1007,1634,1636,2233,culiseta
train_01873.jpeg,1160,2576,448,1047,963,1708,culex
train_01879.jpeg,3000,4000,852,1671,2006,2358,culex
train_01882.jpeg,1636,1343,546,366,970,1051,culex
train_01883.jpeg,1024,1365,198,346,448,720,culex
train_01888.jpeg,768,1024,315,377,459,524,culex
train_01890.jpeg,3456,4608,1472,1835,2122,2385,culex
train_01894.jpeg,2240,4608,909,1251,1307,2014,culex
train_01899.jpeg,640,480,192,142,372,369,albopictus
train_01905.jpeg,3024,4032,1071,1342,1909,1921,culex
train_01908.jpeg,2129,1695,771,572,1574,1470,culex
train_01910.jpeg,1200,1600,474,589,614,786,culex
train_01913.jpeg,1080,720,242,115,845,673,culiseta
train_01921.jpeg,3024,4032,640,1039,1875,2284,albopictus
train_01931.jpeg,4032,3024,1179,749,2326,2150,albopictus
train_01932.jpeg,1170,2532,243,956,646,1268,culex
train_01937.jpeg,768,1024,343,378,482,537,culex
train_01939.jpeg,2448,3264,943,1330,1576,1810,albopictus
train_01941.jpeg,1024,1818,485,803,638,971,culex
train_01950.jpeg,768,1024,310,410,438,607,culiseta
train_01957.jpeg,814,993,172,188,697,800,culex
train_01960.jpeg,2250,4000,907,1644,1832,2423,culex
train_01968.jpeg,3000,4000,912,25,2979,1736,albopictus
train_01978.jpeg,4032,3024,1986,1457,3308,2309,albopictus
train_01979.jpeg,2448,3264,656,1907,1656,2807,albopictus
train_01980.jpeg,2128,1689,813,112,1679,1532,culex
train_01993.jpeg,1600,1200,254,229,1600,1119,culiseta
train_01997.jpeg,1512,2016,680,1059,927,1250,culex
train_01999.jpeg,3120,4160,1078,1800,1521,2331,albopictus
train_02001.jpeg,2808,5616,593,1735,2713,4696,culex
train_02013.jpeg,3024,4032,1366,1986,1736,2423,albopictus
train_02019.jpeg,1848,4000,243,843,1639,2193,japonicus-koreicus
train_02022.jpeg,2976,3968,515,1709,1563,2470,culex
train_02024.jpeg,1381,1300,221,151,1243,1236,culex
train_02026.jpeg,3024,4032,1042,1785,1552,2330,albopictus
train_02037.jpeg,768,1024,287,489,463,635,culex
train_02042.jpeg,767,1024,273,468,422,624,albopictus
train_02045.jpeg,4000,3000,1489,825,2395,1541,culiseta
train_02046.jpeg,1160,2576,423,1328,585,1559,albopictus
train_02048.jpeg,3024,3024,731,1714,1205,2417,culex
train_02050.jpeg,4608,3456,2533,1512,3247,2294,albopictus
train_02059.jpeg,2448,3264,991,1042,1287,1459,culex
train_02063.jpeg,1600,720,696,166,924,390,albopictus
train_02072.jpeg,768,1024,199,169,543,626,culex
train_02078.jpeg,768,1024,360,366,624,592,culex
train_02091.jpeg,2843,2046,989,822,1511,1406,albopictus
train_02092.jpeg,768,1024,131,305,748,933,culex
train_02093.jpeg,2448,3264,255,882,1461,2197,albopictus
train_02094.jpeg,1944,2592,337,322,1788,1711,culex
train_02103.jpeg,768,1024,366,481,517,651,culex
train_02105.jpeg,1967,2458,334,531,1471,1997,culiseta
train_02110.jpeg,460,1024,127,257,246,398,culex
train_02111.jpeg,3024,4032,1373,193,1815,628,culex
train_02115.jpeg,1024,1365,372,699,513,812,culex
train_02119.jpeg,492,1024,153,395,314,541,culex
train_02126.jpeg,1200,1600,352,612,621,886,albopictus
train_02129.jpeg,1160,2576,363,695,827,1143,albopictus
train_02137.jpeg,3000,4000,437,1461,2265,3045,culex
train_02141.jpeg,2976,2976,345,1384,1861,2513,aegypti
train_02143.jpeg,4032,3024,1619,1393,2726,2187,albopictus
train_02146.jpeg,768,1024,318,415,510,632,culex
train_02151.jpeg,2592,1166,286,163,1403,1024,albopictus
train_02153.jpeg,3000,4000,1285,2509,2011,3706,albopictus
train_02155.jpeg,1024,1365,338,361,602,682,albopictus
train_02161.jpeg,1365,1024,455,356,610,515,culex
train_02169.jpeg,621,643,96,224,397,524,albopictus
train_02170.jpeg,768,1024,213,470,392,593,culex
train_02173.jpeg,3024,4032,961,1353,1441,1848,culex
train_02185.jpeg,1196,1604,314,345,982,1182,japonicus-koreicus
train_02186.jpeg,4000,3000,1527,574,3531,2258,albopictus
train_02188.jpeg,1152,2048,423,955,629,1153,japonicus-koreicus
train_02189.jpeg,799,799,49,102,741,734,japonicus-koreicus
train_02196.jpeg,3000,4000,1009,1835,1907,2596,culex
train_02201.jpeg,1080,1920,110,551,861,1171,albopictus
train_02205.jpeg,783,595,52,36,643,540,culex
train_02207.jpeg,1458,2592,195,762,930,1519,albopictus
train_02219.jpeg,3024,4032,1043,1826,1577,2348,albopictus
train_02222.jpeg,3472,4624,645,2062,2008,3045,japonicus-koreicus
train_02228.jpeg,3000,4000,126,614,2762,3019,culex
train_02236.jpeg,1440,2560,521,761,828,1175,albopictus
train_02239.jpeg,3000,4000,212,1513,2367,2919,culex
train_02244.jpeg,768,1024,155,595,395,802,culex
train_02246.jpeg,3036,4048,696,2077,1823,3015,albopictus
train_02249.jpeg,581,596,75,110,448,553,culex
train_02258.jpeg,3968,2976,1722,443,3002,1849,albopictus
train_02261.jpeg,445,398,99,94,295,305,culex
train_02265.jpeg,768,1024,181,251,625,998,culex
train_02267.jpeg,898,1600,454,623,638,854,albopictus
train_02270.jpeg,616,734,205,164,478,523,albopictus
train_02271.jpeg,429,313,0,48,402,286,albopictus
train_02273.jpeg,4000,3000,2295,708,2860,1329,albopictus
train_02274.jpeg,1820,1024,167,322,504,516,albopictus
train_02276.jpeg,2160,3840,922,806,1431,1462,culex
train_02279.jpeg,4032,3024,2052,976,2523,1669,culex
train_02294.jpeg,1024,1365,356,510,690,738,albopictus
train_02296.jpeg,2432,3284,369,651,1885,2274,albopictus
train_02300.jpeg,883,957,223,270,544,705,albopictus
train_02303.jpeg,1024,1365,360,276,804,773,japonicus-koreicus
train_02307.jpeg,768,1024,221,384,655,745,culex
train_02309.jpeg,1024,1365,96,330,826,1040,culex
train_02320.jpeg,3000,4000,1645,1876,2328,2399,albopictus
train_02327.jpeg,1024,1820,317,584,555,840,culex
train_02336.jpeg,2448,3264,1167,1364,1637,1758,albopictus
train_02339.jpeg,3468,4624,1064,2323,1640,2814,culex
train_02343.jpeg,768,1024,233,451,404,653,culex
train_02359.jpeg,252,218,27,23,216,200,albopictus
train_02360.jpeg,768,1024,233,420,588,874,albopictus
train_02362.jpeg,3468,4624,577,1846,2411,3017,albopictus
train_02377.jpeg,2129,1024,625,532,1003,922,culex
train_02380.jpeg,3024,4032,800,1304,2333,2297,albopictus
train_02383.jpeg,1200,1600,179,676,709,1325,albopictus
train_02386.jpeg,1070,1024,371,287,620,500,culex
train_02387.jpeg,1782,1653,107,42,1703,1538,japonicus-koreicus
train_02397.jpeg,1024,1365,168,0,779,885,albopictus
train_02398.jpeg,9280,6944,3548,1549,7327,4610,albopictus
train_02399.jpeg,3024,4032,1190,1898,2049,2676,culiseta
train_02406.jpeg,1200,1600,614,907,1088,1354,culex
train_02411.jpeg,1034,895,272,276,553,578,albopictus
train_02414.jpeg,808,808,319,233,518,475,albopictus
train_02415.jpeg,750,1334,104,396,525,960,albopictus
train_02416.jpeg,2448,3264,522,1339,1435,2355,albopictus
train_02429.jpeg,4160,3120,2054,1311,2304,1670,albopictus
train_02430.jpeg,1440,2560,561,1059,1197,1474,culex
train_02431.jpeg,3024,4032,512,1253,2625,3333,japonicus-koreicus
train_02438.jpeg,1125,2001,503,555,798,934,albopictus
train_02439.jpeg,1024,1365,65,380,952,1082,culex
train_02443.jpeg,1024,1024,303,102,868,760,culex
train_02449.jpeg,1024,1365,278,466,515,685,culex
train_02451.jpeg,3024,4032,851,1770,1860,2567,culex
train_02454.jpeg,2161,1024,690,310,1153,797,albopictus
train_02455.jpeg,2560,1536,719,378,1574,1415,albopictus
train_02456.jpeg,2340,4160,943,1197,1815,2374,albopictus
train_02480.jpeg,2973,3024,596,491,2829,2432,albopictus
train_02482.jpeg,4160,3120,1700,840,2530,1451,albopictus
train_02485.jpeg,828,1534,44,629,685,1250,albopictus
train_02486.jpeg,3024,4032,762,1793,1820,3068,albopictus
train_02490.jpeg,3000,4000,1023,1482,2298,2734,culex
train_02492.jpeg,1024,768,473,293,633,410,culex
train_02498.jpeg,1024,2106,420,865,598,1055,culex
train_02501.jpeg,768,1024,102,132,420,357,culex
train_02508.jpeg,4608,3456,1947,1972,2666,2810,albopictus
train_02510.jpeg,1365,1024,309,240,618,685,culex
train_02515.jpeg,4032,3024,917,714,2811,2160,albopictus
train_02518.jpeg,392,399,44,55,337,351,albopictus
train_02520.jpeg,1500,2000,394,962,868,1371,culex
train_02522.jpeg,768,1024,288,454,471,657,culex
train_02524.jpeg,1938,2112,735,1083,1108,1404,albopictus
train_02527.jpeg,4032,3016,1240,944,2061,1845,albopictus
train_02529.jpeg,3264,2448,1558,1099,1861,1494,albopictus
train_02530.jpeg,4608,3456,1428,1525,1947,2097,culex
train_02534.jpeg,2560,1920,1009,561,1608,1144,albopictus
train_02536.jpeg,1080,1058,390,457,846,840,culex
train_02538.jpeg,1172,1478,631,485,898,751,albopictus
train_02539.jpeg,768,1024,190,267,539,652,culex
train_02550.jpeg,768,1024,291,500,385,574,culex
train_02551.jpeg,768,1024,242,244,535,681,culex
train_02553.jpeg,2128,4608,535,2024,1842,2995,albopictus
train_02557.jpeg,3024,4032,336,1058,2827,3205,albopictus
train_02558.jpeg,702,936,217,216,473,609,albopictus
train_02561.jpeg,2592,1936,905,535,1745,1127,albopictus
train_02567.jpeg,1024,1820,395,619,664,825,culex
train_02578.jpeg,1505,1130,569,204,994,711,albopictus
train_02589.jpeg,3456,4608,1973,3472,2279,3873,albopictus
train_02594.jpeg,3024,4032,1978,809,2507,1440,albopictus
train_02595.jpeg,1024,2219,91,639,875,1253,culex
train_02596.jpeg,1024,2273,303,949,621,1262,culex
train_02601.jpeg,1080,2161,166,652,974,1239,albopictus
train_02608.jpeg,3120,4160,1262,1830,2487,2869,albopictus
train_02620.jpeg,1024,1365,231,539,527,882,culex
train_02625.jpeg,1200,1600,306,526,920,1151,culex
train_02626.jpeg,768,1024,422,643,507,718,culex
train_02628.jpeg,768,1024,153,494,558,814,culiseta
train_02629.jpeg,3024,4032,906,1484,2095,2589,albopictus
train_02630.jpeg,1151,2048,176,473,1067,1353,anopheles
train_02631.jpeg,1860,4032,872,1931,1418,2512,culex
train_02633.jpeg,4032,3024,1652,1196,2319,1652,japonicus-koreicus
train_02635.jpeg,3024,4032,1163,2000,1426,2218,albopictus
train_02636.jpeg,4608,3456,1142,1614,2335,2810,albopictus
train_02638.jpeg,594,512,147,63,436,448,albopictus
train_02643.jpeg,2448,3264,427,860,2193,2227,albopictus
train_02651.jpeg,3024,4032,544,1641,1586,2610,culex
train_02654.jpeg,1742,2297,61,481,1629,2152,albopictus
train_02658.jpeg,768,1024,373,560,589,749,culex
train_02663.jpeg,1365,1024,451,396,796,828,culex
train_02664.jpeg,3024,4032,349,781,1558,2193,culex
train_02665.jpeg,3024,4032,1254,1652,1852,2185,culex
train_02668.jpeg,1600,904,510,332,945,680,culex
train_02678.jpeg,1024,1820,244,604,637,1010,culex
train_02683.jpeg,768,1024,301,208,419,344,culex
train_02684.jpeg,2160,3840,795,1883,1078,2221,albopictus
train_02685.jpeg,3468,4624,1279,1604,2571,3306,japonicus-koreicus
train_02687.jpeg,2448,3264,1050,1108,1878,2086,albopictus
train_02699.jpeg,3456,4608,1146,2497,1491,2897,albopictus
train_02700.jpeg,3096,5504,1017,2483,1681,3414,albopictus
train_02709.jpeg,1920,4160,322,1460,1145,2321,japonicus-koreicus
train_02712.jpeg,4032,2268,747,90,2589,2025,japonicus-koreicus
train_02717.jpeg,1839,2868,815,1155,1441,2061,albopictus
train_02726.jpeg,1024,2163,391,845,632,1250,culex
train_02734.jpeg,3024,4032,272,1221,2752,3724,culex
train_02739.jpeg,1024,1365,162,481,934,1188,culex
train_02745.jpeg,900,1600,334,830,651,1083,albopictus
train_02747.jpeg,3024,4032,1390,1955,1728,2465,culex
train_02748.jpeg,768,1024,323,555,438,686,culex
train_02749.jpeg,2250,4000,435,1307,1485,2710,culex
train_02756.jpeg,2736,3648,1077,1331,1946,2303,albopictus
train_02757.jpeg,4000,3000,1201,1709,1803,2266,culex
train_02766.jpeg,768,1024,230,468,375,647,culiseta
train_02767.jpeg,3456,4608,1285,1715,1997,2617,albopictus
train_02774.jpeg,1024,1365,343,513,774,840,culex
train_02775.jpeg,768,1024,328,377,409,461,culex
train_02777.jpeg,3024,4032,1158,1807,1612,2298,culex
train_02781.jpeg,4032,3024,1916,1486,2549,1913,culex
train_02785.jpeg,3096,4128,996,2196,1752,2839,albopictus
train_02788.jpeg,1820,1024,882,278,1035,479,culex
train_02791.jpeg,983,771,345,202,633,548,albopictus
train_02798.jpeg,4000,3000,1057,521,3112,2067,albopictus
train_02799.jpeg,859,859,159,183,669,727,albopictus
train_02809.jpeg,1280,768,520,362,600,458,albopictus
train_02817.jpeg,900,1600,466,856,593,1008,albopictus
train_02824.jpeg,1126,1125,408,371,842,773,culex
train_02831.jpeg,1431,1431,414,429,868,950,albopictus
train_02832.jpeg,2081,2271,501,719,1413,1614,albopictus
train_02835.jpeg,1200,1600,364,696,692,927,culex
train_02838.jpeg,590,697,215,214,408,476,albopictus
train_02842.jpeg,5616,2808,1997,789,3294,2119,albopictus
train_02846.jpeg,1024,1365,497,687,603,810,culex
train_02848.jpeg,3024,4032,1319,1835,1729,2123,culex
train_02854.jpeg,2448,3264,880,1915,1270,2364,albopictus
train_02856.jpeg,1896,1881,502,375,1435,1305,culex
train_02858.jpeg,768,1024,252,254,508,465,culex
train_02859.jpeg,3072,4096,1129,1502,1930,2368,albopictus
train_02862.jpeg,1160,2576,242,708,922,1416,japonicus-koreicus
train_02870.jpeg,3024,4032,932,1219,2321,2887,culex
train_02877.jpeg,4080,3072,581,220,3037,2758,culex
train_02881.jpeg,1365,1024,496,459,653,620,culex
train_02887.jpeg,2336,4160,1199,2047,1619,2561,albopictus
train_02888.jpeg,3072,4080,1199,1764,1858,2494,albopictus
train_02890.jpeg,1907,1908,756,698,1172,1178,albopictus
train_02896.jpeg,4032,1960,617,83,2143,1633,albopictus
train_02902.jpeg,2560,1440,1060,303,1387,843,albopictus
train_02908.jpeg,1413,842,196,181,822,790,culex
train_02911.jpeg,2448,3264,429,844,1717,2399,albopictus
train_02913.jpeg,643,535,210,145,474,503,albopictus
train_02916.jpeg,834,834,428,316,559,464,albopictus
train_02922.jpeg,1960,4032,879,1367,1218,2147,culex
train_02925.jpeg,3024,4032,848,1422,1987,3260,culiseta
train_02933.jpeg,1024,1365,353,698,560,945,albopictus
train_02938.jpeg,904,1600,308,881,603,1165,albopictus
train_02945.jpeg,3024,4032,1425,2278,1852,2629,culex
train_02946.jpeg,833,939,234,316,580,612,culex
train_02947.jpeg,768,1024,132,366,456,619,culex
train_02948.jpeg,2448,3264,941,1511,1490,1972,albopictus
train_02951.jpeg,528,960,201,465,302,605,albopictus
train_02953.jpeg,768,1024,347,451,456,598,culex
train_02954.jpeg,768,1024,324,717,483,857,culex
train_02956.jpeg,1200,1600,119,703,531,1196,albopictus
train_02958.jpeg,3024,4032,1223,1861,1803,2220,culex
train_02961.jpeg,2448,5120,999,1652,1480,2155,culex
train_02965.jpeg,3000,4000,1111,2096,1473,2497,culex
train_02969.jpeg,4160,3120,1991,1046,2359,1494,albopictus
train_02974.jpeg,832,1165,310,368,547,758,albopictus
train_02983.jpeg,3024,4032,1200,1480,1652,1814,culex
train_02993.jpeg,553,680,194,182,440,446,culex
train_03001.jpeg,545,545,213,77,359,316,albopictus
train_03002.jpeg,768,1024,260,281,554,560,albopictus
train_03004.jpeg,3120,4160,1261,1730,1778,2276,albopictus
train_03005.jpeg,720,1280,17,304,681,799,albopictus
train_03006.jpeg,768,1024,347,510,412,573,albopictus
train_03008.jpeg,1024,2106,338,867,795,1352,culex
train_03012.jpeg,1401,1447,407,407,1219,1038,culex
train_03023.jpeg,1456,2592,831,1270,1067,1536,albopictus
train_03024.jpeg,1800,4000,872,2055,1152,2319,culex
train_03031.jpeg,2448,3264,689,2135,1019,2449,culex
train_03032.jpeg,3024,4032,909,2340,1393,2795,albopictus
train_03034.jpeg,3024,4032,817,1109,1956,2265,culex
train_03035.jpeg,1024,1365,308,265,780,806,culex
train_03049.jpeg,4000,1844,1179,319,2527,1756,albopictus
train_03054.jpeg,1800,4000,47,434,1724,2175,culiseta
train_03055.jpeg,1179,1573,289,250,777,988,albopictus
train_03056.jpeg,768,1024,271,560,418,736,culex
train_03058.jpeg,2988,5312,976,1881,1983,3187,culex
train_03061.jpeg,921,885,267,427,457,621,albopictus
train_03062.jpeg,1024,1820,557,659,677,775,culex
train_03066.jpeg,1800,4000,373,865,1394,1916,culex
train_03068.jpeg,3024,4032,703,1289,1907,2754,culex
train_03069.jpeg,2336,4160,886,1570,1323,1900,albopictus
train_03071.jpeg,1365,1024,364,499,545,778,albopictus
train_03072.jpeg,1024,2219,153,555,952,1532,culex
train_03073.jpeg,1365,1024,657,450,869,653,culiseta
train_03076.jpeg,640,608,201,102,467,394,japonicus-koreicus
train_03081.jpeg,3024,4032,852,895,1925,2173,albopictus
train_03082.jpeg,1365,1024,249,127,1019,710,culex
train_03086.jpeg,364,273,109,64,295,207,albopictus
train_03091.jpeg,4624,3472,608,346,3811,3107,culiseta
train_03093.jpeg,710,759,248,186,570,474,albopictus
train_03094.jpeg,3000,4000,1141,1709,1894,2568,albopictus
train_03095.jpeg,3840,5120,1401,1733,2464,3880,albopictus
train_03097.jpeg,3000,4000,951,2240,1607,2691,culex
train_03107.jpeg,1635,1860,708,1016,1152,1317,albopictus
train_03108.jpeg,768,1024,222,585,338,691,culex
train_03113.jpeg,1479,1972,41,173,1349,1687,culex
train_03114.jpeg,3024,4032,1092,1806,1919,2582,culex
train_03122.jpeg,2336,1752,601,579,1897,1384,culex
train_03124.jpeg,3024,4032,1180,1841,1715,2644,japonicus-koreicus
train_03133.jpeg,894,824,190,112,641,704,albopictus
train_03147.jpeg,1600,1600,594,789,1063,1082,albopictus
train_03149.jpeg,3024,4032,1012,1313,1816,2320,culex
train_03156.jpeg,4032,2268,1815,1293,2562,2029,culex
train_03158.jpeg,1035,1066,416,265,793,698,albopictus
train_03159.jpeg,768,1024,356,460,508,749,albopictus
train_03163.jpeg,1024,1820,497,605,600,752,culex
train_03164.jpeg,1024,1818,251,474,707,1080,culex
train_03165.jpeg,1024,1365,435,489,544,630,culex
train_03166.jpeg,3000,4000,603,1274,1856,2705,culex
train_03170.jpeg,768,1024,101,239,572,705,culex
train_03173.jpeg,3024,4032,577,589,2883,3512,culex
train_03193.jpeg,946,946,365,258,529,476,albopictus
train_03195.jpeg,3024,4032,908,1350,1863,2712,albopictus
train_03197.jpeg,658,607,134,163,492,427,albopictus
train_03204.jpeg,2592,1944,989,703,1210,980,albopictus
train_03214.jpeg,2448,3264,828,1421,1215,1926,albopictus
train_03218.jpeg,3060,4080,1060,1424,1745,2462,albopictus
train_03231.jpeg,2808,5616,665,1180,2098,3446,albopictus
train_03236.jpeg,1800,4000,760,1604,1085,2007,culex
train_03243.jpeg,2448,3264,983,1302,1612,2272,albopictus
train_03254.jpeg,3024,4032,1060,1420,1980,2720,culex
train_03258.jpeg,4032,1908,754,688,1570,1536,culiseta
train_03261.jpeg,3264,2448,1172,805,2144,1814,albopictus
train_03262.jpeg,3000,4000,924,1053,2025,2960,albopictus
train_03265.jpeg,779,779,236,233,481,545,albopictus
train_03269.jpeg,1024,1024,271,354,655,645,culex
train_03273.jpeg,579,483,162,141,430,385,albopictus
train_03276.jpeg,3024,4032,1203,1396,1757,1859,culex
train_03278.jpeg,3024,4032,1128,1314,1935,2295,culiseta
train_03284.jpeg,1024,1365,100,260,679,936,culex
train_03285.jpeg,1365,1024,576,508,687,630,culex
train_03286.jpeg,775,693,202,201,625,524,culex
train_03292.jpeg,1200,1600,455,604,871,1003,albopictus
train_03293.jpeg,4032,3024,1893,1051,2331,1529,albopictus
train_03297.jpeg,1156,1103,509,465,877,777,albopictus
train_03307.jpeg,1365,1024,853,281,1284,803,culex
train_03314.jpeg,1024,1365,321,636,568,876,albopictus
train_03323.jpeg,4640,3472,1754,1374,3286,2543,albopictus
train_03324.jpeg,2592,1944,1191,849,1534,1136,albopictus
train_03330.jpeg,1024,1365,151,244,764,969,culex
train_03332.jpeg,900,1600,300,518,486,634,albopictus
train_03334.jpeg,3072,4080,734,2267,1231,2798,albopictus
train_03338.jpeg,2448,3264,851,914,2026,2447,albopictus
train_03340.jpeg,1365,1024,562,401,715,540,culex
train_03344.jpeg,5312,2988,1740,1170,2111,1585,albopictus
train_03346.jpeg,2448,3264,674,932,1618,1808,albopictus
train_03350.jpeg,966,1288,240,386,659,848,culiseta
train_03354.jpeg,1024,1365,264,552,611,914,culiseta
train_03361.jpeg,3096,4128,1069,1893,1641,2557,albopictus
train_03384.jpeg,768,1024,66,152,591,671,albopictus
train_03385.jpeg,1369,1369,315,315,735,789,albopictus
train_03390.jpeg,2604,4624,688,1776,1788,2915,culex
train_03399.jpeg,3120,4160,1466,2730,2006,3116,albopictus
train_03408.jpeg,959,1407,313,610,707,899,albopictus
train_03416.jpeg,1024,1365,60,368,687,978,culex
train_03417.jpeg,2048,1152,571,277,1273,888,albopictus
train_03421.jpeg,439,487,147,173,306,325,culex
train_03432.jpeg,1080,712,221,129,1003,615,albopictus
train_03437.jpeg,2600,4624,979,2704,1305,3056,albopictus
train_03440.jpeg,3024,4032,715,469,2619,2379,albopictus
train_03441.jpeg,1400,1819,270,458,1249,1327,albopictus
train_03452.jpeg,3024,4032,1408,1855,2222,2503,culiseta
train_03456.jpeg,1166,2592,400,867,1023,1653,culex
train_03458.jpeg,3024,4032,57,360,2878,3277,culex
train_03463.jpeg,3000,4000,1100,2087,1352,2363,albopictus
train_03469.jpeg,720,1600,149,481,460,849,japonicus-koreicus
train_03473.jpeg,3456,3456,2015,2146,2915,2641,culex
train_03475.jpeg,3024,4032,1261,1492,2251,2543,culiseta
train_03478.jpeg,768,1024,311,419,453,658,culex
train_03480.jpeg,3456,4608,1617,2435,2484,3136,culiseta
train_03488.jpeg,1024,1365,236,121,921,803,culex
train_03491.jpeg,3000,4000,1081,1226,2016,2040,culex
train_03498.jpeg,1860,4032,0,1141,1743,2551,culiseta
train_03504.jpeg,1024,1365,399,522,683,782,culiseta
train_03505.jpeg,768,1024,188,698,281,781,albopictus
train_03508.jpeg,1123,1406,401,374,788,824,culex
train_03510.jpeg,768,1024,216,293,320,373,albopictus
train_03511.jpeg,4000,1848,1564,367,2177,1318,culex
train_03512.jpeg,4032,3024,963,328,3194,2945,albopictus
train_03516.jpeg,4032,3024,1617,860,2510,2260,japonicus-koreicus
train_03522.jpeg,2268,4032,247,1189,1728,3773,culiseta
train_03523.jpeg,3024,4032,464,1238,2397,3360,albopictus
train_03527.jpeg,904,1600,87,277,820,1116,culex
train_03529.jpeg,1093,1147,0,111,855,919,albopictus
train_03530.jpeg,765,1024,241,558,351,633,albopictus
train_03531.jpeg,768,1024,301,525,452,679,culex
train_03532.jpeg,900,1600,289,826,533,1044,albopictus
train_03535.jpeg,3456,4608,1246,2025,2366,3256,culex
train_03542.jpeg,1024,2217,322,817,702,1157,culiseta
train_03546.jpeg,3024,4032,1045,1154,2252,2162,albopictus
train_03549.jpeg,768,1024,247,435,566,777,culex
train_03567.jpeg,2988,5312,363,2672,1391,3886,albopictus
train_03575.jpeg,1024,1365,429,508,577,651,albopictus
train_03579.jpeg,3024,4032,911,1196,1873,2348,culiseta
train_03581.jpeg,2340,4160,667,1440,1366,2005,albopictus
train_03583.jpeg,768,1024,220,454,489,694,culex
train_03586.jpeg,3456,4608,238,732,3245,4074,japonicus-koreicus
train_03590.jpeg,1600,1200,598,494,858,753,culex
train_03594.jpeg,1944,2592,422,1305,1689,2535,culex
train_03598.jpeg,768,1024,423,393,586,571,culiseta
train_03600.jpeg,1406,2014,444,866,850,1142,albopictus
train_03607.jpeg,1024,2215,329,963,544,1370,japonicus-koreicus
train_03614.jpeg,3024,4032,529,1541,1789,2712,albopictus
train_03615.jpeg,2576,1160,806,398,1284,833,albopictus
train_03618.jpeg,768,1024,301,467,461,608,culex
train_03620.jpeg,1365,1024,579,419,739,581,culex
train_03626.jpeg,768,1024,16,127,768,858,culiseta
train_03631.jpeg,1200,1600,342,484,596,752,aegypti
train_03638.jpeg,2448,3264,982,1512,1623,1899,albopictus
train_03640.jpeg,3024,4032,1468,2221,1799,2453,albopictus
train_03642.jpeg,612,714,69,195,419,447,albopictus
train_03644.jpeg,2304,4096,497,1811,1319,2650,culex
train_03646.jpeg,1840,3984,500,1414,1002,1835,albopictus
train_03648.jpeg,3000,4000,421,1035,2458,3637,albopictus
train_03654.jpeg,1816,4032,463,1058,949,1566,albopictus
train_03657.jpeg,4160,2336,1864,762,2409,1527,albopictus
train_03658.jpeg,4608,3456,1599,810,2985,1832,culex
train_03668.jpeg,900,1600,402,613,585,781,culex
train_03671.jpeg,900,1600,236,310,429,578,albopictus
train_03672.jpeg,1179,1600,395,628,630,824,albopictus
train_03673.jpeg,2688,1520,1343,692,1681,1083,albopictus
train_03674.jpeg,1024,2217,138,524,604,976,culiseta
train_03675.jpeg,3468,4624,1183,1828,2625,2953,japonicus-koreicus
train_03677.jpeg,1720,1720,617,709,1068,1044,culex
train_03679.jpeg,1706,1414,523,152,1322,1122,albopictus
train_03680.jpeg,2275,1024,503,166,1367,923,culex
train_03686.jpeg,1931,1901,257,257,1621,1686,culiseta
train_03692.jpeg,1555,1131,444,224,1235,773,albopictus
train_03702.jpeg,1242,2208,139,567,980,1275,albopictus
train_03707.jpeg,4032,3024,1892,1577,2401,1999,culex
train_03717.jpeg,1200,1600,35,325,889,1118,albopictus
train_03718.jpeg,1024,2219,472,728,751,1003,culex
train_03721.jpeg,1024,1365,240,607,418,849,culex
train_03725.jpeg,768,1024,324,449,444,624,culex
train_03731.jpeg,1200,1600,532,534,814,973,culex
train_03733.jpeg,214,260,45,78,167,197,albopictus
train_03734.jpeg,3000,4000,1313,2321,1673,2747,culex
train_03742.jpeg,861,1025,156,278,766,835,culex
train_03743.jpeg,1073,1486,428,730,652,855,albopictus
train_03744.jpeg,2250,4000,750,2132,1266,2716,culiseta
train_03748.jpeg,768,1024,397,422,485,506,culex
train_03749.jpeg,1024,1365,445,490,821,925,albopictus
train_03750.jpeg,1024,1365,318,479,536,778,albopictus
train_03753.jpeg,1024,1365,502,366,708,570,culex
train_03754.jpeg,3456,4608,890,1586,2903,2720,culex
train_03755.jpeg,768,1024,131,414,408,755,albopictus
train_03758.jpeg,1932,2576,546,1566,1431,2362,culiseta
train_03765.jpeg,1080,1920,1,475,715,1164,albopictus
train_03769.jpeg,3000,4000,714,1573,2085,2846,culex
train_03776.jpeg,768,1024,271,545,565,953,culiseta
train_03778.jpeg,4000,2250,1840,934,2232,1328,culiseta
train_03781.jpeg,1960,4032,774,1821,1345,2265,culex
train_03786.jpeg,3472,3472,670,740,3359,2887,albopictus
train_03798.jpeg,3264,2448,1488,1177,1911,1501,albopictus
train_03803.jpeg,1173,1107,371,378,799,684,culex
train_03809.jpeg,3000,4000,972,1766,1988,2602,albopictus
train_03810.jpeg,1200,1600,19,21,783,688,culex
train_03814.jpeg,1836,3264,590,1430,1166,1865,culex
train_03817.jpeg,3024,4032,1058,2085,1679,2464,albopictus
train_03823.jpeg,3000,4000,1442,2519,2351,3414,albopictus
train_03824.jpeg,3024,4032,1093,2213,1525,2629,albopictus
train_03831.jpeg,1024,1820,530,753,960,1101,culex
train_03832.jpeg,3456,4608,485,1865,1687,3220,albopictus
train_03834.jpeg,768,1024,365,458,472,602,culex
train_03842.jpeg,3024,4032,680,882,2242,2006,albopictus
train_03844.jpeg,4032,2268,1306,598,2574,1504,albopictus
train_03868.jpeg,8000,6000,2851,2561,3912,3705,albopictus
train_03871.jpeg,2448,3264,978,1849,1444,2142,albopictus
train_03873.jpeg,3840,5120,1436,2228,2137,3001,culex
train_03880.jpeg,1175,1234,386,440,743,891,culex
train_03884.jpeg,1374,1339,522,468,865,823,albopictus
train_03901.jpeg,1200,1600,475,721,703,846,culiseta
train_03905.jpeg,1024,2106,382,876,595,1168,culex
train_03916.jpeg,525,541,156,110,363,424,albopictus
train_03928.jpeg,2193,1386,709,209,1439,1241,culex
train_03929.jpeg,3000,4000,588,1306,2207,3600,albopictus
train_03936.jpeg,3000,4000,960,919,2473,2448,culex
train_03943.jpeg,3000,4000,1406,2389,1767,2787,culex
train_03947.jpeg,1365,1024,484,278,923,875,culex
train_03957.jpeg,3024,3024,599,899,2122,2252,culex
train_03972.jpeg,1600,1200,645,680,872,869,albopictus
train_03974.jpeg,3024,4032,1314,2518,1770,2924,culex
train_03980.jpeg,1331,1185,397,500,756,828,albopictus
train_03989.jpeg,2976,3968,1593,1801,2061,2342,albopictus
train_03995.jpeg,3024,4032,571,1269,2699,3265,culex
train_03996.jpeg,4032,3024,902,1440,1877,2359,culiseta
train_03997.jpeg,3024,4032,203,744,2729,3029,culiseta
train_03999.jpeg,3264,2448,608,1046,1387,1495,albopictus
train_04008.jpeg,5616,2808,1651,331,3965,1922,albopictus
train_04010.jpeg,3024,4032,1399,1600,1728,1924,albopictus
train_04014.jpeg,1800,4000,96,464,1564,2495,culex
train_04015.jpeg,1649,1827,405,487,938,1012,albopictus
train_04016.jpeg,800,1600,382,403,539,593,albopictus
train_04028.jpeg,3456,4608,1911,3007,2387,3441,albopictus
train_04030.jpeg,2160,2670,746,851,1585,1603,albopictus
train_04039.jpeg,912,991,306,111,782,865,culex
train_04043.jpeg,1024,1820,149,394,801,1009,culex
train_04054.jpeg,1200,1600,766,512,992,737,albopictus
train_04057.jpeg,3024,4032,1096,1568,1671,2443,culex
train_04060.jpeg,768,1024,316,394,508,654,culex
train_04069.jpeg,4128,3096,965,1067,2173,2274,albopictus
train_04073.jpeg,795,942,144,317,699,796,culex
train_04078.jpeg,768,1024,50,277,558,790,albopictus
train_04080.jpeg,768,1024,275,341,380,497,albopictus
train_04086.jpeg,2268,4032,471,1972,1598,2692,albopictus
train_04091.jpeg,822,821,272,277,519,524,albopictus
train_04103.jpeg,3072,4080,746,2071,1224,2593,albopictus
train_04104.jpeg,768,1024,309,435,422,556,culex
train_04109.jpeg,3000,4000,1012,2114,1768,2973,culex
train_04119.jpeg,3000,4000,663,1451,1730,2545,culex
train_04122.jpeg,750,1334,202,269,549,857,anopheles
train_04130.jpeg,492,1024,113,353,275,496,culex
train_04138.jpeg,1024,1365,422,611,645,903,culex
train_04142.jpeg,768,1024,258,430,490,681,albopictus
train_04144.jpeg,1884,1747,427,611,1197,1217,albopictus
train_04147.jpeg,1125,2436,244,933,724,1526,albopictus
train_04150.jpeg,2448,3264,912,1251,1549,1888,albopictus
train_04154.jpeg,1024,1365,63,366,890,940,culex
train_04158.jpeg,3024,4032,1100,1840,2548,3187,culiseta
train_04159.jpeg,2160,3840,1114,2181,1350,2401,albopictus
train_04165.jpeg,559,671,78,126,369,412,albopictus
train_04166.jpeg,2576,1160,1127,293,1499,731,albopictus
train_04170.jpeg,1024,1024,279,100,869,688,culex
train_04181.jpeg,1160,2576,300,814,805,1411,culex
train_04183.jpeg,3264,2448,1163,66,2724,1500,albopictus
train_04184.jpeg,768,1024,186,348,496,678,culex
train_04187.jpeg,882,1128,364,477,542,664,albopictus
train_04189.jpeg,3000,4000,1027,1555,1917,2386,albopictus
train_04193.jpeg,576,1024,197,335,541,761,culex
train_04196.jpeg,3024,3024,1048,1498,1604,2013,culex
train_04205.jpeg,768,1024,230,208,552,715,culex
train_04218.jpeg,3472,4624,1834,2658,2526,3402,culex
train_04220.jpeg,1600,1200,273,437,702,842,culex
train_04222.jpeg,1913,1464,616,484,1055,854,albopictus
train_04227.jpeg,1024,1365,390,257,612,558,albopictus
train_04229.jpeg,1600,1200,694,422,911,626,albopictus
train_04230.jpeg,2250,4000,491,610,1194,1140,culiseta
train_04247.jpeg,2268,4032,984,1871,1406,2329,albopictus
train_04252.jpeg,900,1600,292,1046,479,1218,albopictus
train_04254.jpeg,1944,2592,680,808,1734,1557,culex
train_04261.jpeg,4000,3000,1171,204,3373,2963,culex
train_04264.jpeg,1024,1820,400,885,672,1076,culex
train_04276.jpeg,2448,3264,1244,1586,1834,2106,albopictus
train_04277.jpeg,1440,2560,508,572,1342,1394,japonicus-koreicus
train_04281.jpeg,2322,4128,820,1799,1274,2295,albopictus
train_04282.jpeg,768,1024,272,373,397,474,culex
train_04292.jpeg,1453,1582,398,490,1017,1303,culex
train_04294.jpeg,1024,2273,380,840,552,1054,albopictus
train_04304.jpeg,768,1024,42,252,635,862,albopictus
train_04305.jpeg,3024,4032,882,2526,1378,2916,albopictus
train_04313.jpeg,1024,1365,324,466,572,679,culex
train_04317.jpeg,1024,1820,455,651,582,826,culex
train_04322.jpeg,1080,2340,312,832,807,1441,albopictus
train_04323.jpeg,768,1024,295,460,396,564,culiseta
train_04325.jpeg,1015,783,313,292,674,585,albopictus
train_04330.jpeg,2448,3264,1123,1673,1386,1999,albopictus
train_04331.jpeg,3024,4032,1216,1867,1801,2351,culex
train_04335.jpeg,768,1024,331,628,465,721,culex
train_04336.jpeg,1024,1365,449,597,794,822,culex
train_04340.jpeg,3000,4000,1425,1421,2418,2276,culex
train_04346.jpeg,1583,1779,170,79,1416,1348,culex
train_04349.jpeg,1200,1600,364,490,760,942,albopictus
train_04353.jpeg,1960,4032,553,1694,1343,2331,culiseta
train_04356.jpeg,3024,4032,933,693,2547,2639,culex
train_04358.jpeg,3024,4032,887,1831,2514,2638,albopictus
train_04365.jpeg,2336,4160,722,1581,1392,2138,albopictus
train_04367.jpeg,4032,1960,1387,898,1670,1155,albopictus
train_04372.jpeg,2988,5312,235,1017,2116,3092,albopictus
train_04383.jpeg,768,1024,204,238,674,708,albopictus
train_04386.jpeg,817,945,106,126,740,916,albopictus
train_04387.jpeg,1200,1600,312,517,778,977,culiseta
train_04388.jpeg,3024,4032,976,1974,1544,2426,culiseta
train_04392.jpeg,3024,4032,1320,1709,2034,2579,culiseta
train_04393.jpeg,3024,4032,1259,1566,1750,2026,culex
train_04394.jpeg,768,1024,44,40,760,793,culiseta
train_04402.jpeg,768,1024,328,473,468,641,culex
train_04406.jpeg,3000,4000,863,1579,2111,2826,japonicus-koreicus
train_04409.jpeg,660,797,141,148,580,658,culex
train_04410.jpeg,4128,2322,1850,934,2277,1481,albopictus
train_04414.jpeg,1630,1772,626,535,994,875,albopictus
train_04416.jpeg,2736,3648,943,1386,1630,1955,culiseta
train_04419.jpeg,1333,1236,422,375,783,936,albopictus
train_04420.jpeg,768,1024,218,420,349,539,anopheles
train_04421.jpeg,3456,4608,1364,2501,1871,2940,albopictus
train_04422.jpeg,3024,4032,1096,1814,1790,2501,aegypti
train_04423.jpeg,3264,2448,1615,1051,2188,1360,culex
train_04433.jpeg,1526,1541,379,331,1137,1188,albopictus
train_04437.jpeg,4032,3024,1376,140,3770,2037,albopictus
train_04439.jpeg,2736,3648,685,1404,1445,2446,albopictus
train_04448.jpeg,720,1600,173,673,453,1041,culiseta
train_04450.jpeg,1600,1200,586,457,1063,976,culex
train_04455.jpeg,768,1024,173,243,670,699,culex
train_04456.jpeg,900,1600,396,664,656,879,albopictus
train_04461.jpeg,4000,3000,2478,1165,3137,1746,culex
train_04465.jpeg,3024,4032,1344,1562,2189,2470,culex
train_04469.jpeg,700,889,158,83,620,762,culex
train_04482.jpeg,1024,1365,286,673,669,1131,culex
train_04484.jpeg,768,1024,250,334,468,619,culex
train_04494.jpeg,1365,1024,808,303,1151,655,culex
train_04499.jpeg,4603,4265,1574,451,3106,3191,culex
train_04505.jpeg,1841,1841,570,565,1186,1336,culex
train_04509.jpeg,764,750,100,5,675,706,culiseta
train_04511.jpeg,2160,3840,1149,1467,1587,1913,albopictus
train_04513.jpeg,1024,2219,38,360,865,1465,culex
train_04515.jpeg,1365,1024,124,186,666,620,culex
train_04516.jpeg,3456,4608,1247,2339,2314,3363,albopictus
train_04519.jpeg,2268,4032,651,1990,1311,2755,albopictus
train_04522.jpeg,1365,1024,626,273,942,580,culex
train_04525.jpeg,2246,2181,772,893,1255,1628,albopictus
train_04534.jpeg,4032,1908,1059,293,2237,1647,culex
train_04539.jpeg,3024,4032,1184,1955,1744,2430,culex
train_04545.jpeg,3024,4032,1193,1344,2130,2063,culex
train_04546.jpeg,3000,4000,684,1936,1773,3226,albopictus
train_04547.jpeg,3024,4032,1054,1694,1501,2120,albopictus
train_04549.jpeg,768,1024,320,280,538,500,culex
train_04555.jpeg,4032,3024,1663,766,3130,2815,culex
train_04561.jpeg,1024,1365,303,399,724,900,culex
train_04568.jpeg,1241,1655,88,407,887,1067,culex
train_04569.jpeg,3264,2448,840,336,1975,1971,albopictus
train_04578.jpeg,768,1024,66,146,615,788,culex
train_04585.jpeg,974,973,487,426,703,649,albopictus
train_04591.jpeg,960,540,294,177,620,404,albopictus
train_04594.jpeg,1836,3264,485,893,1125,1330,albopictus
train_04597.jpeg,920,2000,301,750,686,1286,culex
train_04602.jpeg,4032,3024,692,980,2478,2322,albopictus
train_04604.jpeg,3024,3024,420,780,2618,2133,culiseta
train_04615.jpeg,3024,4032,1343,2806,1764,3236,culex
train_04619.jpeg,1908,4032,80,958,1550,2557,albopictus
train_04621.jpeg,1908,4032,742,1577,1275,2140,culex
train_04623.jpeg,2736,3648,801,813,1791,2384,culiseta
train_04624.jpeg,768,1024,132,476,457,681,albopictus
train_04626.jpeg,1024,1365,300,552,458,730,albopictus
train_04628.jpeg,2325,1720,623,542,1374,1458,albopictus
train_04631.jpeg,1600,1200,659,618,884,882,albopictus
train_04633.jpeg,1024,871,165,132,925,723,albopictus
train_04634.jpeg,3000,4000,662,153,2778,2525,culex
train_04635.jpeg,3024,4032,1755,1989,2172,2417,anopheles
train_04639.jpeg,1024,1365,238,544,453,773,albopictus
train_04642.jpeg,4000,1800,1223,37,2321,1449,culex
train_04644.jpeg,3024,4032,890,2132,1328,2495,albopictus
train_04652.jpeg,768,1024,329,360,459,468,culex
train_04656.jpeg,1024,1365,305,600,576,911,culex
train_04659.jpeg,768,1024,282,338,549,542,albopictus
train_04663.jpeg,768,1024,49,18,700,547,albopictus
train_04665.jpeg,3024,4032,583,1031,2072,2690,culiseta
train_04671.jpeg,3024,4032,636,1225,2492,3406,aegypti
train_04673.jpeg,3000,4000,1088,1423,1654,1773,culex
train_04674.jpeg,4160,3120,2267,2008,2670,2354,albopictus
train_04676.jpeg,1024,1365,521,616,634,725,culex
train_04678.jpeg,2448,3264,472,493,1794,2001,albopictus
train_04680.jpeg,1944,2592,631,519,1690,1610,culex
train_04681.jpeg,294,204,61,49,215,198,albopictus
train_04683.jpeg,1677,1824,374,424,1299,1776,culex
train_04686.jpeg,1800,4000,836,1818,1175,2143,albopictus
train_04687.jpeg,4000,3000,1454,592,2682,1889,albopictus
train_04688.jpeg,3024,4032,1156,1577,2015,2668,culex
train_04689.jpeg,3024,4032,1163,1228,2162,2762,culex
train_04691.jpeg,768,1024,384,542,477,613,culex
train_04695.jpeg,2976,3968,1606,1618,1929,1981,culex
train_04698.jpeg,3120,4160,1374,1955,1972,2389,albopictus
train_04700.jpeg,3840,5120,1688,2518,2196,3139,albopictus
train_04711.jpeg,389,562,99,169,311,386,culex
train_04714.jpeg,1132,1509,372,391,795,1018,culex
train_04716.jpeg,3000,4000,1301,1395,2645,2795,albopictus
train_04719.jpeg,4032,3024,730,654,2485,2108,culex
train_04722.jpeg,1024,1024,364,489,482,622,culex
train_04727.jpeg,768,1024,338,467,491,580,culex
train_04729.jpeg,864,864,162,171,657,728,albopictus
train_04730.jpeg,670,663,94,42,612,540,albopictus
train_04731.jpeg,1960,4032,998,1323,1425,1876,albopictus
train_04733.jpeg,913,889,324,171,598,592,albopictus
train_04735.jpeg,3024,4032,1000,1443,2287,3271,japonicus-koreicus
train_04737.jpeg,3024,4032,689,1500,2430,3124,culex
train_04738.jpeg,3024,4032,752,1095,1979,2427,culex
train_04742.jpeg,3024,4032,813,1222,2060,2690,albopictus
train_04748.jpeg,3000,4000,748,1407,2494,2362,culiseta
train_04750.jpeg,2976,3968,534,1712,1520,3141,albopictus
train_04766.jpeg,3468,4624,233,861,2239,2206,culex
train_04771.jpeg,1024,1818,289,399,696,1138,japonicus-koreicus
train_04772.jpeg,3024,4032,1002,1931,1546,2484,albopictus
train_04775.jpeg,3024,4032,317,1534,3024,3678,albopictus
train_04777.jpeg,3000,4000,1288,2114,1610,2434,albopictus
train_04780.jpeg,3000,4000,652,1343,1930,2531,culex
train_04783.jpeg,1573,970,506,223,1228,782,albopictus
train_04785.jpeg,3840,5120,676,1650,2386,2798,albopictus
train_04792.jpeg,1820,1024,634,31,1762,914,japonicus-koreicus
train_04804.jpeg,3000,4000,575,1122,1978,2404,anopheles
train_04806.jpeg,2896,5152,1133,2159,1489,2498,culex
train_04817.jpeg,3024,4032,1159,1438,1644,1738,culex
train_04819.jpeg,3024,4032,1145,2268,1626,2749,albopictus
train_04833.jpeg,1024,1365,379,434,554,584,culex
train_04845.jpeg,4128,2322,1719,1251,2082,1721,culex
train_04848.jpeg,621,699,216,323,431,551,albopictus
train_04849.jpeg,3024,4032,688,1315,2374,3497,culex
train_04854.jpeg,3024,4032,1126,2302,1412,2566,culex
train_04856.jpeg,1920,1080,645,94,1501,1038,culex
train_04858.jpeg,3024,4032,1013,1833,1635,2440,culex
train_04862.jpeg,3024,4032,109,2089,567,2493,culex
train_04864.jpeg,3000,4000,885,472,2204,1383,culex
train_04868.jpeg,1080,1920,64,870,795,1441,culex
train_04871.jpeg,720,1600,113,458,449,714,culex
train_04872.jpeg,720,1600,174,548,301,654,albopictus
train_04874.jpeg,6000,4000,2322,1716,3617,2697,culex
train_04878.jpeg,3024,4032,887,1597,1802,2531,culex
train_04881.jpeg,3024,4032,1024,2342,1604,2977,japonicus-koreicus
train_04884.jpeg,4160,3120,1412,959,2698,2251,albopictus
train_04885.jpeg,483,1024,210,547,276,702,culex
train_04889.jpeg,900,1600,533,960,725,1154,aegypti
train_04900.jpeg,902,766,106,70,572,685,culex
train_04901.jpeg,622,350,167,28,470,308,albopictus
train_04904.jpeg,3024,4032,1195,1284,1701,1827,culex
train_04905.jpeg,2736,3648,1504,1890,2103,2556,japonicus-koreicus
train_04906.jpeg,1024,1024,425,528,577,697,albopictus
train_04908.jpeg,3000,4000,650,1300,1583,2382,albopictus
train_04910.jpeg,1600,1200,563,396,850,735,albopictus
train_04911.jpeg,1024,1363,454,835,661,969,culex
train_04927.jpeg,1932,2576,572,1129,948,1408,culex
train_04932.jpeg,768,1024,18,4,564,661,culiseta
train_04947.jpeg,847,954,229,289,655,676,albopictus
train_04949.jpeg,2448,3264,1072,1435,1471,1999,albopictus
train_04954.jpeg,768,1024,189,394,495,719,culex
train_04956.jpeg,2250,4000,1140,534,1711,1060,culex
train_04963.jpeg,1600,1200,495,428,905,748,albopictus
train_04965.jpeg,2976,3968,1196,2064,2024,3240,albopictus
train_04970.jpeg,3000,4000,29,66,2310,2511,albopictus
train_04971.jpeg,768,1024,81,334,701,704,culex
train_04972.jpeg,4608,3072,1512,599,3892,2083,culex
train_04987.jpeg,1024,1815,507,804,631,998,culex
train_04988.jpeg,768,1024,99,217,760,895,albopictus
train_04990.jpeg,960,1277,232,439,672,856,albopictus
train_04992.jpeg,1024,2217,262,667,626,1007,culex
train_04994.jpeg,4128,2322,1850,1266,2112,1423,japonicus-koreicus
train_04996.jpeg,768,1024,218,420,515,674,albopictus
train_04997.jpeg,1024,1365,372,685,577,942,culex
train_05003.jpeg,5616,2808,1116,267,2925,2384,culex
train_05004.jpeg,768,1024,154,51,647,761,albopictus
train_05005.jpeg,1844,4000,772,1385,1107,1913,culex
train_05012.jpeg,3024,4032,1296,1924,1802,2338,albopictus
train_05015.jpeg,4000,3000,2220,1450,2880,2003,albopictus
train_05021.jpeg,4032,3024,1794,1114,2400,1935,anopheles
train_05022.jpeg,1024,1024,452,395,640,628,albopictus
train_05029.jpeg,768,1024,154,638,475,861,culex
train_05030.jpeg,2592,1944,1034,360,1815,1559,culex
train_05035.jpeg,951,1157,282,302,800,1069,albopictus
train_05037.jpeg,872,856,239,253,618,496,culex
train_05041.jpeg,1365,1024,410,150,1170,923,culiseta
train_05044.jpeg,768,1024,17,4,511,618,culiseta
train_05050.jpeg,1024,1365,430,690,608,885,culex
train_05058.jpeg,4160,3120,2430,1020,2944,1564,culex
train_05059.jpeg,768,1024,310,433,408,536,culex
train_05060.jpeg,1198,1600,394,612,903,1193,albopictus
train_05062.jpeg,1093,1579,363,529,756,938,culex
train_05067.jpeg,768,1024,229,600,426,769,culex
train_05072.jpeg,3419,3127,941,900,2280,2368,japonicus-koreicus
train_05077.jpeg,1820,1024,795,231,1067,427,culex
train_05096.jpeg,3024,4032,1539,1810,2098,2348,culex
train_05097.jpeg,1600,1195,454,222,1032,708,albopictus
train_05101.jpeg,2368,4208,957,1848,1482,2451,albopictus
train_05102.jpeg,3000,4000,1247,2011,1490,2308,culex
train_05103.jpeg,3024,4032,996,1580,1993,2389,albopictus
train_05114.jpeg,2304,4096,910,1448,1494,2262,culex
train_05116.jpeg,1365,1024,703,316,1037,599,culiseta
train_05121.jpeg,1440,2960,92,954,1187,2316,albopictus
train_05124.jpeg,3024,4032,544,1132,2577,2666,culex
train_05125.jpeg,1932,2576,761,910,1390,1536,culex
train_05128.jpeg,3024,4032,1077,1917,1776,2972,albopictus
train_05133.jpeg,4624,3468,2743,1894,3217,2431,culex
train_05136.jpeg,3096,4128,780,1097,1965,2640,albopictus
train_05139.jpeg,3024,4032,831,1857,1447,2581,culiseta
train_05142.jpeg,1024,1365,227,745,631,981,culex
train_05153.jpeg,3143,1854,312,66,1921,1442,culex
train_05156.jpeg,1024,1365,455,706,634,875,albopictus
train_05159.jpeg,1024,1820,404,560,629,781,albopictus
train_05165.jpeg,3000,4000,739,1302,2108,2578,culex
train_05169.jpeg,3096,4128,542,272,1915,1434,culiseta
train_05174.jpeg,1024,1365,242,753,714,1093,albopictus
train_05176.jpeg,1600,1200,460,310,1023,921,albopictus
train_05179.jpeg,3264,2448,1000,815,1934,2178,albopictus
train_05188.jpeg,3024,4032,808,1877,1231,2448,culex
train_05190.jpeg,2752,5664,959,2091,1536,2692,culex
train_05193.jpeg,768,1024,301,382,416,521,culex
train_05195.jpeg,2592,1944,210,401,1463,1636,albopictus
train_05198.jpeg,3456,4608,1618,2687,2429,3536,culex
train_05207.jpeg,4608,3456,2024,1501,2813,2295,albopictus
train_05208.jpeg,1820,1024,211,173,441,438,culex
train_05211.jpeg,2080,4160,1140,1815,1490,2226,culex
train_05220.jpeg,768,1024,289,430,482,580,culex
train_05229.jpeg,768,1024,249,518,634,816,culex
train_05236.jpeg,2336,4160,822,1844,1285,2350,anopheles
train_05241.jpeg,1200,1599,394,679,832,977,albopictus
train_05245.jpeg,4032,3024,836,902,2645,2002,culex
train_05252.jpeg,3000,4000,616,1396,1961,2802,albopictus
train_05253.jpeg,3468,4624,1817,1914,2503,2885,albopictus
train_05254.jpeg,768,1024,155,140,481,529,culex
train_05257.jpeg,3024,4032,652,2109,1266,2672,culex
train_05262.jpeg,2448,3264,739,807,1854,2092,albopictus
train_05265.jpeg,3024,4032,235,638,2410,3038,culex
train_05268.jpeg,3024,4032,1258,1428,1757,2015,culex
train_05271.jpeg,3024,3024,1067,1242,1830,2131,culex
train_05272.jpeg,3264,2448,1157,962,1423,1276,albopictus
train_05274.jpeg,3024,3024,1485,464,2076,1222,albopictus
train_05278.jpeg,1280,768,526,308,724,534,albopictus
train_05282.jpeg,922,2048,168,703,514,1066,culex
train_05285.jpeg,720,1280,85,489,446,817,culiseta
train_05292.jpeg,3024,4032,631,1187,2237,2728,culiseta
train_05297.jpeg,496,459,173,160,294,320,albopictus
train_05300.jpeg,1024,1365,97,275,954,1056,albopictus
train_05308.jpeg,5312,2988,2568,1306,2878,1751,albopictus
train_05311.jpeg,3120,4160,1193,1795,1759,2454,albopictus
train_05318.jpeg,2448,3264,423,875,1493,1665,albopictus
train_05320.jpeg,1024,2217,428,602,705,942,culiseta
train_05322.jpeg,3024,4032,1533,1308,2172,2125,albopictus
train_05323.jpeg,1079,1519,263,566,658,942,culex
train_05326.jpeg,2448,3264,876,1760,1740,2605,albopictus
train_05332.jpeg,2448,3264,744,1113,1935,2239,albopictus
train_05338.jpeg,3024,4032,1314,1803,2283,2717,albopictus
train_05347.jpeg,1024,1365,127,207,905,1158,culex
train_05349.jpeg,4128,2322,2217,507,2834,1076,albopictus
train_05351.jpeg,2016,4032,638,1200,1567,2230,albopictus
train_05355.jpeg,4160,3120,1232,744,2093,1672,culex
train_05356.jpeg,828,1792,270,656,580,952,culex
train_05360.jpeg,900,899,310,309,579,607,albopictus
train_05362.jpeg,1820,1024,806,332,1016,492,culex
train_05363.jpeg,768,1024,297,513,427,638,culex
train_05364.jpeg,1200,800,288,271,1127,705,albopictus
train_05365.jpeg,4160,3120,1063,162,2253,1376,albopictus
train_05373.jpeg,3480,4640,1219,1778,2006,2796,culex
train_05381.jpeg,2080,4160,1001,1087,1411,1484,culex
train_05385.jpeg,3024,4032,1386,2478,1672,2767,albopictus
train_05386.jpeg,768,1024,54,142,768,747,culex
train_05392.jpeg,2448,3264,701,1589,1491,2450,albopictus
train_05398.jpeg,2106,1024,981,484,1277,742,culex
train_05401.jpeg,1808,4000,755,2048,1080,2299,albopictus
train_05402.jpeg,3468,4624,1268,3113,1613,3508,albopictus
train_05403.jpeg,3456,4608,1259,2127,1992,2817,culex
train_05405.jpeg,1024,1023,515,408,636,537,culex
train_05406.jpeg,768,1024,187,361,471,679,culex
train_05418.jpeg,1166,2592,390,1065,994,1671,culex
train_05422.jpeg,768,1024,5,122,683,956,culiseta
train_05430.jpeg,624,577,71,58,446,522,albopictus
train_05432.jpeg,3000,4000,1305,1203,2035,1903,culex
train_05435.jpeg,3840,5120,871,2559,1621,3032,culex
train_05446.jpeg,3024,4032,876,1273,1654,2270,culiseta
train_05453.jpeg,2448,3264,910,1121,1370,1471,albopictus
train_05454.jpeg,2448,3264,652,1126,1818,2301,albopictus
train_05457.jpeg,768,1024,76,257,411,504,culex
train_05459.jpeg,768,1024,292,545,424,708,culex
train_05461.jpeg,1365,1024,273,333,727,756,japonicus-koreicus
train_05475.jpeg,2340,4160,817,2012,1290,2566,albopictus
train_05476.jpeg,1080,2400,352,1019,881,1522,aegypti
train_05480.jpeg,2268,4032,692,574,1634,2029,culiseta
train_05484.jpeg,768,1024,285,407,439,549,culex
train_05493.jpeg,3024,4032,1187,813,1926,1774,culex
train_05501.jpeg,1024,1365,263,535,582,751,culex
train_05505.jpeg,3024,4032,440,1458,1956,3020,japonicus-koreicus
train_05508.jpeg,750,731,216,150,497,470,albopictus
train_05515.jpeg,1402,1870,375,310,1131,1483,albopictus
train_05524.jpeg,768,1024,351,528,424,587,culex
train_05525.jpeg,720,1280,225,768,328,897,albopictus
train_05529.jpeg,765,1024,192,560,446,845,albopictus
train_05530.jpeg,4608,3456,1356,311,3596,2679,anopheles
train_05534.jpeg,900,1600,561,943,790,1153,albopictus
train_05537.jpeg,3024,4032,973,935,2005,2919,japonicus-koreicus
train_05548.jpeg,1920,2560,735,783,1403,1427,albopictus
train_05550.jpeg,3024,4032,702,1866,1855,2510,culex
train_05551.jpeg,3024,4032,1141,1909,1625,2413,culex
train_05553.jpeg,3024,4032,1184,1578,1418,1783,albopictus
train_05555.jpeg,3120,4208,263,1451,2366,2766,albopictus
train_05559.jpeg,3456,4608,1102,2371,1869,3118,culex
train_05562.jpeg,1024,1365,232,566,758,903,culex
train_05563.jpeg,1932,2576,678,821,1478,1945,culiseta
train_05564.jpeg,1166,2592,383,1156,725,1447,albopictus
train_05569.jpeg,1024,1365,153,531,598,1076,culex
train_05570.jpeg,4624,3468,1196,161,3202,2234,albopictus
train_05575.jpeg,1080,1920,351,613,700,951,albopictus
train_05576.jpeg,3024,4032,1354,1765,1703,2120,albopictus
train_05578.jpeg,1024,1368,282,496,705,920,culiseta
train_05580.jpeg,1936,2592,797,1220,1011,1391,albopictus
train_05587.jpeg,768,1024,251,495,496,756,culex
train_05589.jpeg,756,1636,79,497,756,1363,culex
train_05593.jpeg,1365,1024,726,427,937,635,culex
train_05597.jpeg,750,1334,224,574,548,882,albopictus
train_05601.jpeg,4032,1960,1117,144,2331,1105,albopictus
train_05605.jpeg,1125,1360,124,422,761,951,japonicus-koreicus
train_05613.jpeg,2072,1577,183,132,1748,1482,albopictus
train_05615.jpeg,2128,4608,237,989,1536,2883,albopictus
train_05616.jpeg,2191,2997,478,312,1732,2473,culex
train_05617.jpeg,3120,4160,1085,1886,2107,2806,albopictus
train_05632.jpeg,1024,1820,318,352,565,558,albopictus
train_05635.jpeg,1365,1024,620,387,841,677,culex
train_05636.jpeg,498,499,163,171,307,393,albopictus
train_05638.jpeg,3264,2448,950,904,2077,2107,albopictus
train_05639.jpeg,1024,2221,412,1068,602,1240,culex
train_05650.jpeg,2095,2029,1004,979,1235,1208,albopictus
train_05653.jpeg,3024,4032,721,1856,1941,2775,culex
train_05654.jpeg,3024,3024,984,1113,2021,2053,albopictus
train_05658.jpeg,2448,2448,1018,1176,1485,1648,albopictus
train_05661.jpeg,569,849,124,242,467,505,culex
train_05665.jpeg,3968,2976,1568,1305,1911,1713,albopictus
train_05669.jpeg,1024,1365,389,551,570,726,culex
train_05671.jpeg,2273,1024,891,494,1065,755,albopictus
train_05674.jpeg,2322,4128,965,2090,1377,2540,albopictus
train_05675.jpeg,1024,1365,362,417,543,690,albopictus
train_05676.jpeg,1820,1024,720,334,911,483,culex
train_05680.jpeg,2163,1024,712,397,1086,683,culex
train_05692.jpeg,1024,1820,246,584,565,839,culex
train_05697.jpeg,1200,1600,355,1036,540,1183,albopictus
train_05699.jpeg,1908,4032,326,332,1835,2413,albopictus
train_05701.jpeg,2976,3968,1447,1427,2060,1890,albopictus
train_05702.jpeg,1024,2106,254,749,513,1099,culex
train_05705.jpeg,750,1334,159,414,699,821,albopictus
train_05710.jpeg,1909,1873,371,299,1601,1587,culex
train_05714.jpeg,750,1334,54,349,750,1012,albopictus
train_05716.jpeg,3456,4608,1056,1887,2243,2896,culex
train_05724.jpeg,3024,4032,462,536,2351,2801,albopictus
train_05727.jpeg,1024,1365,323,549,504,743,culex
train_05728.jpeg,3024,4032,1145,1763,1752,2118,culex
train_05731.jpeg,2128,4608,253,1787,1799,2848,albopictus
train_05732.jpeg,3024,4032,1055,2094,1372,2444,albopictus
train_05735.jpeg,1018,763,299,154,575,494,albopictus
train_05746.jpeg,877,757,276,69,766,660,anopheles
train_05749.jpeg,834,821,269,215,495,530,culex
train_05752.jpeg,768,1024,212,110,504,432,culex
train_05756.jpeg,1361,1088,332,127,1150,790,albopictus
train_05761.jpeg,3000,4000,1172,1895,1747,2305,culex
train_05765.jpeg,3024,4032,838,1359,1760,2539,culex
train_05773.jpeg,768,1024,218,268,617,686,culex
train_05789.jpeg,768,1024,285,437,419,584,culiseta
train_05791.jpeg,3456,4608,1519,2206,1940,2885,culex
train_05793.jpeg,841,1073,337,326,472,556,culex
train_05799.jpeg,3000,4000,934,1291,2561,3071,culex
train_05804.jpeg,4160,3120,1831,912,2582,1335,albopictus
train_05806.jpeg,768,1024,344,506,439,639,albopictus
train_05807.jpeg,4160,2336,1867,1081,2265,1472,albopictus
train_05809.jpeg,768,768,234,190,455,358,albopictus
train_05814.jpeg,4000,2248,1646,696,2113,1447,albopictus
train_05821.jpeg,2167,1756,965,674,1329,978,albopictus
train_05826.jpeg,4032,3024,1061,1028,2416,2052,culex
train_05828.jpeg,1944,2592,729,1107,1820,1787,culex
train_05836.jpeg,768,1024,203,410,333,514,culex
train_05840.jpeg,491,580,87,165,416,414,albopictus
train_05841.jpeg,1944,2592,823,1086,1143,1361,albopictus
train_05845.jpeg,3472,4624,1424,1189,1984,2076,albopictus
train_05849.jpeg,4248,5664,1069,2839,2740,4014,culiseta
train_05855.jpeg,768,1024,148,247,439,595,albopictus
train_05856.jpeg,1024,1365,151,55,727,1112,culex
train_05859.jpeg,1024,1365,63,70,918,664,culex
train_05863.jpeg,1496,2394,241,342,1269,1751,albopictus
train_05867.jpeg,1024,1365,273,595,541,906,culex
train_05869.jpeg,510,547,117,176,395,419,albopictus
train_05870.jpeg,1798,1877,702,834,881,980,culex
train_05873.jpeg,768,1024,402,397,523,527,culex
train_05876.jpeg,1160,2576,304,601,843,1184,culex
train_05886.jpeg,1820,1024,516,381,994,655,japonicus-koreicus
train_05889.jpeg,2560,1920,736,771,1126,1189,albopictus
train_05893.jpeg,460,1024,80,475,375,765,culiseta
train_05896.jpeg,1453,1033,595,261,1031,716,albopictus
train_05904.jpeg,1024,1365,381,675,695,905,culex
train_05913.jpeg,4000,3000,1113,1475,2479,2902,albopictus
train_05923.jpeg,4160,2080,2335,757,2684,1010,culex
train_05926.jpeg,2560,1440,840,278,1537,898,albopictus
train_05932.jpeg,3024,4032,313,2219,1236,3155,culiseta
train_05935.jpeg,2250,4000,657,1702,1388,2276,culiseta
train_05939.jpeg,3456,4608,1023,1582,1518,2327,culex
train_05940.jpeg,3000,4000,831,1308,2152,2691,culex
train_05944.jpeg,1620,1750,308,241,1376,1483,albopictus
train_05946.jpeg,768,1024,446,525,608,766,culiseta
train_05955.jpeg,2976,3968,1177,1706,2111,2495,albopictus
train_05959.jpeg,1024,1365,451,555,681,808,culex
train_05963.jpeg,1953,1881,524,598,1239,1249,albopictus
train_05968.jpeg,1024,1365,261,524,513,883,culex
train_05971.jpeg,3024,4032,1169,1396,1477,1731,albopictus
train_05974.jpeg,1600,1200,370,631,702,866,culex
train_05977.jpeg,622,621,129,330,369,503,albopictus
train_05982.jpeg,1024,1365,361,492,678,689,albopictus
train_05986.jpeg,3096,4128,123,1710,959,2501,albopictus
train_05987.jpeg,2560,1942,947,293,2333,1481,albopictus
train_05996.jpeg,707,697,293,269,536,520,albopictus
train_06004.jpeg,1024,2106,443,686,776,1253,culex
train_06007.jpeg,1024,1820,175,298,623,746,culex
train_06010.jpeg,1365,1024,692,515,836,682,culex
train_06011.jpeg,738,843,129,261,466,503,albopictus
train_06013.jpeg,1200,1600,219,473,732,840,culex
train_06018.jpeg,540,960,69,108,511,615,albopictus
train_06022.jpeg,768,1024,380,466,494,617,culex
train_06023.jpeg,3000,4000,597,469,2865,4000,albopictus
train_06029.jpeg,768,1024,376,413,529,568,culex
train_06037.jpeg,3024,4032,1387,1944,1911,2619,albopictus
train_06043.jpeg,3000,4000,713,491,2645,2671,culex
train_06045.jpeg,3000,4000,1244,371,2188,2091,albopictus
train_06056.jpeg,3024,4032,1248,1573,1555,1834,albopictus
train_06059.jpeg,2448,3264,724,1196,1578,2017,albopictus
train_06064.jpeg,768,1024,144,390,509,721,culiseta
train_06066.jpeg,1024,1365,356,573,698,929,culex
train_06068.jpeg,3024,3024,1204,1353,1602,1653,albopictus
train_06071.jpeg,768,1024,255,408,379,596,culiseta
train_06079.jpeg,1944,2592,412,835,1355,1756,culiseta
train_06081.jpeg,1024,2106,240,928,495,1220,culex
train_06092.jpeg,3264,1836,715,544,1858,1457,albopictus
train_06118.jpeg,1024,1365,464,326,761,759,culex
train_06137.jpeg,1024,1365,188,254,585,978,culex
train_06138.jpeg,740,555,281,169,693,401,culex
train_06143.jpeg,2448,3264,786,917,2036,2109,albopictus
train_06152.jpeg,3024,4032,860,831,2607,2270,culex
train_06153.jpeg,3024,4032,1247,1931,1602,2276,albopictus
train_06160.jpeg,1024,1820,366,304,723,706,culex
train_06163.jpeg,4624,2136,1354,142,2798,1271,culiseta
train_06164.jpeg,1488,1984,717,831,974,1038,culex
train_06169.jpeg,3024,4032,1088,1083,2352,2305,albopictus
train_06173.jpeg,2293,2688,846,864,1543,1854,culex
train_06175.jpeg,1024,1365,475,595,609,759,albopictus
train_06180.jpeg,1242,2208,242,438,1031,1434,albopictus
train_06191.jpeg,2448,3264,796,1286,1624,2119,albopictus
train_06195.jpeg,2848,2136,1201,798,1506,1136,albopictus
train_06196.jpeg,768,1024,361,417,476,598,culex
train_06199.jpeg,1024,1365,207,153,971,1005,culex
train_06201.jpeg,296,344,138,113,249,220,culex
train_06204.jpeg,4032,3024,2135,880,2899,1754,albopictus
train_06205.jpeg,3024,4032,855,1660,2592,3056,culex
train_06209.jpeg,388,294,183,125,263,209,albopictus
train_06213.jpeg,768,1024,230,494,519,746,albopictus
train_06214.jpeg,3024,4032,956,1777,1373,2292,culex
train_06216.jpeg,3024,4032,1209,1680,1614,2406,culex
train_06217.jpeg,1024,2164,319,1006,567,1268,japonicus-koreicus
train_06225.jpeg,768,1024,164,112,685,619,albopictus
train_06231.jpeg,528,391,19,82,386,312,albopictus
train_06232.jpeg,3072,4080,329,642,2414,2533,culex
train_06236.jpeg,768,1024,384,457,496,622,culex
train_06237.jpeg,2336,4160,789,1821,1462,2408,albopictus
train_06242.jpeg,1168,2592,270,977,829,1599,japonicus-koreicus
train_06246.jpeg,3024,4032,1034,1616,1776,2271,albopictus
train_06254.jpeg,1365,1024,943,342,1180,548,culex
train_06259.jpeg,1024,1365,168,223,951,995,culex
train_06261.jpeg,2273,1024,593,262,1004,640,culiseta
train_06265.jpeg,1746,3104,673,1211,947,1684,albopictus
train_06266.jpeg,1932,2576,693,1269,997,1863,culex
train_06267.jpeg,3024,4032,1515,2846,2188,3389,culex
train_06268.jpeg,1295,1240,569,421,915,716,culex
train_06273.jpeg,3024,4032,72,1229,1644,2774,albopictus
train_06279.jpeg,3024,4032,1021,1933,1368,2269,culex
train_06280.jpeg,1233,1483,437,437,959,1097,albopictus
train_06281.jpeg,2160,3840,727,1721,1027,1966,albopictus
train_06283.jpeg,1292,1332,416,439,792,813,culex
train_06290.jpeg,899,1599,327,644,449,776,albopictus
train_06291.jpeg,2169,2456,383,482,1601,1966,culex
train_06292.jpeg,1200,1600,313,451,688,928,japonicus-koreicus
train_06298.jpeg,3024,4032,1507,1946,1940,2466,culex
train_06300.jpeg,2988,5312,1069,2480,1776,3388,culiseta
train_06301.jpeg,1154,932,192,98,793,723,culex
train_06308.jpeg,1002,1001,447,199,711,494,albopictus
train_06312.jpeg,2268,4032,914,1701,1351,2136,albopictus
train_06314.jpeg,2465,2012,373,271,2084,1826,albopictus
train_06320.jpeg,1024,1365,412,733,563,908,culex
train_06327.jpeg,2592,4608,979,1893,1466,2455,albopictus
train_06328.jpeg,1475,1976,402,474,1102,1342,albopictus
train_06331.jpeg,3024,4032,977,1818,1749,2714,albopictus
train_06333.jpeg,768,1024,273,339,508,541,albopictus
train_06338.jpeg,3000,4000,1100,2277,1659,2921,albopictus
train_06339.jpeg,3024,4032,1175,1889,1487,2341,culex
train_06344.jpeg,4032,2268,965,790,2138,1338,culex
train_06347.jpeg,1199,2088,447,678,840,1100,albopictus
train_06349.jpeg,4032,3024,1829,1028,2324,1636,albopictus
train_06351.jpeg,3120,4160,1092,814,2245,2271,japonicus-koreicus
train_06353.jpeg,469,1024,154,374,329,560,culex
train_06359.jpeg,2250,4000,217,320,2198,3012,culex
train_06361.jpeg,3264,1836,842,476,1823,1452,albopictus
train_06362.jpeg,768,1024,191,392,588,965,culiseta
train_06366.jpeg,3024,4032,432,1625,2213,3449,culiseta
train_06369.jpeg,1024,2163,406,884,913,1567,culiseta
train_06371.jpeg,828,1792,276,327,796,895,albopictus
train_06373.jpeg,2268,4032,898,1676,1195,2050,albopictus
train_06377.jpeg,768,1024,287,404,441,551,culex
train_06378.jpeg,3024,4032,531,857,2013,2826,albopictus
train_06383.jpeg,3000,3000,1180,1834,1622,2326,culex
train_06384.jpeg,720,1600,245,394,560,594,albopictus
train_06385.jpeg,3120,4160,1521,2206,1884,2647,albopictus
train_06386.jpeg,3468,4624,1361,1936,2162,2639,culex
train_06389.jpeg,4608,3456,2452,1738,3096,2497,culex
train_06390.jpeg,1024,1365,222,287,852,908,anopheles
train_06391.jpeg,1560,1531,319,367,1328,1202,culex
train_06400.jpeg,3024,4032,1358,2767,1717,3146,albopictus
train_06403.jpeg,3120,4160,1006,1773,1671,2222,albopictus
train_06405.jpeg,8000,6000,3977,2878,4714,3584,albopictus
train_06406.jpeg,1816,4032,745,1638,1372,2260,culex
train_06411.jpeg,3000,4000,1110,1899,1777,2647,albopictus
train_06412.jpeg,4160,2080,1692,656,2055,1018,culex
train_06418.jpeg,1365,1024,573,215,1002,558,culex
train_06422.jpeg,1440,2560,115,502,1304,1603,albopictus
train_06423.jpeg,1024,1820,399,898,612,1143,culex
train_06424.jpeg,4140,5520,1545,2074,2234,2932,albopictus
train_06425.jpeg,1024,1365,257,543,621,873,culex
train_06426.jpeg,1024,1365,413,761,694,1119,japonicus-koreicus
train_06434.jpeg,459,637,55,198,335,521,albopictus
train_06440.jpeg,1960,4032,628,1797,1174,2304,culex
train_06456.jpeg,2160,3840,705,1032,1186,1497,albopictus
train_06458.jpeg,1944,2592,765,1006,1314,1600,culex
train_06462.jpeg,3024,4032,1243,1692,1870,2264,albopictus
train_06468.jpeg,1024,1365,341,276,770,738,culex
train_06469.jpeg,1024,1820,470,1128,697,1298,culex
train_06475.jpeg,4160,3120,2364,1790,2883,2141,albopictus
train_06480.jpeg,1600,1200,769,749,1165,1075,culex
train_06484.jpeg,768,1024,345,379,433,490,culex
train_06486.jpeg,1168,2592,349,1006,992,1436,albopictus
train_06487.jpeg,1536,864,887,401,1083,631,culex
train_06493.jpeg,4032,3024,1667,957,2470,1726,albopictus
train_06494.jpeg,2304,4096,802,1946,1470,2588,albopictus
train_06498.jpeg,3000,4000,726,1064,2494,2524,albopictus
train_06516.jpeg,1024,2163,156,722,673,1139,culex
train_06518.jpeg,3000,3000,241,343,2876,2820,albopictus
train_06521.jpeg,1024,1365,60,358,881,918,culex
train_06522.jpeg,1365,1024,340,448,748,990,culex
train_06523.jpeg,768,1024,34,121,540,510,albopictus
train_06526.jpeg,3024,4032,1330,2041,1764,2541,albopictus
train_06529.jpeg,768,1024,208,382,583,694,culex
train_06532.jpeg,3024,4032,700,1256,1937,2940,albopictus
train_06536.jpeg,768,1024,373,409,527,588,albopictus
train_06547.jpeg,1200,1600,334,871,735,1198,albopictus
train_06551.jpeg,768,1024,212,305,662,730,culex
train_06555.jpeg,768,1024,370,354,460,422,albopictus
train_06564.jpeg,2304,4096,311,545,2094,3162,japonicus-koreicus
train_06566.jpeg,3024,4032,892,1515,2898,3179,culex
train_06567.jpeg,3840,5120,1257,2114,3365,4097,albopictus
train_06568.jpeg,3024,4032,914,1848,1942,2863,culiseta
train_06578.jpeg,1600,720,646,191,943,352,culiseta
train_06579.jpeg,3264,1836,979,141,1760,1224,albopictus
train_06583.jpeg,1203,903,478,274,746,663,albopictus
train_06584.jpeg,3024,4032,1363,1433,1808,2062,albopictus
train_06587.jpeg,3120,4160,1966,2603,2414,3147,japonicus-koreicus
train_06588.jpeg,1536,2560,632,1286,882,1716,albopictus
train_06591.jpeg,4032,2268,1934,835,2169,1102,culex
train_06592.jpeg,3000,4000,914,870,1689,1333,albopictus
train_06596.jpeg,5616,2808,1485,85,3038,1959,albopictus
train_06599.jpeg,1820,1024,551,254,982,666,culiseta
train_06602.jpeg,4000,3000,1122,506,2641,1961,albopictus
train_06603.jpeg,2160,3840,758,1650,1178,2084,culex
train_06606.jpeg,1233,925,306,191,841,789,culex
train_06608.jpeg,1024,1820,326,740,467,917,culex
train_06611.jpeg,4608,3456,1654,781,2534,1458,albopictus
train_06618.jpeg,1152,2048,454,716,811,1191,albopictus
train_06623.jpeg,3024,4032,1133,2076,1692,2667,culex
train_06627.jpeg,2268,4032,429,919,1878,1904,albopictus
train_06628.jpeg,3456,4608,1230,1737,2189,2879,culex
train_06635.jpeg,2016,4480,378,1122,1031,2106,culex
train_06639.jpeg,768,1024,251,348,475,562,culex
train_06641.jpeg,1064,1419,306,553,661,948,albopictus
train_06653.jpeg,918,799,314,226,699,634,japonicus-koreicus
train_06655.jpeg,2448,3264,743,808,1571,1772,albopictus
train_06658.jpeg,1280,720,699,276,840,428,albopictus
train_06659.jpeg,1471,1080,513,288,1330,1022,albopictus
train_06662.jpeg,3096,4128,915,1030,1345,1374,albopictus
train_06665.jpeg,3024,4032,966,1634,1428,2406,albopictus
train_06666.jpeg,1536,2560,670,1120,881,1409,albopictus
train_06672.jpeg,2432,3286,1505,1223,2046,1641,albopictus
train_06674.jpeg,3024,4032,1300,913,2260,2541,culex
train_06678.jpeg,3096,4128,1086,674,1962,1911,albopictus
train_06685.jpeg,3472,4624,1061,2344,1681,3059,albopictus
train_06686.jpeg,1365,1024,515,363,812,688,culiseta
train_06692.jpeg,768,1024,253,435,568,956,culex
train_06701.jpeg,3000,4000,791,1321,1854,2529,culex
train_06704.jpeg,3024,4032,1429,2448,1862,2853,culex
train_06705.jpeg,622,696,208,279,503,557,albopictus
train_06707.jpeg,1289,1719,236,664,844,1157,albopictus
train_06709.jpeg,1024,2106,334,892,542,1075,culex
train_06712.jpeg,1836,3264,517,1306,1040,1826,albopictus
train_06713.jpeg,1166,2592,317,871,831,1514,culex
train_06716.jpeg,1500,2000,184,952,761,1436,culex
train_06717.jpeg,768,1024,109,112,622,588,culiseta
train_06718.jpeg,4000,3000,1575,1110,2088,1591,culex
train_06721.jpeg,1440,3200,233,1210,1223,2062,albopictus
train_06728.jpeg,3024,4032,1204,1482,2020,2187,culex
train_06731.jpeg,4624,3468,1418,668,3550,2546,albopictus
train_06737.jpeg,1024,1820,112,775,286,934,culex
train_06754.jpeg,1135,970,320,246,832,653,albopictus
train_06755.jpeg,768,1024,199,150,446,658,albopictus
train_06757.jpeg,2448,3264,619,1017,1812,2705,albopictus
train_06760.jpeg,1080,1920,489,615,893,1070,culex
train_06762.jpeg,3024,4032,1364,1952,1645,2415,culex
train_06764.jpeg,3468,4624,1067,2326,1773,2929,culex
train_06779.jpeg,1200,1600,206,508,674,1364,albopictus
train_06782.jpeg,768,1024,277,482,493,610,culex
train_06784.jpeg,2448,3264,1167,1484,1557,1956,albopictus
train_06790.jpeg,1600,1233,201,307,1144,1122,albopictus
train_06793.jpeg,4128,3096,1529,676,2208,1439,albopictus
train_06797.jpeg,3024,4032,1036,878,2054,2184,albopictus
train_06804.jpeg,768,1024,313,224,716,700,culex
train_06811.jpeg,2223,2683,570,494,913,723,albopictus
train_06812.jpeg,3024,4032,1003,2623,1579,3180,culex
train_06813.jpeg,750,1334,214,405,532,838,culex
train_06822.jpeg,4608,3456,2008,1063,2785,2197,culex
train_06823.jpeg,768,1024,200,565,597,836,albopictus
train_06825.jpeg,3264,2448,1289,1076,1543,1312,albopictus
train_06826.jpeg,1600,900,506,179,1097,719,albopictus
train_06827.jpeg,1024,1024,150,58,675,769,culex
train_06828.jpeg,640,640,236,218,413,414,albopictus
train_06833.jpeg,926,764,149,194,772,634,albopictus
train_06836.jpeg,4032,3024,1845,1280,2241,1692,albopictus
train_06856.jpeg,3120,4160,1511,1645,1941,2036,albopictus
train_06860.jpeg,4032,1960,381,214,1488,1219,culex
train_06863.jpeg,1399,1049,550,353,819,682,albopictus
train_06865.jpeg,2976,3968,1216,1619,1600,1949,culex
train_06867.jpeg,3000,4000,1254,1474,2276,2449,culex
train_06870.jpeg,720,1280,304,669,374,761,culex
train_06882.jpeg,1024,1820,204,893,514,1076,culex
train_06885.jpeg,1200,1600,352,982,525,1138,albopictus
train_06888.jpeg,3024,4032,970,1778,1466,2433,culex
train_06889.jpeg,2448,3264,772,1081,1399,2261,albopictus
train_06890.jpeg,768,1024,351,488,559,686,albopictus
train_06892.jpeg,749,807,72,118,716,729,culex
train_06895.jpeg,4032,2268,1335,826,1919,1326,albopictus
train_06896.jpeg,768,1024,152,439,414,742,albopictus
train_06898.jpeg,768,1024,289,452,395,553,culex
train_06900.jpeg,929,619,208,108,621,557,albopictus
train_06903.jpeg,5312,2988,1304,1351,2448,2480,albopictus
train_06904.jpeg,768,1024,151,689,303,828,albopictus
train_06907.jpeg,2482,2034,850,802,1455,1272,albopictus
train_06909.jpeg,1080,1162,164,178,959,1062,japonicus-koreicus
train_06911.jpeg,1024,1365,521,740,636,843,aegypti
train_06912.jpeg,3024,4032,858,1637,1998,2612,albopictus
train_06913.jpeg,1538,2238,549,217,1328,1050,culiseta
train_06918.jpeg,3024,4032,1755,1830,2432,2544,albopictus
train_06920.jpeg,3024,4032,1171,1304,1776,2141,culex
train_06922.jpeg,768,1024,341,456,441,605,culex
train_06926.jpeg,768,1024,211,350,413,485,culex
train_06928.jpeg,5616,2808,784,378,4037,2689,culex
train_06929.jpeg,2736,3648,981,1523,1900,2533,albopictus
train_06930.jpeg,1024,2106,171,903,436,1105,culex
train_06931.jpeg,4032,3024,1687,1318,2188,1715,albopictus
train_06932.jpeg,768,1024,300,408,475,634,culex
train_06940.jpeg,3024,4032,760,1268,1960,2329,albopictus
train_06941.jpeg,4032,3024,1269,623,2443,1572,culiseta
train_06942.jpeg,3456,4608,638,2528,1823,3347,albopictus
train_06948.jpeg,1024,1365,397,643,547,778,culex
train_06953.jpeg,3036,4048,1599,1970,1852,2216,albopictus
train_06955.jpeg,2015,2398,767,1109,1305,1473,albopictus
train_06956.jpeg,3840,5120,1569,2358,2065,2840,albopictus
train_06966.jpeg,768,1024,306,576,392,666,albopictus
train_06969.jpeg,2268,4032,1044,746,2018,2371,albopictus
train_06978.jpeg,1836,3264,173,1778,1247,2471,japonicus-koreicus
train_06981.jpeg,777,1599,97,421,695,1121,culex
train_06983.jpeg,3024,4032,1054,2118,1523,2633,culex
train_06991.jpeg,3024,4032,665,1517,2485,3713,culiseta
train_06992.jpeg,2539,2615,644,559,1772,1858,albopictus
train_06993.jpeg,768,1024,205,288,518,467,culex
train_06998.jpeg,3120,4160,1586,423,2095,934,culex
train_06999.jpeg,3024,4032,1055,1648,1719,2366,culex
train_07000.jpeg,1365,1024,549,480,841,754,culex
train_07009.jpeg,3024,4032,1018,1315,2104,2566,culex
train_07011.jpeg,1170,2532,423,756,644,1060,culex
train_07012.jpeg,3456,4608,1582,1841,2372,2812,culex
train_07015.jpeg,1024,1024,480,609,616,717,culex
train_07017.jpeg,1024,1365,229,373,843,703,culex
train_07018.jpeg,1678,1720,685,470,983,838,albopictus
train_07020.jpeg,1160,2576,192,539,594,827,culex
train_07023.jpeg,1024,1820,507,773,807,1191,culex
train_07028.jpeg,3000,4000,1215,2544,1618,2941,culex
train_07031.jpeg,3024,4032,1116,1740,1980,2363,culex
train_07035.jpeg,768,1024,362,622,491,738,culex
train_07045.jpeg,1024,1365,185,109,827,1160,albopictus
train_07050.jpeg,3000,4000,156,1301,3000,2975,albopictus
train_07054.jpeg,3840,2160,1470,746,2147,1586,albopictus
train_07065.jpeg,1080,2400,271,680,1002,1511,albopictus
train_07073.jpeg,495,647,83,230,353,477,albopictus
train_07076.jpeg,1024,1024,84,73,701,661,albopictus
train_07077.jpeg,2204,3920,1245,1388,1780,1825,albopictus
train_07081.jpeg,2448,3264,55,100,2385,3129,albopictus
train_07083.jpeg,3264,2448,1599,980,1897,1196,albopictus
train_07085.jpeg,1600,1200,1052,255,1488,626,culex
train_07086.jpeg,3120,4160,455,1221,1344,2084,albopictus
train_07087.jpeg,1200,1600,386,614,670,893,japonicus-koreicus
train_07090.jpeg,1440,1210,291,55,1440,876,culiseta
train_07102.jpeg,768,1024,230,362,444,743,culex
train_07105.jpeg,1932,2576,982,708,1408,1340,albopictus
train_07110.jpeg,1024,1365,366,483,739,851,culex
train_07111.jpeg,971,971,380,467,682,822,albopictus
train_07112.jpeg,2339,2586,716,1026,1523,1824,albopictus
train_07121.jpeg,3024,4032,1491,775,1987,1395,culiseta
train_07123.jpeg,3456,4608,1131,2160,2375,3637,japonicus-koreicus
train_07126.jpeg,2268,4032,765,1264,1182,1791,culex
train_07128.jpeg,3120,4160,1143,2312,1616,2967,albopictus
train_07133.jpeg,1112,1112,266,184,530,423,albopictus
train_07136.jpeg,768,1024,246,551,476,805,albopictus
train_07139.jpeg,1510,1212,587,381,1117,811,albopictus
train_07141.jpeg,3456,3456,820,907,2808,2342,culex
train_07145.jpeg,3024,4032,348,853,2622,2486,culex
train_07155.jpeg,1134,1511,322,603,821,1069,albopictus
train_07156.jpeg,3024,4032,1007,1722,1943,2930,culex
train_07158.jpeg,1039,1038,465,251,668,556,albopictus
train_07161.jpeg,768,1024,352,517,494,682,albopictus
train_07162.jpeg,3000,4000,1319,1638,2195,2716,culex
train_07163.jpeg,573,573,145,143,358,396,albopictus
train_07164.jpeg,4096,2304,1953,874,2312,1384,albopictus
train_07172.jpeg,703,865,236,291,459,609,culex
train_07175.jpeg,768,1024,289,442,411,565,culex
train_07177.jpeg,1478,1676,64,176,1133,1643,albopictus
train_07183.jpeg,1024,1365,342,593,546,760,culex
train_07187.jpeg,1944,2592,639,1756,1148,2347,culex
train_07188.jpeg,768,1024,314,439,544,731,culex
train_07189.jpeg,1024,1365,487,805,593,902,albopictus
train_07190.jpeg,4000,3000,1576,708,2457,1636,culex
train_07197.jpeg,3468,2411,512,286,2948,1993,albopictus
train_07201.jpeg,1200,1599,501,650,716,847,albopictus
train_07209.jpeg,1095,1261,327,326,757,831,culiseta
train_07211.jpeg,1024,1365,490,613,839,965,culex
train_07214.jpeg,1277,1315,232,203,932,885,albopictus
train_07215.jpeg,3024,4032,1504,2326,1842,2665,culex
train_07216.jpeg,3264,1836,1419,660,1806,938,albopictus
train_07218.jpeg,3024,4032,411,1469,2626,2609,japonicus-koreicus
train_07221.jpeg,1836,3264,486,2084,932,2500,albopictus
train_07223.jpeg,1200,1600,440,894,580,1029,albopictus
train_07232.jpeg,3264,2448,1677,996,2229,1465,culex
train_07234.jpeg,2448,3264,552,569,1717,1845,albopictus
train_07243.jpeg,3024,4032,1441,1855,1828,2186,albopictus
train_07246.jpeg,3024,4032,927,1813,1735,2434,culex
train_07255.jpeg,1125,2436,324,1122,879,1478,albopictus
train_07257.jpeg,3000,4000,1532,1432,2674,3059,albopictus
train_07259.jpeg,781,767,51,44,702,449,culex
train_07266.jpeg,1024,2163,505,1211,817,1480,culex
train_07268.jpeg,768,1024,308,437,488,646,culex
train_07274.jpeg,1873,1480,443,473,1417,1095,albopictus
train_07276.jpeg,1024,1024,276,350,611,651,albopictus
train_07281.jpeg,1047,1048,391,419,660,643,albopictus
train_07282.jpeg,3000,4000,1223,1991,1503,2239,albopictus
train_07300.jpeg,1080,1920,163,956,589,1363,albopictus
train_07313.jpeg,3000,4000,1128,1900,1682,2444,culex
train_07314.jpeg,3024,4032,733,1424,1876,3073,albopictus
train_07315.jpeg,1200,1498,251,514,640,921,culex
train_07327.jpeg,744,744,276,242,536,487,culex
train_07331.jpeg,1024,1820,367,535,797,971,japonicus-koreicus
train_07338.jpeg,3024,4032,826,368,2441,2604,albopictus
train_07342.jpeg,768,1024,319,553,412,644,culex
train_07344.jpeg,1024,1365,272,587,852,957,culex
train_07347.jpeg,1224,1632,358,530,1006,1112,albopictus
train_07355.jpeg,1024,1365,381,763,621,947,culex
train_07358.jpeg,3120,4160,1321,1611,1770,2142,culex
train_07363.jpeg,4000,2250,1678,924,2130,1333,culex
train_07366.jpeg,3024,4032,417,656,2618,2484,culiseta
train_07368.jpeg,1024,1365,362,565,876,939,culex
train_07373.jpeg,1024,1365,48,166,860,810,culex
train_07381.jpeg,1024,1365,230,282,592,709,culex
train_07384.jpeg,1800,4000,31,500,1777,3025,culiseta
train_07390.jpeg,4032,3024,833,570,3919,2420,albopictus
train_07398.jpeg,3024,4032,1133,1865,1666,2485,culex
train_07405.jpeg,3024,4032,522,1537,2043,3085,culex
train_07412.jpeg,1365,1024,689,458,908,626,culex
train_07413.jpeg,2128,4608,40,1028,1830,2762,albopictus
train_07414.jpeg,998,1035,260,416,663,676,albopictus
train_07421.jpeg,768,1024,460,467,577,619,albopictus
train_07423.jpeg,3024,3024,1041,964,2060,1916,albopictus
train_07426.jpeg,3024,4032,975,2244,1415,2757,albopictus
train_07434.jpeg,3024,4032,1207,1991,1681,2394,culex
train_07435.jpeg,3024,4032,1343,1906,1646,2214,albopictus
train_07436.jpeg,4000,3000,1513,618,2656,2064,culex
train_07439.jpeg,1200,1600,493,723,716,884,albopictus
train_07443.jpeg,1600,1200,568,492,764,761,culex
train_07446.jpeg,3456,4608,1475,3031,1823,3376,culex
train_07448.jpeg,768,1024,320,379,488,566,albopictus
train_07451.jpeg,900,1600,269,768,577,1061,culex
train_07461.jpeg,768,1024,319,497,501,732,culiseta
train_07465.jpeg,3024,4032,132,680,2733,3767,albopictus
train_07466.jpeg,5120,3840,1800,358,2961,2258,albopictus
train_07470.jpeg,3000,4000,901,695,2209,2277,albopictus
train_07471.jpeg,4000,3000,1321,210,2741,1968,culex
train_07476.jpeg,768,1024,52,198,688,822,culiseta
train_07480.jpeg,768,1024,355,641,527,826,culex
train_07481.jpeg,1365,1024,691,368,1126,676,culex
train_07496.jpeg,1120,1411,201,550,744,993,albopictus
train_07501.jpeg,768,1024,298,514,498,763,culex
train_07503.jpeg,3024,4032,1200,1650,1842,2134,japonicus-koreicus
train_07521.jpeg,895,1434,234,509,608,934,culex
train_07526.jpeg,1944,2592,776,858,1568,1922,culex
train_07528.jpeg,3024,4032,0,373,1938,2686,albopictus
train_07532.jpeg,581,1032,104,475,253,653,albopictus
train_07533.jpeg,3024,4032,310,903,2249,2759,culiseta
train_07537.jpeg,768,1024,200,531,346,663,culex
train_07543.jpeg,1024,1365,200,554,910,999,culex
train_07547.jpeg,532,398,111,47,398,296,albopictus
train_07550.jpeg,3120,4160,1200,1864,2291,3073,albopictus
train_07551.jpeg,3840,5120,1131,325,3815,4728,japonicus-koreicus
train_07553.jpeg,1600,900,231,334,403,557,albopictus
train_07555.jpeg,3024,4032,681,1667,1656,2121,culex
train_07557.jpeg,768,1024,220,512,337,625,culex
train_07562.jpeg,572,861,89,98,478,774,culex
train_07563.jpeg,1607,1511,505,307,930,753,japonicus-koreicus
train_07564.jpeg,779,589,61,45,634,483,albopictus
train_07565.jpeg,4160,3120,1762,592,2658,1947,albopictus
train_07566.jpeg,3024,4032,1069,1973,1709,2658,culiseta
train_07569.jpeg,3984,5312,1782,2742,2160,3174,albopictus
train_07576.jpeg,768,1024,325,523,438,652,culex
train_07578.jpeg,768,1024,364,600,497,728,albopictus
train_07585.jpeg,1024,2106,348,951,602,1173,culex
train_07590.jpeg,3024,4032,892,309,2133,1428,culex
train_07591.jpeg,1728,3072,662,1311,969,1704,albopictus
train_07593.jpeg,1861,1964,234,425,1589,1649,culiseta
train_07596.jpeg,3120,4160,591,1666,1670,2791,albopictus
train_07605.jpeg,1024,1365,462,631,570,726,culex
train_07609.jpeg,3000,4000,1327,2371,1678,2735,culex
train_07612.jpeg,3000,4000,817,1145,2372,3047,culex
train_07615.jpeg,3024,4032,1101,1706,1645,2051,culex
train_07625.jpeg,870,809,286,280,537,526,culex
train_07627.jpeg,1024,2161,279,785,796,1356,albopictus
train_07640.jpeg,3024,4032,734,889,2473,3095,culiseta
train_07641.jpeg,1024,2273,394,1080,668,1332,culex
train_07648.jpeg,1600,1200,665,359,995,546,culex
train_07653.jpeg,1024,2161,363,1070,602,1266,albopictus
train_07654.jpeg,1280,720,552,205,703,376,culex
train_07657.jpeg,4032,3024,1249,613,1751,1008,albopictus
train_07659.jpeg,3024,4032,850,1760,1266,2219,albopictus
train_07663.jpeg,1600,904,561,159,918,528,culex
train_07664.jpeg,3024,4032,681,1892,2010,3406,japonicus-koreicus
train_07667.jpeg,2976,3968,1091,1804,1679,2377,culex
train_07668.jpeg,959,1328,230,458,685,987,culex
train_07677.jpeg,3024,4032,1073,875,1830,1503,culiseta
train_07679.jpeg,2128,4608,869,1235,2128,2631,culex
train_07684.jpeg,1876,2059,628,637,1191,1362,culiseta
train_07686.jpeg,4160,3120,1999,1907,2504,2461,albopictus
train_07687.jpeg,3840,2160,1248,655,2407,1512,albopictus
train_07689.jpeg,1222,1222,488,464,750,830,albopictus
train_07691.jpeg,3264,2448,909,150,2510,1537,albopictus
train_07707.jpeg,750,715,223,211,379,468,albopictus
train_07710.jpeg,768,1024,259,466,719,951,culex
train_07716.jpeg,2240,4608,488,1082,1462,1860,albopictus
train_07719.jpeg,768,1024,136,365,433,802,culex
train_07722.jpeg,1024,2163,444,809,674,1059,culex
train_07726.jpeg,3456,4608,1565,792,2290,1497,culex
train_07731.jpeg,3024,4032,1049,2112,1721,2900,albopictus
train_07733.jpeg,3024,4032,966,1313,2284,2484,culex
train_07742.jpeg,1936,2592,756,740,1040,1084,albopictus
train_07746.jpeg,1200,1200,342,334,707,621,albopictus
train_07750.jpeg,3024,4032,0,243,2263,3601,culex
train_07753.jpeg,494,620,95,69,436,443,culex
train_07755.jpeg,1224,1224,563,412,820,708,albopictus
train_07760.jpeg,460,516,45,32,392,502,culex
train_07763.jpeg,4608,2176,1187,542,3107,1918,culiseta
train_07769.jpeg,640,1136,159,394,536,732,albopictus
train_07772.jpeg,2166,2166,244,980,787,1362,culex
train_07782.jpeg,3024,4032,837,2369,1127,2790,culex
train_07784.jpeg,2016,4032,1156,1815,1376,2057,culex
train_07787.jpeg,3024,4032,930,947,2116,2673,albopictus
train_07800.jpeg,1080,1485,242,164,1015,1396,albopictus
train_07802.jpeg,768,1024,380,458,461,546,culex
train_07803.jpeg,2448,3264,501,802,1964,2154,culex
train_07805.jpeg,768,1024,173,420,454,708,culiseta
train_07806.jpeg,3264,2448,1051,401,2196,1656,albopictus
train_07809.jpeg,1024,1365,430,307,582,465,culex
train_07813.jpeg,4624,3472,2297,1076,2766,1541,albopictus
train_07818.jpeg,1024,2221,437,715,632,954,culex
train_07823.jpeg,1301,1446,645,414,1094,938,albopictus
train_07828.jpeg,1274,1273,451,477,889,826,albopictus
train_07829.jpeg,3024,4032,1084,1985,1742,2503,culex
train_07830.jpeg,1536,2048,476,631,1379,1124,culex
train_07832.jpeg,768,1024,91,574,240,702,culex
train_07833.jpeg,3024,4032,1181,1723,1616,2132,japonicus-koreicus
train_07834.jpeg,1816,4032,525,1578,1025,2065,culex
train_07836.jpeg,3024,4032,1196,1825,1921,2586,culex
train_07838.jpeg,768,1024,184,437,358,615,culex
train_07851.jpeg,4128,3096,1970,1666,2405,2136,albopictus
train_07853.jpeg,916,1250,244,289,670,972,albopictus
train_07859.jpeg,1662,1488,103,111,1557,1403,albopictus
train_07862.jpeg,765,1024,306,491,496,666,culex
train_07863.jpeg,1768,1426,624,580,1157,995,albopictus
train_07865.jpeg,3024,4032,1155,1618,1518,2160,culex
train_07868.jpeg,768,1024,211,542,477,775,culex
train_07870.jpeg,3840,5120,1119,1609,2341,2874,albopictus
train_07879.jpeg,3000,4000,1057,1383,1523,1821,albopictus
train_07880.jpeg,2322,4128,625,1664,1579,2505,albopictus
train_07883.jpeg,1125,2001,378,903,735,1177,albopictus
train_07884.jpeg,1440,2560,409,924,1037,1524,albopictus
train_07887.jpeg,2448,3264,1322,1308,1674,1765,japonicus-koreicus
train_07890.jpeg,768,1024,252,604,355,699,anopheles
train_07893.jpeg,358,394,118,107,232,244,albopictus
train_07896.jpeg,289,356,14,41,256,341,albopictus
train_07907.jpeg,641,480,200,139,424,320,albopictus
train_07916.jpeg,1816,4032,321,2272,607,2518,albopictus
train_07919.jpeg,1514,1246,449,366,960,894,japonicus-koreicus
train_07921.jpeg,3024,4032,855,1108,1875,1860,culex
train_07923.jpeg,864,546,238,97,794,407,albopictus
train_07924.jpeg,1024,1820,202,731,528,1225,albopictus
train_07926.jpeg,1944,2592,772,983,1168,1951,albopictus
train_07931.jpeg,4032,3024,1158,837,2087,1838,anopheles
train_07932.jpeg,3024,4032,1381,2922,1806,3413,culex
train_07938.jpeg,3000,4000,1123,1044,2265,2641,albopictus
train_07940.jpeg,3024,4032,942,1447,2251,2973,albopictus
train_07949.jpeg,4160,3120,645,503,3024,3089,culex
train_07951.jpeg,4608,3456,1886,1301,3451,2540,culex
train_07952.jpeg,1024,1818,359,545,628,884,culex
train_07954.jpeg,3000,4000,1115,1778,2375,3016,japonicus-koreicus
train_07961.jpeg,1024,2163,392,441,917,999,culex
train_07965.jpeg,1280,960,517,331,683,531,albopictus
train_07967.jpeg,1623,1912,282,451,1299,1433,albopictus
train_07971.jpeg,3024,4032,1445,2531,2027,3007,albopictus
train_07972.jpeg,4032,3024,2503,1094,2881,1626,aegypti
train_07973.jpeg,3024,4032,386,1375,2612,2842,albopictus
train_07975.jpeg,2268,4032,843,1320,1103,1669,culex
train_07977.jpeg,3000,4000,879,1823,2355,2622,culex
train_07981.jpeg,2808,5616,524,2276,1767,3486,albopictus
train_07988.jpeg,776,777,255,136,508,439,culex
train_07996.jpeg,1024,1365,366,423,710,969,culex
train_08001.jpeg,3024,4032,1330,1398,1966,2309,albopictus
train_08003.jpeg,3024,4032,936,392,2231,2297,culex
train_08005.jpeg,1920,4160,1070,2619,1297,2864,albopictus
train_08017.jpeg,3264,2448,996,1055,1938,1981,albopictus
train_08019.jpeg,1560,720,540,83,996,518,albopictus
train_08020.jpeg,1629,1223,434,461,1122,787,albopictus
train_08022.jpeg,847,655,246,85,500,423,albopictus
train_08023.jpeg,3024,4032,812,982,1980,2049,culex
train_08025.jpeg,1024,1820,474,829,621,989,culex
train_08027.jpeg,1166,1492,469,835,761,1242,culex
train_08029.jpeg,768,1024,285,462,460,630,culex
train_08032.jpeg,352,548,56,186,272,394,japonicus-koreicus
train_08037.jpeg,4000,2250,1017,946,1349,1462,albopictus
train_08044.jpeg,2976,3968,623,1724,2029,3443,japonicus-koreicus
train_08054.jpeg,3024,4032,1183,1434,2207,2412,culex
train_08056.jpeg,3024,4032,1060,1843,1659,2377,albopictus
train_08064.jpeg,2976,3968,1575,2278,2119,2853,albopictus
train_08067.jpeg,2448,3264,1381,1504,1737,2124,albopictus
train_08068.jpeg,3024,4032,464,909,2831,2515,albopictus
train_08070.jpeg,1024,2216,429,769,953,1080,culex
train_08073.jpeg,4032,1960,1390,431,2136,1083,culex
train_08074.jpeg,4000,3000,1787,1051,2611,1818,culiseta
train_08078.jpeg,3024,4032,114,1404,1846,3513,albopictus
train_08080.jpeg,1024,2273,408,391,644,649,culex
train_08081.jpeg,2988,5312,443,1606,2820,3855,albopictus
train_08082.jpeg,4128,3096,1184,1610,2082,2424,albopictus
train_08085.jpeg,2448,3264,957,1899,1432,2583,culex
train_08089.jpeg,3000,4000,1054,1798,2286,2511,culex
train_08091.jpeg,1024,1365,325,890,525,1083,culex
train_08095.jpeg,3024,4032,1371,2202,1698,2445,albopictus
train_08096.jpeg,4032,3024,1204,334,2611,1875,albopictus
train_08098.jpeg,1440,2560,734,459,1401,1037,culex
train_08101.jpeg,3024,4032,1274,1859,1817,2352,culex
train_08111.jpeg,714,669,157,166,589,596,albopictus
train_08116.jpeg,1746,3104,716,1431,1231,2038,albopictus
train_08118.jpeg,1456,1133,188,166,1212,1073,japonicus-koreicus
train_08120.jpeg,3024,4032,1308,1990,1716,2358,culex
train_08125.jpeg,1024,1365,387,342,725,667,culex
train_08126.jpeg,768,1024,229,388,603,797,culex
train_08128.jpeg,1365,1024,526,480,940,827,culex
train_08129.jpeg,3024,4032,1153,1717,1544,2173,albopictus
train_08130.jpeg,653,653,175,153,439,426,albopictus
train_08136.jpeg,3024,4032,822,916,1924,1479,culex
train_08141.jpeg,1365,1024,248,275,1115,761,culex
train_08142.jpeg,1024,1365,239,243,839,827,culex
train_08149.jpeg,1024,1365,354,514,677,745,culex
train_08156.jpeg,1168,2592,382,1151,785,1522,albopictus
train_08158.jpeg,1125,1164,383,469,615,691,aegypti
train_08160.jpeg,2592,4608,454,1951,1810,3242,culex
train_08162.jpeg,3120,4160,1298,1612,1751,2262,culex
train_08165.jpeg,3000,4000,1029,722,2804,2389,albopictus
train_08166.jpeg,2250,4000,1078,1901,1505,2501,culex
train_08167.jpeg,3024,4032,1540,1774,2162,2308,albopictus
train_08173.jpeg,4160,3120,2466,1172,2831,1495,culex
train_08174.jpeg,3024,4032,786,1165,2087,2239,albopictus
train_08175.jpeg,3024,4032,1315,1716,1849,2159,albopictus
train_08177.jpeg,4608,3456,1353,1277,2920,2026,albopictus
train_08183.jpeg,2275,1024,265,174,1016,869,albopictus
train_08186.jpeg,3024,4032,766,1183,2715,3381,culex
train_08188.jpeg,2448,3264,1145,1519,1384,1794,culex
train_08189.jpeg,3024,4032,800,2027,1760,2912,japonicus-koreicus
train_08193.jpeg,4608,3456,2260,1406,2848,1999,culex
train_08194.jpeg,3024,4032,1057,1393,1871,2319,albopictus
train_08197.jpeg,1024,1365,163,578,658,1102,culex
train_08200.jpeg,3120,4160,1223,1665,1748,2078,albopictus
train_08209.jpeg,2600,4624,849,1616,1808,2101,albopictus
train_08214.jpeg,3120,4160,1365,2032,1820,2613,culex
train_08215.jpeg,1200,1600,558,822,695,946,albopictus
train_08222.jpeg,1746,3104,831,1436,961,1586,albopictus
train_08227.jpeg,3000,4000,1098,943,2766,2595,albopictus
train_08233.jpeg,3000,4000,1096,1533,1628,1989,albopictus
train_08234.jpeg,1024,1820,323,773,802,1243,culex
train_08236.jpeg,1816,4032,975,672,1604,1352,culex
train_08247.jpeg,1365,1024,574,390,711,516,culex
train_08251.jpeg,4032,3024,2115,1166,3116,1941,culex
train_08253.jpeg,3264,2448,1179,862,2221,1484,albopictus
train_08257.jpeg,3024,4032,1190,1698,1719,2200,culex
train_08258.jpeg,1024,2273,80,688,868,2157,anopheles
train_08259.jpeg,3120,4160,1545,1577,1956,2110,albopictus
train_08260.jpeg,1024,1024,248,451,452,594,culiseta
train_08266.jpeg,1500,2000,443,420,1153,1648,culex
train_08277.jpeg,768,1024,319,338,421,487,culex
train_08289.jpeg,4000,3000,2123,1382,2476,1710,culex
train_08291.jpeg,1024,1820,406,479,727,922,culex
train_08292.jpeg,2992,4000,404,1316,761,1727,albopictus
train_08300.jpeg,3024,4032,88,282,2866,3891,culex
train_08302.jpeg,3456,3456,609,91,3292,2000,culex
train_08305.jpeg,768,1024,161,396,331,563,culex
train_08307.jpeg,3456,4608,1565,2192,2054,2594,albopictus
train_08308.jpeg,1024,1365,416,698,651,882,culex
train_08311.jpeg,1365,1024,574,251,979,696,albopictus
train_08315.jpeg,4032,3024,918,408,2807,2519,culiseta
train_08320.jpeg,1365,1024,518,262,880,684,culex
train_08321.jpeg,1024,1365,423,532,515,662,albopictus
train_08322.jpeg,1024,1365,192,552,873,1195,albopictus
train_08326.jpeg,768,1024,122,308,456,563,culex
train_08331.jpeg,1800,4000,171,855,1740,2645,culex
train_08336.jpeg,2736,4864,1334,2619,1935,3280,albopictus
train_08337.jpeg,4000,1824,944,267,2202,1266,culex
train_08344.jpeg,1600,1200,358,355,857,765,culex
train_08346.jpeg,4032,2268,1086,590,2205,1968,japonicus-koreicus
train_08354.jpeg,3024,4032,1464,1143,1943,1672,culex
train_08355.jpeg,960,540,231,8,654,450,albopictus
train_08365.jpeg,4032,3024,201,104,2772,2818,culex
train_08377.jpeg,2448,3264,667,1375,1973,3175,albopictus
train_08382.jpeg,1024,1365,175,309,491,567,albopictus
train_08383.jpeg,1024,1365,584,602,721,782,culex
train_08385.jpeg,4032,3024,1083,1503,1511,1841,culex
train_08393.jpeg,768,1024,323,516,429,605,culex
train_08396.jpeg,2304,2368,617,917,1353,1610,culex
train_08399.jpeg,768,1024,83,144,586,541,albopictus
train_08404.jpeg,5616,2808,1530,59,5594,2517,albopictus
train_08413.jpeg,3000,4000,1340,2926,1804,3483,albopictus
train_08414.jpeg,768,1024,284,273,381,393,albopictus
train_08433.jpeg,1610,1920,515,881,922,1266,albopictus
train_08435.jpeg,4000,2000,681,113,1657,969,culex
train_08436.jpeg,1932,2576,620,1114,1078,1770,albopictus
train_08438.jpeg,4032,2268,1435,267,2569,1259,albopictus
train_08439.jpeg,1420,1420,460,463,792,686,albopictus
train_08440.jpeg,768,1024,233,68,629,421,albopictus
train_08441.jpeg,768,1024,276,406,544,719,culex
train_08443.jpeg,3024,4032,1691,2435,1885,2681,culex
train_08444.jpeg,1800,4000,542,1437,1564,2543,culiseta
train_08445.jpeg,768,1024,132,296,627,855,culex
train_08446.jpeg,2268,4032,583,93,2250,2841,culiseta
train_08454.jpeg,485,415,87,36,382,292,albopictus
train_08455.jpeg,3024,4032,1332,1848,1578,2088,albopictus
train_08459.jpeg,4000,2000,1369,486,1830,992,albopictus
train_08460.jpeg,2088,4640,608,2118,1321,3078,albopictus
train_08461.jpeg,3264,1836,728,703,1635,1472,albopictus
train_08462.jpeg,3024,4032,1287,1709,1965,2216,culiseta
train_08470.jpeg,858,960,286,573,495,857,japonicus-koreicus
train_08478.jpeg,768,1024,235,474,451,672,culiseta
train_08484.jpeg,2304,4096,660,1572,1230,2135,culex
train_08485.jpeg,2448,3264,974,1052,1281,1401,aegypti
train_08486.jpeg,1800,4000,662,1522,1226,2283,japonicus-koreicus
train_08490.jpeg,1152,2048,455,802,697,1104,culex
train_08495.jpeg,3024,4032,1052,2011,1332,2255,albopictus
train_08499.jpeg,2448,3264,512,836,1771,2418,albopictus
train_08504.jpeg,640,1136,87,325,554,834,albopictus
train_08505.jpeg,4624,3472,1722,1394,2637,2079,culex
train_08506.jpeg,363,401,53,47,337,322,culiseta
train_08510.jpeg,1156,1063,327,340,818,909,culex
train_08511.jpeg,2218,4656,800,1752,1358,2309,culex
train_08517.jpeg,768,1024,263,415,535,690,culex
train_08522.jpeg,768,1024,274,205,605,663,albopictus
train_08527.jpeg,1808,4000,390,1018,1243,2315,albopictus
train_08536.jpeg,1024,1365,183,257,776,1042,culex
train_08539.jpeg,2268,4032,982,1669,1400,2112,albopictus
train_08540.jpeg,3024,4032,1092,1074,2179,2189,japonicus-koreicus
train_08544.jpeg,3024,4032,1013,1221,1993,2325,culex
train_08545.jpeg,768,1024,301,435,406,559,culex
train_08546.jpeg,2304,4096,1063,2132,1566,2813,albopictus
train_08549.jpeg,486,372,235,125,337,226,albopictus
train_08551.jpeg,575,695,66,43,515,612,culex
train_08554.jpeg,2620,4656,1142,1815,1406,2086,albopictus
train_08555.jpeg,2604,4624,811,984,1929,2883,culex
train_08556.jpeg,768,1024,370,394,440,465,albopictus
train_08563.jpeg,468,520,119,83,399,410,albopictus
train_08564.jpeg,665,738,175,159,559,547,culex
train_08566.jpeg,785,713,76,61,668,607,culex
train_08569.jpeg,1280,720,380,255,538,420,albopictus
train_08577.jpeg,5616,2808,950,424,4367,2140,culex
train_08579.jpeg,1932,2576,672,594,1376,1356,culex
train_08581.jpeg,2368,4208,649,2192,1183,2747,albopictus
train_08584.jpeg,1844,4000,375,1641,1205,2393,albopictus
train_08588.jpeg,878,589,349,156,571,326,albopictus
train_08589.jpeg,3024,4032,1302,1836,1849,2602,culex
train_08594.jpeg,2048,2048,705,850,1156,1115,albopictus
train_08596.jpeg,2988,5312,1207,3067,1723,3759,albopictus
train_08599.jpeg,1024,1820,490,848,657,1032,culex
train_08600.jpeg,3024,4032,1072,1822,1832,2728,culiseta
train_08606.jpeg,4608,3456,1020,603,3056,2848,japonicus-koreicus
train_08614.jpeg,3024,4032,1053,2354,1432,2692,culex
train_08619.jpeg,1166,2592,66,1364,702,1834,culiseta
train_08623.jpeg,1599,965,645,284,1003,727,culex
train_08631.jpeg,768,1024,187,245,619,829,albopictus
train_08636.jpeg,3024,4032,970,2317,1248,2791,albopictus
train_08637.jpeg,768,1024,18,227,624,765,albopictus
train_08640.jpeg,2136,4624,665,1869,1332,2352,culex
train_08641.jpeg,1024,1365,501,416,640,654,japonicus-koreicus
train_08645.jpeg,1200,1600,678,506,990,763,culex
train_08646.jpeg,1160,1312,358,368,722,713,albopictus
train_08647.jpeg,736,1600,52,533,682,1258,culex
train_08650.jpeg,3024,4032,1212,1634,1760,2196,albopictus
train_08653.jpeg,1024,1365,343,653,683,977,albopictus
train_08658.jpeg,3024,4032,1185,1408,1854,2407,culex
train_08659.jpeg,900,1600,334,477,563,761,albopictus
train_08661.jpeg,3024,4032,168,328,2937,3428,culex
train_08663.jpeg,1024,1365,350,489,668,863,culex
train_08666.jpeg,3024,4032,236,915,2562,3081,albopictus
train_08668.jpeg,3000,4000,1062,2189,1382,2466,albopictus
train_08672.jpeg,1302,1105,462,244,785,663,albopictus
train_08677.jpeg,1800,4000,676,1950,975,2312,culex
train_08680.jpeg,1024,1365,466,699,665,835,culex
train_08683.jpeg,2368,5120,873,2119,2353,4332,japonicus-koreicus
train_08696.jpeg,2448,3264,160,565,1150,1472,albopictus
train_08697.jpeg,1024,2221,403,469,934,1014,culex
train_08701.jpeg,720,1600,212,535,393,791,albopictus
train_08703.jpeg,1456,2592,677,1161,880,1431,albopictus
train_08704.jpeg,3648,2736,616,249,1970,2431,albopictus
train_08705.jpeg,1920,2560,896,1243,1095,1414,albopictus
train_08707.jpeg,3024,4032,1034,1676,1430,2082,albopictus
train_08709.jpeg,384,848,0,44,367,489,albopictus
train_08713.jpeg,497,509,52,63,403,400,albopictus
train_08730.jpeg,2084,4624,789,1969,1426,2735,culex
train_08731.jpeg,768,1024,373,352,544,474,culex
train_08733.jpeg,1479,1482,274,381,880,1132,culex
train_08737.jpeg,512,1024,174,501,269,618,culex
train_08745.jpeg,768,1024,171,402,433,647,culiseta
train_08755.jpeg,4000,3000,1500,1223,1769,1423,japonicus-koreicus
train_08761.jpeg,768,1024,212,395,667,694,culex
train_08766.jpeg,2448,5120,779,2202,1750,2963,culex
train_08769.jpeg,1217,1037,507,342,727,696,albopictus
train_08772.jpeg,3024,4032,734,1342,1788,2220,culex
train_08774.jpeg,1458,2592,596,494,1059,964,albopictus
train_08784.jpeg,1951,2729,339,260,1589,2226,japonicus-koreicus
train_08788.jpeg,4032,2268,1820,630,3066,1382,culex
train_08794.jpeg,3024,4032,1051,1663,1595,2189,culex
train_08795.jpeg,2448,3264,1242,1472,1482,1748,culex
train_08796.jpeg,3000,4000,902,2126,1727,2826,anopheles
train_08798.jpeg,3024,4032,1381,924,2861,2658,albopictus
train_08799.jpeg,4160,2340,1627,946,2041,1455,albopictus
train_08806.jpeg,1535,1533,648,600,886,850,albopictus
train_08808.jpeg,2268,4032,617,1796,1062,2203,culex
train_08812.jpeg,1477,1326,22,332,1109,987,culex
train_08813.jpeg,4128,2322,1329,379,2873,1837,albopictus
train_08814.jpeg,1816,4032,118,609,1809,2667,culex
train_08815.jpeg,900,1600,104,612,552,916,culiseta
train_08821.jpeg,3000,4000,1650,3272,2024,3643,albopictus
train_08824.jpeg,2448,3264,1135,1554,1607,1955,albopictus
train_08825.jpeg,3024,4032,1259,1395,1658,1955,culex
train_08831.jpeg,1960,4032,798,1504,1135,1984,culex
train_08833.jpeg,1490,1882,485,806,677,1093,albopictus
train_08841.jpeg,768,1024,126,413,573,807,culex
train_08848.jpeg,409,409,128,159,216,240,albopictus
train_08849.jpeg,3000,4000,1081,1271,2285,2440,culex
train_08852.jpeg,522,294,174,11,370,238,culex
train_08853.jpeg,3456,3456,1063,1068,2654,1889,culiseta
train_08854.jpeg,3024,4032,1397,2272,2231,3046,anopheles
train_08856.jpeg,3120,4160,599,1090,2147,2618,albopictus
train_08859.jpeg,3000,4000,1384,2161,1693,2475,albopictus
train_08862.jpeg,1816,4032,608,1908,852,2184,albopictus
train_08865.jpeg,1200,1600,295,383,639,777,japonicus-koreicus
train_08869.jpeg,768,1024,72,509,330,826,culex
train_08873.jpeg,2592,4608,1310,1420,1933,2074,culex
train_08875.jpeg,3120,4160,1183,1858,2085,2835,albopictus
train_08876.jpeg,768,1024,302,566,439,738,albopictus
train_08877.jpeg,768,1024,235,396,506,721,albopictus
train_08884.jpeg,3024,4032,1045,1451,1895,2405,culex
train_08886.jpeg,768,1024,287,341,409,519,culex
train_08892.jpeg,2268,4032,609,1626,1384,2392,albopictus
train_08894.jpeg,768,1024,248,454,373,601,culex
train_08897.jpeg,516,610,184,196,418,473,culex
train_08900.jpeg,1273,2063,524,1008,902,1282,culex
train_08904.jpeg,2448,3264,940,1323,1515,2073,culiseta
train_08905.jpeg,768,1024,217,507,627,800,culiseta
train_08912.jpeg,3024,4032,143,818,2556,3489,culex
train_08915.jpeg,640,469,98,76,485,342,albopictus
train_08921.jpeg,1365,1024,551,463,722,595,culex
train_08925.jpeg,2560,1440,1275,640,1384,782,albopictus
train_08926.jpeg,750,750,44,31,715,726,anopheles
train_08934.jpeg,1920,2560,844,1189,1046,1459,albopictus
train_08935.jpeg,1526,1403,776,579,1016,912,albopictus
train_08936.jpeg,768,1024,99,210,707,758,culex
train_08939.jpeg,3024,4032,831,2620,1362,3078,culex
train_08940.jpeg,2160,2160,1289,1028,1642,1306,albopictus
train_08941.jpeg,1280,720,159,12,889,649,culex
train_08946.jpeg,3024,4032,1083,2659,1484,3186,culex
train_08949.jpeg,1920,1920,904,850,1186,1223,albopictus
train_08953.jpeg,1928,1642,514,64,1389,1105,albopictus
train_08954.jpeg,4032,3024,516,252,2695,2572,albopictus
train_08961.jpeg,1256,1997,441,835,996,1225,albopictus
train_08962.jpeg,768,1024,304,457,475,584,culex
train_08967.jpeg,3024,4032,1426,2758,2211,3432,culex
train_08969.jpeg,2688,1512,727,57,2176,1290,culex
train_08970.jpeg,792,1056,246,192,591,770,albopictus
train_08975.jpeg,1078,1280,320,345,747,860,culex
train_08976.jpeg,3264,1836,1365,903,1814,1321,albopictus
train_08978.jpeg,720,1600,178,360,492,726,albopictus
train_08983.jpeg,1272,1207,473,407,774,768,culex
train_08985.jpeg,3024,4032,1346,1583,1861,2299,culex
train_08986.jpeg,1956,4128,643,2151,1314,2813,culiseta
train_08987.jpeg,1200,1599,515,932,690,1144,culex
train_08991.jpeg,768,1024,330,474,492,625,culex
train_08998.jpeg,1024,1818,395,829,532,956,culex
train_09000.jpeg,5616,2808,1006,53,4202,2136,culex
train_09002.jpeg,3000,4000,624,1106,2175,2244,culex
train_09005.jpeg,737,736,272,152,688,423,culex
train_09015.jpeg,768,1024,298,298,439,426,culex
train_09018.jpeg,768,1024,116,462,416,629,culex
train_09024.jpeg,4032,1908,1187,696,1586,1198,culex
train_09032.jpeg,3000,4000,1417,1814,1791,2077,culex
train_09036.jpeg,3096,4128,1760,1111,2251,1550,culex
train_09041.jpeg,2592,1944,808,466,2035,1185,culex
train_09042.jpeg,3000,4000,1220,1372,1972,2464,albopictus
train_09050.jpeg,1230,1231,392,364,853,997,albopictus
train_09055.jpeg,2163,1024,661,333,1165,687,culex
train_09060.jpeg,3024,4032,1078,1623,2036,2658,albopictus
train_09061.jpeg,3024,2286,300,573,1582,1661,albopictus
train_09068.jpeg,1440,2560,194,635,699,1166,culex
train_09069.jpeg,4160,3120,1778,1469,2322,2028,albopictus
train_09078.jpeg,3936,5248,2307,2001,3127,2868,albopictus
train_09081.jpeg,1080,2340,119,80,1020,1622,albopictus
train_09085.jpeg,1160,2576,449,1099,735,1484,culex
train_09090.jpeg,3024,4032,1123,1885,1383,2090,culex
train_09091.jpeg,952,770,188,36,861,718,culex
train_09097.jpeg,1024,1365,370,688,694,929,japonicus-koreicus
train_09099.jpeg,1024,1365,0,248,825,1365,albopictus
train_09100.jpeg,5616,2808,1371,0,4203,2504,culex
train_09105.jpeg,3024,4032,409,1581,1881,3348,japonicus-koreicus
train_09109.jpeg,3024,4032,1059,1870,1745,2836,japonicus-koreicus
train_09111.jpeg,768,1024,388,455,478,558,culex
train_09119.jpeg,3024,4032,1749,2477,2290,2976,culex
train_09121.jpeg,856,1140,194,423,633,788,culex
train_09123.jpeg,3456,4608,1110,1300,2217,2227,culex
train_09128.jpeg,4312,5760,1584,2102,2507,3083,culex
train_09135.jpeg,768,1024,343,487,435,569,culex
train_09137.jpeg,1024,1820,120,498,770,908,culex
train_09142.jpeg,5312,2988,616,1045,2411,2503,japonicus-koreicus
train_09149.jpeg,768,1024,299,427,553,666,albopictus
train_09154.jpeg,1024,937,107,99,986,869,culiseta
train_09155.jpeg,933,867,358,386,581,601,albopictus
train_09156.jpeg,3024,4032,999,1894,2252,2759,culex
train_09157.jpeg,1749,1733,604,615,1052,1138,albopictus
train_09166.jpeg,1960,4032,677,1562,1364,2158,albopictus
train_09171.jpeg,1024,1365,351,677,564,874,culex
train_09174.jpeg,1932,2576,612,1276,1072,1662,culex
train_09185.jpeg,1721,1706,621,698,1047,1028,culex
train_09189.jpeg,1273,1347,187,258,1099,939,albopictus
train_09190.jpeg,1820,1024,829,309,1104,541,culex
train_09194.jpeg,1932,1953,391,235,1703,1669,albopictus
train_09197.jpeg,768,1024,168,219,561,756,culiseta
train_09198.jpeg,1140,1682,346,528,723,1041,culex
train_09201.jpeg,3024,4032,49,704,2242,3346,albopictus
train_09202.jpeg,3096,4128,646,1537,2775,3044,albopictus
train_09206.jpeg,768,1024,80,285,390,618,anopheles
train_09208.jpeg,622,829,86,251,546,606,culex
train_09214.jpeg,4608,3456,877,759,2777,3114,culex
train_09219.jpeg,2160,3840,837,1434,1201,1783,albopictus
train_09221.jpeg,768,1024,325,471,486,640,culex
train_09223.jpeg,1824,4000,562,1956,1008,2368,culex
train_09224.jpeg,3120,4160,1649,3217,2298,3873,japonicus-koreicus
train_09225.jpeg,5312,2988,1593,34,4499,2727,albopictus
train_09227.jpeg,2129,1024,437,386,880,791,culex
train_09228.jpeg,1276,1611,246,373,1046,1438,albopictus
train_09241.jpeg,767,1024,198,381,543,774,albopictus
train_09242.jpeg,734,801,259,259,384,459,albopictus
train_09251.jpeg,3024,4032,869,1017,2019,2588,japonicus-koreicus
train_09252.jpeg,768,1024,344,333,421,438,culex
train_09258.jpeg,768,1024,293,620,460,773,culex
train_09260.jpeg,3024,4032,921,1441,1673,2571,culex
train_09261.jpeg,1789,1602,682,602,1060,1036,albopictus
train_09262.jpeg,4000,3000,1545,1367,2185,2054,albopictus
train_09265.jpeg,3024,4032,705,1216,2324,2707,albopictus
train_09268.jpeg,3000,4000,1063,1610,2203,2825,albopictus
train_09270.jpeg,4032,3024,1033,129,3132,1934,culex
train_09282.jpeg,768,1024,273,358,378,495,culex
train_09289.jpeg,2304,4608,571,2028,1263,2643,albopictus
train_09296.jpeg,3120,4160,807,2669,1571,3479,albopictus
train_09298.jpeg,2448,3264,1301,1497,1583,1858,albopictus
train_09304.jpeg,1024,1365,499,890,641,1014,culex
train_09308.jpeg,1960,4032,542,2219,1057,2626,culex
train_09311.jpeg,627,628,270,217,364,370,albopictus
train_09317.jpeg,660,720,98,377,272,599,albopictus
train_09320.jpeg,768,1024,215,355,475,568,culex
train_09325.jpeg,1502,1797,375,290,1102,1469,culex
train_09330.jpeg,768,1024,318,535,402,598,albopictus
train_09337.jpeg,1365,1024,655,242,1007,770,culex
train_09338.jpeg,1365,1024,425,389,636,679,albopictus
train_09353.jpeg,3024,4032,872,850,2307,2497,culex
train_09354.jpeg,1396,1597,580,732,867,1049,culex
train_09362.jpeg,4032,3024,1486,1171,2120,1757,anopheles
train_09365.jpeg,2129,1024,1193,69,1468,522,culex
train_09367.jpeg,544,820,128,354,336,657,albopictus
train_09370.jpeg,1325,1853,304,1195,875,1705,culex
train_09373.jpeg,2988,5312,1316,2502,1617,2779,albopictus
train_09379.jpeg,3120,4160,963,1450,2039,2690,albopictus
train_09380.jpeg,768,1024,335,503,465,649,culex
train_09382.jpeg,2592,4608,609,637,2089,3252,japonicus-koreicus
train_09383.jpeg,1365,1024,655,407,751,549,albopictus
train_09384.jpeg,751,1132,227,508,499,825,albopictus
train_09386.jpeg,768,1024,304,502,500,696,culex
train_09394.jpeg,3024,4032,692,838,1746,1777,albopictus
train_09397.jpeg,1080,2340,259,754,735,1419,albopictus
train_09399.jpeg,2448,3264,316,634,1923,2106,albopictus
train_09400.jpeg,1683,1441,546,459,1097,938,culex
train_09404.jpeg,920,2000,301,749,684,1284,culex
train_09405.jpeg,736,1600,310,663,506,887,culex
train_09408.jpeg,3000,4000,269,1328,2301,2968,culex
train_09410.jpeg,2257,2773,291,280,2003,2309,culex
train_09411.jpeg,1024,1365,169,381,801,911,culex
train_09415.jpeg,1024,1365,263,562,789,1016,albopictus
train_09426.jpeg,2304,4096,1328,1793,1605,2144,albopictus
train_09427.jpeg,1939,2351,466,246,1549,1716,culex
train_09434.jpeg,768,1024,260,445,665,767,culex
train_09437.jpeg,2205,2092,906,957,1334,1383,albopictus
train_09443.jpeg,4000,3000,789,11,2487,2153,culex
train_09448.jpeg,4160,2340,1343,0,2826,1489,albopictus
train_09450.jpeg,1080,2280,118,553,967,1517,albopictus
train_09453.jpeg,3468,4624,616,2474,2511,3274,albopictus
train_09454.jpeg,4032,3024,1388,811,2844,2245,albopictus
train_09458.jpeg,1816,4032,6,1577,1154,2334,japonicus-koreicus
train_09460.jpeg,4032,3024,2088,1253,3351,2076,albopictus
train_09468.jpeg,1964,2237,358,627,1313,1722,culex
train_09474.jpeg,2160,2160,855,845,1198,1239,culex
train_09486.jpeg,768,1024,129,155,569,762,culex
train_09489.jpeg,2448,3264,736,869,1573,2097,albopictus
train_09496.jpeg,768,1024,237,422,752,948,albopictus
train_09497.jpeg,3000,4000,449,370,2284,2545,culiseta
train_09502.jpeg,1504,1207,194,287,996,1132,albopictus
train_09503.jpeg,1790,1862,375,114,1331,1724,albopictus
train_09504.jpeg,960,1280,37,470,958,1208,culex
train_09511.jpeg,3000,4000,1193,1882,1703,2489,albopictus
train_09512.jpeg,3000,4000,923,1254,1589,2061,culex
train_09519.jpeg,768,1024,198,211,744,715,albopictus
train_09524.jpeg,2448,3264,714,1282,1318,1998,albopictus
train_09532.jpeg,3496,4656,1542,1507,2293,2222,culex
train_09537.jpeg,1024,1365,320,594,495,745,culex
train_09538.jpeg,3024,4032,813,1444,1497,2170,culex
train_09539.jpeg,3024,4032,1459,2415,1899,2905,culex
train_09543.jpeg,2304,4096,766,1557,1629,2190,japonicus-koreicus
train_09547.jpeg,1024,706,306,262,559,457,culex
train_09552.jpeg,540,960,136,394,421,634,culex
train_09558.jpeg,460,1024,167,292,301,482,culex
train_09561.jpeg,1024,1363,379,672,508,849,culex
train_09563.jpeg,3024,4032,1115,2091,1584,2574,culex
train_09569.jpeg,1024,2163,301,771,651,1057,culex
train_09570.jpeg,3024,4032,1168,1414,2061,2288,albopictus
train_09571.jpeg,1024,1365,71,153,206,282,culex
train_09576.jpeg,2448,3264,1029,1065,1491,1552,albopictus
train_09579.jpeg,3024,4032,1111,2008,1881,2539,culex
train_09580.jpeg,1024,1365,335,652,625,827,albopictus
train_09582.jpeg,768,1024,289,424,454,637,culex
train_09583.jpeg,3024,4032,618,1559,1770,2770,culex
train_09590.jpeg,2592,1168,895,356,1674,915,albopictus
train_09591.jpeg,4128,3096,1454,0,2518,1324,aegypti
train_09592.jpeg,1450,1761,547,598,803,951,culex
train_09593.jpeg,3024,4032,888,1493,1608,2337,albopictus
train_09597.jpeg,1024,1365,65,205,877,828,culex
train_09600.jpeg,2448,3264,852,1181,1542,2060,culex
train_09610.jpeg,3840,5120,1142,1358,2356,2889,culex
train_09614.jpeg,4032,3024,2267,600,3143,1432,culex
train_09617.jpeg,2448,3264,799,1403,1529,2077,albopictus
train_09618.jpeg,3024,4032,1269,1637,1703,2231,culex
train_09620.jpeg,1024,1365,24,62,962,1128,culex
train_09621.jpeg,3456,4608,1343,2294,1997,2916,culex
train_09625.jpeg,3024,4032,1300,2149,1832,2706,culex
train_09628.jpeg,3024,4032,1314,1632,1831,2098,albopictus
train_09632.jpeg,1118,1352,490,367,788,739,albopictus
train_09634.jpeg,768,1024,254,562,348,658,culex
train_09637.jpeg,734,1304,313,641,482,815,albopictus
train_09640.jpeg,768,1024,321,532,411,592,culex
train_09644.jpeg,1744,3648,540,1481,1042,2250,culex
train_09647.jpeg,1728,3072,560,1659,850,2126,albopictus
train_09650.jpeg,1920,1080,765,485,1143,784,albopictus
train_09653.jpeg,3000,4000,1029,2503,2786,3883,albopictus
train_09660.jpeg,768,1024,291,331,463,575,culex
train_09670.jpeg,5616,2808,934,145,3582,2420,albopictus
train_09677.jpeg,1440,2560,311,745,869,1297,japonicus-koreicus
train_09678.jpeg,3024,4032,1369,2004,1673,2375,culex
train_09679.jpeg,1024,2275,459,992,687,1266,albopictus
train_09685.jpeg,1200,1600,586,623,841,896,albopictus
train_09689.jpeg,3024,4032,711,2145,1437,2867,albopictus
train_09695.jpeg,2448,3264,915,1264,1383,1814,albopictus
train_09696.jpeg,4000,3000,1803,1412,2156,1833,culex
train_09698.jpeg,3024,4032,1449,1690,1756,1975,albopictus
train_09702.jpeg,4032,3024,1571,1433,1979,1806,culex
train_09705.jpeg,1795,2014,427,249,1596,1469,albopictus
train_09736.jpeg,1253,1376,504,402,840,796,albopictus
train_09737.jpeg,1024,1365,367,502,543,693,culex
train_09744.jpeg,2448,2448,1030,1219,1296,1517,albopictus
train_09747.jpeg,1024,1365,292,566,642,825,culex
train_09753.jpeg,1024,1365,144,687,443,988,albopictus
train_09757.jpeg,1024,1365,160,271,613,583,culiseta
train_09760.jpeg,4032,3024,493,561,1084,1040,culex
train_09761.jpeg,768,1024,121,317,572,783,culex
train_09764.jpeg,768,1024,242,354,668,699,culex
train_09767.jpeg,3000,4000,552,1191,2256,3066,albopictus
train_09769.jpeg,1816,4032,565,1865,863,2139,culex
train_09770.jpeg,1932,2576,941,1209,1474,1590,albopictus
train_09781.jpeg,915,1061,336,333,526,571,albopictus
train_09785.jpeg,989,833,229,262,797,651,culex
train_09788.jpeg,1746,3104,759,1371,966,1586,albopictus
train_09789.jpeg,3024,4032,1069,1372,1593,1926,albopictus
train_09791.jpeg,1024,1365,268,627,522,838,albopictus
train_09795.jpeg,1024,1820,232,753,458,976,culex
train_09799.jpeg,3456,4608,412,1468,2864,3509,culiseta
train_09814.jpeg,3264,2448,1106,1595,1556,2067,albopictus
train_09816.jpeg,582,955,54,172,484,638,albopictus
train_09817.jpeg,1024,1365,199,110,694,741,culex
train_09824.jpeg,1535,2020,369,701,810,1450,culiseta
train_09825.jpeg,3024,4032,1283,2046,1896,2552,albopictus
train_09832.jpeg,2448,3264,777,1200,2206,2398,albopictus
train_09833.jpeg,1024,1365,296,85,926,805,culex
train_09836.jpeg,1536,2048,509,488,1198,1373,albopictus
train_09837.jpeg,3120,4160,1239,1708,1873,2302,albopictus
train_09838.jpeg,1080,2400,228,697,686,1391,albopictus
train_09843.jpeg,2368,4208,1255,1773,1653,2217,albopictus
train_09849.jpeg,4208,3120,1575,1169,3263,2989,albopictus
train_09850.jpeg,3024,4032,784,1170,2121,2358,culex
train_09852.jpeg,3024,4032,1216,1648,1886,2547,culex
train_09865.jpeg,886,1037,119,159,609,928,culex
train_09866.jpeg,768,1024,391,556,474,647,albopictus
train_09869.jpeg,2448,3264,607,880,1754,1647,albopictus
train_09875.jpeg,3120,4160,1832,1775,2314,2354,albopictus
train_09876.jpeg,5616,2808,623,80,3877,2436,albopictus
train_09881.jpeg,3472,3472,446,134,2819,2995,culex
train_09896.jpeg,4608,2592,2301,785,2711,1318,albopictus
train_09903.jpeg,3024,4032,1131,1597,2219,2611,culex
train_09909.jpeg,3000,4000,712,216,3000,3554,culex
train_09912.jpeg,3024,4032,1278,1760,1632,2151,albopictus
train_09913.jpeg,3024,4032,156,322,2857,3955,culex
train_09916.jpeg,2188,2166,598,245,1740,1562,culex
train_09917.jpeg,1024,1820,221,554,361,713,culex
train_09930.jpeg,1627,2617,577,1066,1090,1621,culex
train_09935.jpeg,2176,4608,509,1928,1355,2664,japonicus-koreicus
train_09943.jpeg,3000,3000,1225,1216,1754,1998,culex
train_09948.jpeg,662,661,17,121,430,531,albopictus
train_09952.jpeg,1173,1208,323,380,896,704,albopictus
train_09954.jpeg,768,1024,202,139,574,569,albopictus
train_09957.jpeg,3120,4160,1272,931,2556,2873,culex
train_09962.jpeg,2268,4032,746,1341,1407,2129,anopheles
train_09963.jpeg,2176,4608,48,956,1915,2381,albopictus
train_09964.jpeg,1024,1365,404,620,595,767,culex
train_09969.jpeg,768,1024,247,495,338,581,albopictus
train_09977.jpeg,2160,3840,562,1090,1257,1733,culiseta
train_09984.jpeg,640,960,89,269,508,651,albopictus
train_09985.jpeg,1024,1365,248,744,615,953,culex
train_09991.jpeg,1200,1600,425,611,654,890,albopictus
train_09995.jpeg,1024,1365,311,421,736,878,culiseta
train_09996.jpeg,3024,4032,1104,1717,2030,2443,culex
train_09998.jpeg,2808,5616,178,1908,2451,4116,albopictus
train_10009.jpeg,3024,4032,954,1534,1855,2595,albopictus
train_10012.jpeg,2448,3264,458,500,1831,2475,albopictus
train_10013.jpeg,4032,3024,2158,1377,2492,1669,culex
train_10015.jpeg,636,221,406,24,610,190,albopictus
train_10016.jpeg,1365,1024,52,5,1075,666,culex
train_10017.jpeg,1365,1024,500,270,755,536,albopictus
train_10023.jpeg,1024,1368,293,144,831,846,culex
train_10027.jpeg,4032,3024,1485,884,2035,1602,culex
train_10033.jpeg,3120,4160,636,1498,2409,2730,albopictus
train_10034.jpeg,768,1024,238,298,564,816,culiseta
train_10038.jpeg,768,1024,266,376,472,634,culex
train_10050.jpeg,1125,2436,290,1022,794,1644,culex
train_10057.jpeg,4608,2240,2055,644,2936,1189,culex
train_10067.jpeg,2620,4656,606,1603,1786,2614,culiseta
train_10070.jpeg,3024,4032,1268,2055,1921,2557,culex
train_10076.jpeg,768,1024,280,427,411,541,culex
train_10077.jpeg,1024,1365,461,347,648,597,albopictus
train_10080.jpeg,631,722,95,115,542,500,albopictus
train_10088.jpeg,2448,3264,619,1023,1515,2198,albopictus
train_10090.jpeg,3936,5248,908,1989,2244,4116,albopictus
train_10091.jpeg,4000,1844,1268,334,2438,1333,culex
train_10092.jpeg,768,1024,6,86,533,721,culex
train_10099.jpeg,1365,1024,142,137,1113,939,culex
train_10100.jpeg,1440,2560,289,1106,594,1390,albopictus
train_10112.jpeg,2078,1661,217,342,1659,1256,culex
train_10118.jpeg,828,990,196,287,665,834,culex
train_10125.jpeg,3000,4000,656,1236,2252,2647,albopictus
train_10126.jpeg,3840,5120,721,1539,2819,3971,japonicus-koreicus
train_10127.jpeg,1024,1365,285,640,556,873,albopictus
train_10129.jpeg,1600,1200,187,292,1276,931,culex
train_10133.jpeg,964,1087,305,410,672,709,culex
train_10136.jpeg,3024,4032,1476,2868,2069,3337,culex
train_10137.jpeg,2268,4032,683,958,1422,1863,albopictus
train_10140.jpeg,768,1024,121,302,591,798,culex
train_10150.jpeg,720,1600,291,524,439,726,albopictus
train_10152.jpeg,1024,1365,147,320,820,1043,albopictus
train_10155.jpeg,2988,5312,1281,2536,1948,3341,albopictus
train_10158.jpeg,3024,4032,1208,1827,1757,2429,albopictus
train_10159.jpeg,1160,2576,475,945,847,1201,albopictus
train_10160.jpeg,1816,4032,821,1747,1312,2334,culex
train_10163.jpeg,2160,3840,790,868,1195,1266,albopictus
train_10167.jpeg,1024,1365,571,372,764,608,culex
train_10168.jpeg,1365,1024,508,688,667,832,culex
train_10172.jpeg,900,1600,419,261,701,697,albopictus
train_10174.jpeg,1365,1024,682,535,845,740,culex
train_10175.jpeg,1024,1365,515,539,673,713,culex
train_10178.jpeg,2140,4640,811,1897,1034,2067,albopictus
train_10179.jpeg,4000,3000,1328,573,2674,1827,albopictus
train_10183.jpeg,1600,989,666,329,1004,749,culex
train_10185.jpeg,1092,1664,423,360,565,718,albopictus
train_10189.jpeg,1024,1024,308,629,458,791,culex
train_10206.jpeg,1747,2324,690,930,1023,1257,culex
train_10207.jpeg,1024,1365,411,701,601,902,culex
train_10208.jpeg,1024,1365,452,680,745,894,albopictus
train_10212.jpeg,2160,3840,897,1527,1394,1870,albopictus
train_10220.jpeg,2560,1920,1272,785,1722,1110,albopictus
train_10221.jpeg,1200,1600,414,830,803,1211,albopictus
train_10222.jpeg,1024,1365,211,331,483,1076,culiseta
train_10224.jpeg,733,1024,319,427,710,720,albopictus
train_10226.jpeg,993,604,45,117,714,514,albopictus
train_10227.jpeg,3264,1836,1464,506,1891,883,albopictus
train_10228.jpeg,768,1024,344,482,475,651,culex
train_10231.jpeg,534,492,138,72,451,437,albopictus
train_10239.jpeg,720,1280,188,501,543,897,albopictus
train_10240.jpeg,1024,1820,508,648,904,945,culex
train_10242.jpeg,2448,3264,1140,1296,1627,1785,culex
train_10245.jpeg,3120,4160,1374,1292,2184,1979,albopictus
train_10255.jpeg,768,1024,81,371,419,900,culex
train_10257.jpeg,4160,3120,2128,1074,2999,1901,albopictus
train_10261.jpeg,3024,4032,1209,2038,2064,2912,albopictus
train_10264.jpeg,3024,4032,908,1787,1837,2808,culex
train_10276.jpeg,2448,3264,942,1046,1249,1603,albopictus
train_10281.jpeg,1816,4032,744,1844,1107,2269,culex
train_10282.jpeg,1024,1365,58,366,988,1163,culex
train_10289.jpeg,862,645,184,168,524,465,albopictus
train_10293.jpeg,3024,4032,505,790,1215,1655,culiseta
train_10294.jpeg,3000,4000,622,745,1645,2835,culex
train_10296.jpeg,1024,1820,514,691,704,924,culex
train_10297.jpeg,899,1599,109,541,842,995,albopictus
train_10300.jpeg,768,1024,257,360,482,637,culex
train_10302.jpeg,3024,4032,1261,1586,1940,2294,albopictus
train_10303.jpeg,4032,2268,1589,723,2927,1813,albopictus
train_10306.jpeg,2736,3648,274,701,2148,2270,culex
train_10311.jpeg,1191,1089,560,380,921,961,culiseta
train_10322.jpeg,768,1024,333,323,684,624,culex
train_10323.jpeg,768,1024,209,288,479,581,culex
train_10324.jpeg,768,1024,351,422,470,554,culex
train_10325.jpeg,1600,1200,584,434,927,737,japonicus-koreicus
train_10327.jpeg,4032,3024,1810,1188,2254,1541,culex
train_10336.jpeg,1024,1365,165,400,890,1017,culex
train_10337.jpeg,3024,4032,1843,1427,2729,2386,culiseta
train_10338.jpeg,3072,4080,834,1443,2497,2670,japonicus-koreicus
train_10343.jpeg,1024,1365,274,563,536,782,japonicus-koreicus
train_10350.jpeg,3024,3024,1529,1291,1983,2207,albopictus
train_10353.jpeg,2664,3996,821,1481,1564,2706,albopictus
